pl_name,hostname,pl_orbper,pl_orbsmax,pl_rade,pl_bmasse,pl_eqt,st_teff,discoverymethod,disc_year
Kepler-1597 b,Kepler-1597,2.94654179,0.04136,1.06,1.2,1497.0,6377.0,Transit,2016
Kepler-687 b,Kepler-687,20.50586978,0.1326,3.52,12.2,518.0,4841.0,Transit,2016
Kepler-1596 b,Kepler-1596,66.373379,0.3237,1.9,4.27,471.0,5706.0,Transit,2016
Kepler-692 b,Kepler-692,21.81293494,0.1495,3.11,9.85,639.0,5440.0,Transit,2016
Kepler-150 c,Kepler-150,7.381998,0.073,3.69,13.2,876.0,5560.0,Transit,2014
Kepler-1494 b,Kepler-1494,91.080482,0.3982,3.07,9.64,415.0,5659.0,Transit,2016
Kepler-1502 b,Kepler-1502,41.7083629,0.2482,3.18,10.2,608.0,6666.0,Transit,2016
Kepler-1490 b,Kepler-1490,92.4362973,0.3729,3.04,9.48,348.0,5515.0,Transit,2016
Kepler-1491 b,Kepler-1491,16.5861762,0.127,1.51,2.89,821.0,5728.0,Transit,2016
Kepler-171 b,Kepler-171,4.166972,0.05,2.34,6.08,1053.0,5642.0,Transit,2014
Kepler-1926 b,Kepler-1926,42.87770081,0.2197,2.31495961,5.97,451.0,5256.0,Transit,2021
Kepler-1631 b,Kepler-1631,4.09513932,0.0511,1.35,2.39,1122.0,5679.0,Transit,2016
KOI-1599.02,KOI-1599,13.6088,0.112293,1.9,9.0,755.0,5833.0,Transit,2019
Kepler-719 b,Kepler-719,5.007317779,0.0556,8.52,54.5,998.0,5777.0,Transit,2016
Kepler-734 b,Kepler-734,6.104852856,0.0583,3.56,12.4,784.0,5326.0,Transit,2016
Kepler-1408 b,Kepler-1408,2.99793191,0.04218,0.89,0.64,1616.0,6170.0,Transit,2016
Kepler-1427 b,Kepler-1427,0.968972376,0.0197,1.1,1.37,1844.0,5793.0,Transit,2016
Kepler-1665 b,Kepler-1665,11.9548,0.096,2.83910787,8.44,906.0,5049.84,Transit,2020
Kepler-342 e,Kepler-342,1.644224613,0.02909,0.88,0.615,1897.0,6366.0,Transit,2016
Kepler-267 b,Kepler-267,3.353728,0.037,1.98,37.9,615.0,4258.0,Transit,2014
Kepler-1738 b,Kepler-1738,7.674630165,0.0781,2.82472883,8.37,957.0,6063.0,Transit,2021
Kepler-746 b,Kepler-746,3.48159251,0.0435,1.11,1.41,1156.0,5418.0,Transit,2016
Kepler-760 b,Kepler-760,8.70419416,0.08087,3.06,9.59,748.0,5322.0,Transit,2016
Kepler-272 c,Kepler-272,6.057342,0.061,1.79,97.8,947.0,5297.0,Transit,2014
Kepler-775 b,Kepler-775,0.974868926,0.01834,1.19,1.81,1612.0,5468.0,Transit,2016
Kepler-498 b,Kepler-498,9.61375356,0.0897,3.03,9.43,931.0,5744.0,Transit,2016
Kepler-877 b,Kepler-877,18.45847097,0.1301,2.12,5.14,632.0,5261.0,Transit,2016
Kepler-865 b,Kepler-865,14.16399294,0.1057,2.49,6.76,694.0,5570.0,Transit,2016
Kepler-288 c,Kepler-288,19.305772,0.14,2.85,8.5,815.0,5918.0,Transit,2014
Kepler-794 b,Kepler-794,11.13125132,0.10036,2.11,5.1,952.0,5839.0,Transit,2016
Kepler-340 c,Kepler-340,22.824669,0.178,3.37,11.3,946.0,6620.0,Transit,2014
Kepler-333 b,Kepler-333,12.551158,0.087,1.32,28.2,480.0,4259.0,Transit,2014
Kepler-951 b,Kepler-951,71.52530845,0.3091,5.59,26.7,340.0,4834.0,Transit,2016
Kepler-66 b,Kepler-66,17.815815,0.1352,2.8,8.25,699.0,5962.0,Transit,2013
Kepler-1805 b,Kepler-1805,8.847940445,0.0699,1.54502915,3.0,479.0,3867.0,Transit,2021
Kepler-1792 b,Kepler-1792,4.1957798,0.0488,2.51990972,6.89,1047.0,5229.0,Transit,2021
Kepler-276 d,Kepler-276,48.648,0.24666,2.8,16.3,489.0,5693.0,Transit,2013
Kepler-372 c,Kepler-372,20.053763,0.154,2.09,5.02,755.0,6509.0,Transit,2014
Kepler-114 b,Kepler-114,5.188549,0.053,1.26,1.09,586.0,4605.0,Transit,2014
Kepler-1207 b,Kepler-1207,13.68237119,0.1156,1.62,3.26,802.0,5909.0,Transit,2016
Kepler-1249 b,Kepler-1249,24.3347127,0.167,2.38,6.26,647.0,6202.0,Transit,2016
Kepler-1859 b,Kepler-1859,2.729599953,0.0394,1.58313575,3.13,1455.0,5887.0,Transit,2021
Kepler-1244 b,Kepler-1244,3.70428172,0.0502,1.35,2.39,1839.0,6680.0,Transit,2016
Kepler-213 c,Kepler-213,4.822962,0.057,2.34,6.08,1060.0,5696.0,Transit,2014
Kepler-1388 b,Kepler-1388,12.2854603,0.0882,2.59,7.22,434.0,4098.0,Transit,2016
Kepler-258 c,Kepler-258,33.653079,0.193,3.61,12.7,470.0,4942.0,Transit,2014
Kepler-355 b,Kepler-355,11.03189,0.102,1.46,2.73,840.0,6184.0,Transit,2014
Kepler-324 e,Kepler-324,13.97939968,0.10972,2.03862444,235.014,635.0,5191.0,Transit,2021
Kepler-330 b,Kepler-330,8.25978,0.075,1.35,2.39,714.0,5117.0,Transit,2014
Kepler-233 c,Kepler-233,60.418955,0.287,2.71,7.8,390.0,5360.0,Transit,2014
Kepler-174 d,Kepler-174,247.35373,0.677,2.19,5.43,212.0,4880.0,Transit,2014
Kepler-200 c,Kepler-200,10.222157,0.09,1.59,3.15,806.0,5678.0,Transit,2014
Kepler-130 d,Kepler-130,87.517905,0.377,1.64,3.33,451.0,5884.0,Transit,2014
Kepler-541 b,Kepler-541,5.08005848,0.06447,3.36,11.2,1673.0,6166.0,Transit,2016
Kepler-1585 b,Kepler-1585,3.5827463,0.0445,1.79,3.86,1064.0,5538.0,Transit,2016
Kepler-1275 b,Kepler-1275,3.65691115,0.0488,1.48,2.79,1368.0,6296.0,Transit,2016
Kepler-60 d,Kepler-60,11.8981,0.10203,1.99,4.16,929.0,5905.0,Transit,2012
Kepler-1176 b,Kepler-1176,24.1738579,0.1589,2.45,6.57,595.0,5844.0,Transit,2016
Kepler-1225 b,Kepler-1225,7.01075434,0.0771,1.82,3.97,1453.0,6140.0,Transit,2016
Kepler-1394 b,Kepler-1394,3.93766373,0.05474,1.39,2.51,1947.0,6481.0,Transit,2016
Kepler-1649 b,Kepler-1649,8.689099,0.0514,1.017,1.03,307.0,3240.0,Transit,2017
TOI-1246 c,TOI-1246,5.904137,0.061,2.45109846,9.1,862.49,5213.0,Transit,2022
Kepler-1468 c,Kepler-1468,3.54553021,0.0466,1.15,1.6,1448.0,5893.0,Transit,2016
Kepler-326 c,Kepler-326,4.580358,0.051,1.4,17.4,889.0,5105.0,Transit,2014
Kepler-1085 c,Kepler-1085,56.7771,0.29798,3.26817741,10.7,491.0,5816.0,Transit,2020
Kepler-1229 b,Kepler-1229,86.828989,0.3006,1.4,2.54,212.0,3784.0,Transit,2016
Kepler-1542 e,Kepler-1542,5.10115756,0.05649,0.76,0.363,1065.0,5564.0,Transit,2016
Kepler-1178 b,Kepler-1178,31.80634,0.1596,1.07,1.24,378.0,4990.0,Transit,2016
K2-187 c,K2-187,2.871512,0.0392,1.4,2.54,1173.0,5438.0,Transit,2018
Kepler-1060 b,Kepler-1060,46.8779367,0.2495,2.38,6.26,484.0,5797.0,Transit,2016
Kepler-990 b,Kepler-990,9.91723428,0.08595,2.6,7.27,903.0,5948.0,Transit,2016
Kepler-1126 b,Kepler-1126,108.593329,0.41251,1.73,3.64,374.0,5798.0,Transit,2016
Kepler-100 c,Kepler-100,12.8159,0.11061,2.2,7.05,939.0,5825.0,Transit,2014
Kepler-172 c,Kepler-172,6.388996,0.068,2.86,8.55,970.0,5526.0,Transit,2014
Kepler-663 b,Kepler-663,4.99678284,0.0559,2.6,7.27,917.0,5264.0,Transit,2016
HD 102117 b,HD 102117,20.8133,0.15,8.47,54.0311,780.86,5655.0,Radial Velocity,2005
HD 137388 b,HD 137388,330.0,0.89,9.32,63.566,248.42,5181.0,Radial Velocity,2011
HD 50554 b,HD 50554,1293.0,2.353,12.8,1859.29618095,190.08,5987.0,Radial Velocity,2002
WASP-24 b,WASP-24,2.34121,0.03651,15.46842,394.1092,1772.0,6075.0,Transit,2010
HD 156846 b,HD 156846,359.51001,1.12,12.4,3391.2461,382.49,6090.0,Radial Velocity,2007
WASP-151 b,WASP-151,4.5334775,0.055,13.30506009,100.43377661,1312.0,5871.0,Transit,2017
Kepler-80 g,Kepler-80,14.64558,,1.13,0.065,418.0,4540.0,Transit,2017
Kepler-263 b,Kepler-263,16.568087,0.12,2.67,7.61,548.0,5265.0,Transit,2014
K2-10 b,K2-10,19.30553,0.137,3.773,25.2,649.0,5533.0,Transit,2015
TOI-411 b,HD 22946,4.040295,0.05727,1.362,13.71,1241.0,6169.0,Transit,2022
WASP-120 b,WASP-120,3.61126721,0.0514,15.58048317,1541.4755,1749.0,6450.0,Transit,2016
Kepler-1006 b,Kepler-1006,19.76172042,0.1464,1.54,2.99,791.0,5328.0,Transit,2016
Kepler-398 d,Kepler-398,6.83437001,0.0618,0.88,0.615,636.0,4557.0,Transit,2016
TOI-4034 b,TOI-4034,1.8020932,0.03289,17.71018951,276.51071409,1907.0,5891.0,Transit,2026
TOI-5335 b,TOI-5335,3.61365988443,,4.02422162,15.3,1048.0,5528.92,Transit,2026
Kepler-253 d,Kepler-253,18.119869,0.13,3.17,10.2,563.0,5208.0,Transit,2014
K2-62 b,K2-62,6.67199,0.0636,2.02,4.74,666.0,4455.0,Transit,2016
Kepler-369 b,Kepler-369,2.732756,0.03,1.13,1.51,687.0,3591.0,Transit,2014
Kepler-657 b,Kepler-657,24.54350418,0.17337,3.52,12.2,616.0,5808.0,Transit,2016
Kepler-513 b,Kepler-513,28.86235584,0.1779,2.2,5.48,623.0,5849.0,Transit,2016
TOI-1180 b,TOI-1180,9.686760378,0.080799,3.072,10.0,638.18,4738.0,Transit,2024
11 UMi b,11 UMi,516.21997,1.53,12.3,4684.8142,896.43,4213.0,Radial Velocity,2009
Kepler-1390 b,Kepler-1390,6.48021673,0.0662,1.18,1.76,934.0,5753.0,Transit,2016
WASP-60 b,WASP-60,4.305,0.05548,9.86392,174.8065,1479.0,5900.0,Transit,2012
Kepler-1762 b,Kepler-1762,29.53910065,0.204,2.76022913,8.05,714.0,6572.0,Transit,2021
Kepler-98 b,Kepler-98,1.54168,0.02614,1.99,3.55,1592.0,5539.0,Transit,2014
Kepler-403 c,Kepler-403,54.280749,0.297,1.75,3.71,604.0,6090.0,Transit,2014
Kepler-292 b,Kepler-292,2.580827,0.035,1.32,2.3,1130.0,5299.0,Transit,2014
K2-49 b,K2-49,2.77065,0.0309,1.93,4.38,768.28,4175.0,Transit,2016
HD 142245 b,HD 142245,1299.0,2.78,13.1,975.7381,306.3,4922.0,Radial Velocity,2011
TOI-1452 b,TOI-1452,11.06201,0.061,1.672,4.82,326.0,3185.0,Transit,2022
Kepler-110 b,Kepler-110,12.691112,0.107,1.83,4.01,1008.0,5960.0,Transit,2014
Kepler-1296 b,Kepler-1296,8.3839865,0.0896,0.91,0.693,1285.0,5359.0,Transit,2016
Kepler-1221 b,Kepler-1221,12.00096042,0.0906,1.88,4.19,632.0,5194.0,Transit,2016
Kepler-49 b,Kepler-49,7.2,0.05929,2.579,9.77,509.0,4095.6,Transit,2012
TOI-1295 b,TOI-1295,3.1968838,0.047,15.69257298,451.31633794,2360.0,6280.0,Transit,2024
Kepler-1691 b,Kepler-1691,3.8482,0.0495,1.83470985,4.02,1283.0,6000.0,Transit,2020
Kepler-180 c,Kepler-180,41.885775,0.229,3.01,9.32,540.0,5731.0,Transit,2014
HATS-33 b,HATS-33,2.5495551,0.03727,13.78707,378.85336,1429.0,5659.0,Transit,2016
K2-254 c,K2-254,12.11839,0.0923,2.19,5.43,551.0,4629.0,Transit,2018
HD 38283 b,HD 38283,363.20001,1.02,14.0,127.132,348.58,5981.0,Radial Velocity,2010
Kepler-162 c,Kepler-162,19.446355,0.137,3.03,9.43,681.0,5816.0,Transit,2014
TOI-375 d,TOI-375,297.9,0.984,13.6,445.59542661,434.0,5259.9,Radial Velocity,2026
K2-248 b,K2-248,7.17256,0.0699,2.57,7.13,886.0,5528.0,Transit,2018
Kepler-1252 b,Kepler-1252,15.0540329,0.1078,1.67,3.43,665.0,5949.0,Transit,2016
WASP-35 b,WASP-35,3.16158,0.04317,14.5717,225.6593,1338.29,5990.0,Transit,2011
HD 155918 b,HD 155918,1.87567,0.03,2.67,7.62788177,1622.13,5771.84,Radial Velocity,2022
Kepler-300 c,Kepler-300,40.714955,0.232,2.25,5.69,516.0,5986.0,Transit,2014
HD 55696 b,HD 55696,1827.0,3.18,12.9,1357.12729789,200.43,6012.0,Radial Velocity,2018
Kepler-787 b,Kepler-787,0.928310498,0.0159,1.28,2.18,1115.0,4248.0,Transit,2016
NGTS-12 b,NGTS-12,7.532806,0.0757,11.747032,66.10864,1257.0,5690.0,Transit,2020
TOI-4155 b,TOI-4155,3.320729,,3.21,10.4,1255.0,5724.0,Transit,2025
HATS-28 b,HATS-28,3.1810781,0.04131,13.383546,213.58176,1253.0,5498.0,Transit,2016
Kepler-214 c,Kepler-214,28.7798,0.194,2.13,5.18,619.0,6169.0,Transit,2014
HD 33142 b,HD 33142,330.0,1.074,13.7,400.46379282,477.5,5025.4,Radial Velocity,2011
GJ 4274 b,GJ 4274,1.6339,0.0153,1.53,2.97,548.53,3228.0,Radial Velocity,2026
Kepler-385 b,Kepler-385,10.043686,0.097,2.73,12.8,951.0,6326.0,Transit,2014
HD 27631 b,HD 27631,2198.14,3.242,13.5,495.81231492,147.61,5737.0,Radial Velocity,2012
TOI-2120 b,TOI-2120,5.7998164,0.0377,2.122,6.8,384.0,3131.0,Transit,2024
Kepler-1257 b,Kepler-1257,2.668313762,0.0376,1.52,2.92,1252.0,5502.0,Transit,2016
Kepler-1744 b,Kepler-1744,37.10110092,0.20945,3.76754004,13.6,532.0,5986.0,Transit,2021
Kepler-901 b,Kepler-901,3.517494394,0.0378,1.37,2.45,704.0,4184.0,Transit,2016
KELT-6 c,KELT-6,1276.0,2.39,13.0,1179.1493,241.9,6272.0,Radial Velocity,2015
Kepler-298 b,Kepler-298,10.475464,0.08,1.96,4.5,540.0,4465.0,Transit,2014
TIC 279401253 c,TIC 279401253,155.3,0.591,12.6,2548.98382414,384.31,5951.0,Transit,2023
Kepler-143 c,Kepler-143,27.082511,0.181,3.37,11.3,703.0,5848.0,Transit,2014
ups Leo b,ups Leo,385.2,1.18,14.2,162.09248757,719.08,4836.0,Radial Velocity,2021
Kepler-808 b,Kepler-808,0.631332353,0.01314,1.46,2.73,1322.0,4653.0,Transit,2016
Kepler-885 b,Kepler-885,18.11472949,0.14403,2.5,6.8,830.0,6187.0,Transit,2016
Kepler-151 c,Kepler-151,24.674612,0.16,2.09,5.02,544.0,5460.0,Transit,2014
Kepler-923 b,Kepler-923,6.93366476,0.07592,1.38,2.48,1104.0,5988.0,Transit,2016
Kepler-191 c,Kepler-191,17.738506,0.128,1.86,4.12,596.0,5282.0,Transit,2014
K2-247 c,K2-247,6.49424,0.0615,2.19,5.43,688.0,4667.0,Transit,2018
K2-322 b,K2-322,8.205,0.0594,1.92,4.35,635.0,4141.0,Transit,2020
HATS-44 b,HATS-44,2.7439004,0.03649,11.960003,177.9848,1161.0,5080.0,Transit,2018
K2-352 c,K2-352,8.234885,,1.92,4.35,885.0,5791.0,Transit,2021
TOI-1408 c,TOI-1408,2.1664,0.03587,2.22,7.6,1864.0,6117.0,Transit Timing Variations,2024
Kepler-1460 b,Kepler-1460,29.9633247,0.1614,1.96,4.5,391.0,4422.0,Transit,2016
Kepler-41 b,Kepler-41,1.8555582,0.03101,14.46,177.98,1790.0,5750.0,Transit,2011
Kepler-229 d,Kepler-229,41.194912,0.22,3.85,14.2,439.0,5120.0,Transit,2014
HD 72659 b,HD 72659,3549.0,4.607,13.2,949.67128012,155.34,5929.0,Radial Velocity,2002
Kepler-11 b,Kepler-11,10.3039,0.091,1.8,1.9,849.0,5663.0,Transit,2010
Kepler-900 b,Kepler-900,6.9913086,0.0679,2.08,4.98,716.0,4836.0,Transit,2016
Kepler-580 b,Kepler-580,8.222419656,0.0683,2.57,7.13,558.0,4298.0,Transit,2016
Kepler-1723 b,Kepler-1723,39.75289917,0.2249,2.88046569,8.65,568.0,6072.0,Transit,2021
omi UMa b,omi UMa,1569.81,3.691,13.0,1160.39151396,473.88,5075.0,Radial Velocity,2012
Kepler-163 b,Kepler-163,7.810937,0.078,1.05,1.16,906.0,5776.0,Transit,2014
GJ 179 b,GJ 179,2288.0,2.41,13.8,301.93698665,64.53,3370.0,Radial Velocity,2009
Kepler-1218 b,Kepler-1218,22.9221266,0.15698,1.44,2.67,684.0,5986.0,Transit,2016
HATS-57 b,HATS-57,2.350621,0.03493,12.767051,1000.21101,1413.4,5587.0,Transit,2019
Kepler-603 c,Kepler-603,127.9075774,0.53439,6.5,34.5,401.0,5808.0,Transit,2016
HD 191939 f,HD 191939,2898.0,3.71,13.2,915.34581216,125.0,5348.0,Radial Velocity,2022
HD 30669 b,HD 30669,1684.0,2.69,14.3,149.37,151.45,5400.0,Radial Velocity,2014
K2-244 b,K2-244,21.06884,0.1418,1.75,3.71,638.0,5677.0,Transit,2018
Kepler-653 c,Kepler-653,0.900376476,0.01855,0.78,0.399,2078.0,5665.0,Transit,2016
K2-59 c,K2-59,11.2954,0.0905,2.3,5.9,692.77,5055.0,Transit,2016
Kepler-531 b,Kepler-531,29.88485741,0.17446,2.78,8.15,453.0,4893.0,Transit,2016
HIP 97166 c,HIP 97166,16.432,0.124,2.75,8.0,642.0,5216.0,Radial Velocity,2021
TOI-2379 b,TOI-2379,5.4693827,0.05263,11.72459381,1830.69162432,624.0,3707.0,Transit,2024
WASP-140 b,WASP-140,2.23598448,0.0323,14.23540549,775.5052,1270.0,5300.0,Transit,2016
K2-255 b,K2-255,1.96417,0.0274,2.9,8.75,1034.0,4676.0,Transit,2018
Kepler-365 c,Kepler-365,17.784129,0.137,1.64,3.33,729.0,6012.0,Transit,2014
Kepler-592 b,Kepler-592,2.820192408,0.0397,2.39,6.3,1367.0,5913.0,Transit,2016
Kepler-1542 d,Kepler-1542,5.99273738,0.0629,0.87,0.59,1010.0,5564.0,Transit,2016
Kepler-29 c,Kepler-29,13.28613,0.10027,2.34,4.5,715.0,5378.0,Transit,2011
Kepler-506 b,Kepler-506,6.8834055,0.07437,2.73,7.9,1080.0,6236.0,Transit,2016
Kepler-1814 b,Kepler-1814,2.935359955,0.03765,2.36961357,6.21,1022.0,4922.0,Transit,2021
Kepler-1004 b,Kepler-1004,5.28789787,0.06791,6.28,32.5,1661.0,4972.0,Transit,2016
Kepler-1911 b,Kepler-1911,5.990799904,0.0636,1.011,1.01,987.0,5721.0,Transit,2021
Kepler-46 d,Kepler-46,6.766589,0.067,1.64,3.33,845.0,5309.0,Transit,2014
kap CrB b,kap CrB,1253.68,2.5,13.4,591.1638,319.32,4840.0,Radial Velocity,2007
Kepler-1548 b,Kepler-1548,124.828679,0.4679,2.64,7.46,350.0,5706.0,Transit,2016
WASP-61 b,WASP-61,3.8559,0.0521,15.80469,851.7844,1624.4,6250.0,Transit,2012
Kepler-281 d,Kepler-281,148.2720032,0.5456,5.93747806,654.0,321.0,5717.0,Transit,2021
HD 190360 c,HD 190360,17.11625,0.1298,5.53,26.2,794.55,5560.0,Radial Velocity,2005
Kepler-1287 b,Kepler-1287,11.47685909,0.0976,1.54,2.99,796.0,5715.0,Transit,2016
Kepler-1506 b,Kepler-1506,14.0329154,0.1168,1.32,2.3,783.0,5676.0,Transit,2016
Kepler-913 b,Kepler-913,10.29672521,0.1009,2.06,4.9,1129.0,4687.0,Transit,2016
TOI-3160 A b,TOI-3160 A,3.971281,0.0505,13.7646283,378.21580433,1539.0,6190.0,Transit,2025
Kepler-1066 b,Kepler-1066,1.931559839,0.0298,2.36,6.17,1290.0,5762.0,Transit,2016
Kepler-262 c,Kepler-262,21.853722,0.152,1.64,3.33,618.0,5841.0,Transit,2014
KOI-351 h,KOI-351,331.60296,0.97062,11.252,203.0,294.0,6031.13,Transit,2013
HD 99492 b,HD 99492,17.0503,0.12,5.44,25.5,622.27,4929.0,Radial Velocity,2004
Kepler-359 d,Kepler-359,77.095691,0.372,4.01,2.7,464.0,6248.0,Transit,2014
Kepler-859 b,Kepler-859,20.38177573,0.13157,3.09,9.75,528.0,5020.0,Transit,2016
WASP-157 b,WASP-157,3.951623,0.0499,11.19,182.43442,1193.0,5772.0,Transit,2016
Kepler-1333 b,Kepler-1333,109.6471842,0.4382,2.81,8.3,428.0,5628.0,Transit,2016
Kepler-1120 b,Kepler-1120,2.949029052,0.0369,1.38,2.48,1027.0,4904.0,Transit,2016
Kepler-264 c,Kepler-264,140.101261,0.566,2.83,8.4,511.0,6158.0,Transit,2014
Kepler-1242 b,Kepler-1242,13.62798432,0.1039,2.26,5.73,639.0,4895.0,Transit,2016
K2-214 b,K2-214,8.59656,0.0834,2.51,6.85,1001.0,5875.0,Transit,2018
Kepler-1228 b,Kepler-1228,0.577369579,0.01186,1.54,2.99,1757.0,5063.0,Transit,2016
Kepler-1501 b,Kepler-1501,14.5564533,0.11592,1.56,3.05,787.0,6229.0,Transit,2016
HD 156279 b,HD 156279,133.40355,0.502,12.5,2997.75753482,361.73,5453.0,Radial Velocity,2011
TOI-1443 b,TOI-1443,23.540678,0.147,2.30381001,30.0,520.66,5224.0,Transit,2024
HD 72892 b,HD 72892,39.44603,0.228,12.8,1737.88572948,634.46,5688.0,Radial Velocity,2016
Kepler-385 c,Kepler-385,15.163161,0.127,3.04,13.2,829.0,6326.0,Transit,2014
TOI-2345 b,TOI-2345,1.0528573,0.01705,1.504,3.49,1478.0,4687.0,Transit,2025
Kepler-1099 b,Kepler-1099,2.168452593,0.0337,2.83,8.4,1558.0,5837.0,Transit,2016
Kepler-587 b,Kepler-587,10.94027841,0.0952,2.23,5.6,764.0,5549.0,Transit,2016
K2-197 b,K2-197,8.357881,0.0806,2.56,7.08,848.0,5667.0,Transit,2018
HD 158259 b,HD 158259,2.178,,1.28228,2.22,1462.0,5801.89,Radial Velocity,2020
Kepler-62 b,Kepler-62,5.714932,0.0553,1.31,9.0,750.0,4925.0,Transit,2013
HD 21520 b,HD 21520,25.1292,0.1726,2.697,17.7,637.0,5871.0,Transit,2024
Kepler-115 c,Kepler-115,8.990889,0.087,2.6,7.27,960.0,5979.0,Transit,2014
Kepler-231 b,Kepler-231,10.065275,0.074,1.73,35.4,488.0,3767.0,Transit,2014
Kepler-1142 b,Kepler-1142,18.3027248,0.1343,1.47,2.76,902.0,5685.0,Transit,2016
HD 169830 b,HD 169830,225.67372,0.765,13.2,804.42369812,345.0,6300.0,Radial Velocity,2000
GJ 9404 b,GJ 9404,13.4586,0.0943,3.48,11.9,473.5,3811.0,Radial Velocity,2023
K2-226 b,K2-226,3.27109,0.04095,1.53899305,2.98,1187.0,5288.0,Transit,2018
HD 190228 b,HD 190228,1143.59858,2.406,12.9,1598.67688721,267.99,5360.0,Radial Velocity,2022
Kepler-1495 b,Kepler-1495,85.273256,0.3677,2.94,8.96,443.0,5831.0,Transit,2016
Kepler-159 c,Kepler-159,43.595792,0.218,3.41,11.5,275.0,4625.0,Transit,2014
Kepler-1014 b,Kepler-1014,16.57110363,0.121,2.39,6.3,614.0,5388.0,Transit,2016
Kepler-1122 b,Kepler-1122,42.1917357,0.2315,2.04,4.82,526.0,5544.0,Transit,2016
TOI-4443.01,TOI-4443,1.8498567,0.029962645,1.7193265,3.6,1638.82,5834.0,Transit,2024
HD 100655 b,HD 100655,157.57001,0.68,13.5,511.7063,907.14,4891.0,Radial Velocity,2011
Kepler-1730 b,Kepler-1730,13.81019974,0.1131,4.48524519,18.4,833.0,5942.0,Transit,2021
Kepler-150 d,Kepler-150,12.56093,0.104,2.79,8.2,734.0,5560.0,Transit,2014
Kepler-248 c,Kepler-248,16.239494,0.123,4.07,15.6,598.0,5190.0,Transit,2014
HD 285507 b,HD 285507,6.0881,0.06,13.8,311.4734,736.35,4503.0,Radial Velocity,2013
Kepler-1047 b,Kepler-1047,56.1886887,0.29871,2.09,5.02,503.0,5754.0,Transit,2016
GJ 3138 c,GJ 3138,5.974,0.057,1.88,4.18,530.85,3717.0,Radial Velocity,2017
Kepler-55 b,Kepler-55,27.9481449,0.1593,2.43,43.0,400.0,4362.0,Transit,2012
HD 116029 b,HD 116029,670.0,1.65,13.6,444.962,400.04,4819.0,Radial Velocity,2011
HD 37605 c,HD 37605,2720.0,3.74,13.1,1013.8777,126.75,5329.0,Radial Velocity,2012
Kepler-1184 b,Kepler-1184,53.5991044,0.2863,2.68,7.65,529.0,5983.0,Transit,2016
TOI-1266 c,TOI-1266,18.8027,0.105,1.98,3.17,346.0,3563.0,Transit,2020
Kepler-547 b,Kepler-547,6.010384289,0.058,4.0,15.1,768.0,4828.0,Transit,2016
Kepler-1488 c,Kepler-1488,6.158269882,0.06959,1.65156749,3.37,1212.0,5710.0,Transit,2021
HAT-P-57 b,HAT-P-57,2.4653,0.0406,19.50366,448.1403,2200.0,6330.0,Transit,2015
HD 8326 b,HD 8326,158.991,0.533,9.58,66.6,287.23,4914.0,Radial Velocity,2019
TOI-150.01,TOI-150,5.857487,0.07037,14.067295,797.7533,1404.5,6255.0,Transit,2019
Kepler-1033 b,Kepler-1033,7.56052806,0.0761,2.51,6.85,914.0,5547.0,Transit,2016
TOI-7155 b,TOI-7155,3.89489711981,,2.40821473,6.38,914.0,4673.03,Transit,2026
K2-136 d,K2-136,25.575,0.1538,1.565,3.0,420.0,4500.0,Transit,2017
K2-154 b,K2-154,3.67626,0.0405,1.99,4.62,715.0,4097.0,Transit,2018
TRAPPIST-1 b,TRAPPIST-1,1.510826,0.01154,1.116,1.374,397.6,2566.0,Transit,2016
TRAPPIST-1 c,TRAPPIST-1,2.421937,0.0158,1.097,1.308,339.7,2566.0,Transit,2016
TRAPPIST-1 d,TRAPPIST-1,4.049219,0.02227,0.788,0.388,286.2,2566.0,Transit,2016
K2-34 b,K2-34,2.9956348,0.0442,13.75,539.67534,1687.0,6168.0,Transit,2016
WASP-121 b,WASP-121,1.27492504,0.02571,19.52604438,371.85923619,2409.0,6628.0,Transit,2016
HIP 41378 b,HIP 41378,15.571893,0.1303,2.419,9.06,970.67,6371.0,Transit,2016
55 Cnc b,55 Cnc,14.651552,0.118,13.9,263.9785,700.0,5198.0,Radial Velocity,1996
HIP 41378 c,HIP 41378,31.70838,0.2093,2.505,6.53,765.87,6371.0,Transit,2016
55 Cnc c,55 Cnc,44.3936,0.247,8.51,54.4738,499.27,5198.0,Radial Velocity,2004
55 Cnc d,55 Cnc,4799.0,5.6,13.0,1232.493,104.85,5198.0,Radial Velocity,2002
55 Cnc e,55 Cnc,0.7365474,0.01544,1.875,7.99,1958.0,5172.0,Radial Velocity,2004
55 Cnc f,55 Cnc,260.58,0.802,7.59,44.812,277.07,5198.0,Radial Velocity,2007
GJ 1214 b,GJ 1214,1.580404531,0.01505,2.733,8.41,567.0,3101.0,Transit,2009
GJ 436 b,GJ 436,2.64388312,0.0291,4.17,22.1,686.0,3586.11,Radial Velocity,2004
HAT-P-12 b,HAT-P-12,3.2130598,0.0384,10.749,67.059,963.0,4650.0,Transit,2009
HAT-P-13 b,HAT-P-13,2.91625,0.04383,14.258,270.462,1740.0,5653.0,Transit,2009
HAT-P-13 c,HAT-P-13,446.27,1.258,12.3,4538.421,340.0,5653.0,Radial Velocity,2009
HAT-P-14 b,HAT-P-14,4.62767,0.0596,15.91678,1093.3352,1624.0,6600.0,Transit,2010
HAT-P-17 b,HAT-P-17,10.33852,0.0892,11.76945,184.3414,800.0,5246.0,Transit,2012
HAT-P-17 c,HAT-P-17,5584.0,5.6,13.1,1080.6,99.59,5336.96,Radial Velocity,2012
HAT-P-18 b,HAT-P-18,5.508023,0.0559,11.153,62.61,852.0,4803.0,Transit,2010
HAT-P-1 b,HAT-P-1,4.46529976,0.05561,14.784671,166.86075,1322.0,5980.0,Transit,2006
HAT-P-26 b,HAT-P-26,4.23452,0.04748,7.06167,22.2481,1080.0,5079.0,Transit,2010
HAT-P-30 b,HAT-P-30,2.8106,0.0419,16.14096,263.7989,1630.0,6304.0,Transit,2011
HD 149026 b,HD 149026,2.87589,0.04364,8.29466,120.7754,1626.0,6179.0,Radial Velocity,2005
HD 189733 b,HD 189733,2.21857567,0.03126,12.66617,359.1479,1209.0,5052.0,Radial Velocity,2005
HD 209458 b,HD 209458,3.52474859,0.04707,15.58051,232.0159,1459.0,6091.0,Radial Velocity,1999
HD 80606 b,HD 80606,111.436765,0.4603,11.56766808,1323.46926959,405.0,5565.0,Radial Velocity,2001
HD 86226 b,HD 86226,1628.0,2.73,14.3,143.0235,176.0,5863.0,Radial Velocity,2009
TrES-4 b,TrES-4,3.55395,0.05084,18.04649,247.9074,1778.0,6200.0,Transit,2007
WASP-12 b,WASP-12,1.091418901,0.0234,22.02564708,467.2101,2601.0,6265.0,Transit,2008
WASP-15 b,WASP-15,3.7521,0.05165,15.80469,171.6282,1676.0,6300.0,Transit,2009
WASP-17 b,WASP-17,3.73543,0.0515,20.96083,247.9074,1755.0,6550.0,Transit,2009
WASP-18 b,WASP-18,0.94145223,0.02024,13.89913607,3241.8497514,2429.0,6432.0,Transit,2009
WASP-19 b,WASP-19,0.78883852,0.01652,15.86070769,366.77398168,2113.0,5616.0,Transit,2009
WASP-25 b,WASP-25,3.7648337,0.0473,13.80946422,179.25522155,1217.0,5697.0,Transit,2010
WASP-39 b,WASP-39,4.0552941,0.04828,14.336311,89.31023,1166.0,5485.0,Transit,2011
WASP-43 b,WASP-43,0.813475,0.0142,10.424,565.714,1426.7,4400.0,Transit,2011
WASP-6 b,WASP-6,3.3610026,0.04217,12.5428494,148.42586607,1167.0,5438.0,Transit,2009
GJ 3470 b,GJ 3470,3.3366496,0.0355,4.57,13.9,593.5,3600.0,Radial Velocity,2012
WASP-47 b,WASP-47,4.159151,0.052,12.86,374.0,1275.0,5565.0,Transit,2012
WASP-63 b,WASP-63,4.37808,0.0574,15.80469,117.5971,1469.91,5550.0,Transit,2012
WASP-52 b,WASP-52,1.7497798,0.0272,14.24,146.2,1315.0,5000.0,Transit,2012
WASP-77 A b,WASP-77 A,1.360029395,0.023233633,13.56,529.31142902,1674.0,5617.0,Transit,2012
WASP-80 b,WASP-80,3.06785234,0.0344,11.197791,170.99254,825.0,4143.0,Transit,2012
WASP-103 b,WASP-103,0.925542,0.01985,17.127,473.547,2508.0,6110.0,Transit,2014
WASP-96 b,WASP-96,3.4252602,0.0453,13.45,152.55,1285.0,5540.0,Transit,2014
WASP-94 A b,WASP-94 A,3.95019,0.055,17.71022,158.915,1604.0,6170.0,Transit,2014
WASP-94 B b,WASP-94 B,2.00839,0.0335,14.1,196.411,1848.91,6040.0,Radial Velocity,2014
WASP-69 b,WASP-69,3.86813881,0.0453,11.21,82.58,971.0,4792.0,Transit,2014
WASP-84 b,WASP-84,8.52349648,0.0778,10.72,220.0,732.0,5280.0,Transit,2014
WASP-20 b,WASP-20,4.89964477,0.05999,15.46839337,98.841,1362.0,5940.0,Transit,2015
HATS-6 b,HATS-6,3.3252725,0.03623,11.186582,101.38777,712.8,3724.0,Transit,2015
KELT-7 b,KELT-7,2.73477,0.04415,17.9344,441.7837,2048.0,6768.0,Transit,2015
K2-18 b,K2-18,32.939623,0.1429,2.37,8.92,284.0,3457.0,Transit,2015
KELT-8 b,KELT-8,3.24406,0.0455,18.15858,209.7678,1675.0,5754.0,Transit,2015
K2-22 b,K2-22,0.381073,0.009,2.3,444.962,2100.0,3879.0,Transit,2015
WASP-47 d,WASP-47,9.030501,0.085,3.65,15.5,885.0,5565.0,Transit,2015
WASP-47 e,WASP-47,0.78961,0.01673,1.83,9.0,1992.0,5565.0,Transit,2015
GJ 1132 b,GJ 1132,1.62892911,0.0157,1.19151465,1.83704819,583.8,3229.0,Transit,2015
WASP-76 b,WASP-76,1.80988198,0.033,20.78145022,284.13859586,2228.0,6329.0,Transit,2016
KELT-4 A b,KELT-4 A,2.9895932,0.04317,19.044091,286.68266,1823.0,6206.0,Transit,2016
HIP 41378 d,HIP 41378,278.3618,,3.54,4.6,367.0,6320.0,Transit,2016
HIP 41378 e,HIP 41378,369.0,,4.92,12.0,335.0,6320.0,Transit,2016
HIP 41378 f,HIP 41378,542.0797,,9.2,12.0,294.0,6226.0,Transit,2016
HD 3167 b,HD 3167,0.959641,0.01796,1.67,4.97,1774.0,5261.0,Transit,2016
HD 3167 c,HD 3167,29.8454,0.1776,3.0,11.13,564.0,5261.0,Transit,2016
HAT-P-65 b,HAT-P-65,2.60544751,0.04042,18.05766791,176.07693748,1818.0,5872.0,Transit,2016
WASP-131 b,WASP-131,5.3220125,0.0608,13.74221034,86.76715511,1460.0,5990.0,Transit,2016
WASP-139 b,WASP-139,5.924262,0.062,8.9672,37.18611,910.0,5310.0,Transit,2016
WASP-127 b,WASP-127,4.17806203,0.0484,14.694999,52.346601,1400.0,5620.0,Transit,2016
TRAPPIST-1 e,TRAPPIST-1,6.101013,0.02925,0.92,0.692,249.7,2566.0,Transit,2017
TRAPPIST-1 f,TRAPPIST-1,9.20754,0.03849,1.045,1.039,217.7,2566.0,Transit,2017
TRAPPIST-1 g,TRAPPIST-1,12.352446,0.04683,1.129,1.321,197.3,2566.0,Transit,2017
TRAPPIST-1 h,TRAPPIST-1,18.772866,0.06189,0.755,0.326,171.7,2566.0,Transit,2017
HD 106315 b,HD 106315,9.55237,0.0907,2.44,12.6,1153.0,6327.0,Transit,2017
HD 106315 c,HD 106315,21.05704,0.1536,4.35,15.2,886.0,6327.0,Transit,2017
LHS 1140 b,LHS 1140,24.73723,0.0946,1.73,5.6,226.0,3096.0,Transit,2017
KELT-11 b,KELT-11,4.73620865,0.0623,15.13212395,65.15482343,1712.0,5375.0,Transit,2017
KELT-9 b,KELT-9,1.4811235,0.03462,21.196219,915.3504,4050.0,10170.0,Transit,2017
HD 3167 d,HD 3167,8.4112,0.0763,1.92,4.33,859.5,5261.0,Radial Velocity,2017
WASP-107 b,WASP-107,5.7214876,0.055,10.53646,30.51152707,736.0,4425.0,Transit,2017
GJ 9827 b,GJ 9827,1.208974,0.0189,1.44,4.28,1035.01,4236.0,Transit,2017
GJ 9827 c,GJ 9827,3.648103,0.0395,1.13,1.86,715.94,4236.0,Transit,2017
GJ 9827 d,GJ 9827,6.20183,0.053,1.98,3.02,675.0,4236.0,Transit,2017
KELT-20 b,KELT-20,3.4741085,0.0542,19.514869,1074.90106,2262.0,8720.0,Transit,2017
K2-141 b,K2-141,0.2803244,0.00747,1.51,4.97,2103.0,4570.0,Transit,2018
K2-141 c,K2-141,7.7485,0.0683,7.0,8.0,695.0,4570.0,Transit,2018
K2-232 b,K2-232,11.168454,0.10356,11.209,126.49634,1030.0,6154.0,Transit,2018
GJ 1132 c,GJ 1132,8.929,0.0476,1.52,2.91,300.0,3090.0,Radial Velocity,2018
HAT-P-11 c,HAT-P-11,3361.0,4.1,13.2,851.78013076,91.58,4653.0,Radial Velocity,2018
NGTS-2 b,NGTS-2,4.511164,0.063,17.878355,235.1942,1468.0,6478.0,Transit,2018
WASP-164 b,WASP-164,1.7771255,0.02818,12.643752,676.9779,1610.0,5806.0,Transit,2018
LHS 1140 c,LHS 1140,3.77794,0.027,1.272,1.91,422.0,3096.0,Transit,2018
K2-287 b,K2-287,14.893291,0.1206,9.494023,100.11645,804.0,5695.0,Transit,2018
LHS 3844 b,LHS 3844,0.462929709,0.00624,1.286,2.37,816.0,3080.0,Transit,2019
HD 15337 b,HD 15337,4.7559804,0.05245,1.77,6.519,1001.0,5131.0,Transit,2019
HD 15337 c,HD 15337,17.180546,0.1235,2.526,6.792,656.1,5131.0,Transit,2019
L 98-59 b,L 98-59,2.253114,0.0223,0.837,0.46,620.0,3415.0,Transit,2019
L 98-59 c,L 98-59,3.6906764,0.0309,1.329,2.0,526.0,3415.0,Transit,2019
L 98-59 d,L 98-59,7.450729,0.0494,1.627,1.64,416.0,3415.0,Transit,2019
V1298 Tau b,V1298 Tau,24.140006,0.1685,9.41,13.1,666.0,4970.0,Transit,2019
WASP-166 b,WASP-166,5.44354,0.0641,7.06167,32.10083,1270.0,6050.0,Transit,2019
TOI-270 b,TOI-270,3.35992,0.03197,1.28,1.48,600.0,3506.0,Transit,2019
TOI-270 c,TOI-270,5.66051,0.04526,2.33,6.2,489.0,3506.0,Transit,2019
TOI-270 d,TOI-270,11.38194,0.0721,2.0,4.2,383.0,3506.0,Transit,2019
GJ 357 b,GJ 357,3.9306,0.036,1.2,1.83,518.0,3505.0,Transit,2019
GJ 357 c,GJ 357,9.1247,0.061,1.66,3.4,401.2,3505.0,Radial Velocity,2019
GJ 357 d,GJ 357,55.661,0.204,2.34,6.1,219.6,3505.0,Radial Velocity,2019
LTT 1445 A b,LTT 1445 A,5.3587635,0.0381,1.34,2.73,431.0,3562.0,Transit,2019
WASP-178 b,WASP-178,3.3448285,0.0558,20.28829,527.5978,2470.0,9360.0,Transit,2019
V1298 Tau c,V1298 Tau,8.249164,0.0824,5.08,4.7,953.0,4970.0,Transit,2019
V1298 Tau d,V1298 Tau,12.401394,0.1081,6.53,6.0,831.0,4970.0,Transit,2019
V1298 Tau e,V1298 Tau,48.677714,0.2689,10.17,15.3,527.0,4970.0,Transit,2019
LP 791-18 b,LP 791-18,0.9479981,0.00978,1.212,1.94,564.3,2960.0,Transit,2019
LP 791-18 c,LP 791-18,4.98991,0.02961,2.488,7.16,324.4,2960.0,Transit,2019
TOI-125 b,TOI-125,4.65382,0.05186,2.726,9.5,1037.0,5320.0,Transit,2019
TOI-125 c,TOI-125,9.15059,0.0814,2.759,6.63,827.8,5320.0,Transit,2019
L 168-9 b,L 168-9,1.40152604,0.0208,1.63,4.07,998.0,3842.0,Transit,2020
TOI-125 d,TOI-125,19.98,0.137,2.93,13.6,638.1,5320.0,Transit,2020
HATS-48 A b,HATS-48 A,3.1316666,0.03769,8.9672,77.23269,954.6,4546.0,Transit,2020
HATS-72 b,HATS-72,7.3279474,0.066517,8.0973816,39.855882,739.3,4656.1,Transit,2020
NGTS-10 b,NGTS-10,0.7668944,0.0143,13.506845,687.14846,1332.0,4600.0,Transit,2020
TOI-1130 b,TOI-1130,4.074554,0.0453,3.66,19.8,825.0,4360.0,Transit,2020
TOI-1130 c,TOI-1130,8.3501898,0.0731,13.0,336.0,650.0,4360.0,Transit,2020
TOI-677 b,TOI-677,11.2365985,0.1041,13.11450742,392.20025424,1252.0,6295.0,Transit,2020
LTT 3780 b,LTT 3780,0.76837931,0.01195,1.325,2.46,903.0,3358.0,Transit,2020
LTT 3780 c,LTT 3780,12.252284,0.0757,2.39,8.04,359.0,3358.0,Transit,2020
TOI-1338 b,TOI-1338 A,95.4001,0.4607,7.661,11.3,254.65,5723.2,Transit,2020
AU Mic b,AU Mic,8.463446,0.07,4.79,8.99,554.8,3540.0,Transit,2020
WASP-148 b,WASP-148,8.803809,0.08215,8.47398941,91.21675281,940.0,5555.0,Transit,2020
WASP-148 c,WASP-148,34.524,0.2044,13.9,124.58873554,590.0,5555.0,Radial Velocity,2020
NGTS-11 b,NGTS-11,35.45533,0.201,9.157753,109.33352,435.0,5050.0,Transit,2020
TOI-849 b,TOI-849,0.765548,0.0155,3.64,41.8,1932.0,5257.0,Transit,2020
TOI-700 b,TOI-700,9.977219,0.0677,0.914,0.704,417.0,3459.0,Transit,2020
TOI-700 c,TOI-700,16.051137,0.0929,2.6,7.27,356.0,3459.0,Transit,2020
TOI-700 d,TOI-700,37.42396,0.1633,1.073,1.25,268.8,3459.0,Transit,2020
HIP 67522 b,HIP 67522,6.9594731,0.0748,9.9872018,71.4,1175.0,5675.0,Transit,2020
TOI-1899 b,TOI-1899,29.090312,0.1525,11.09689089,212.94503269,378.0,3926.0,Transit,2020
HD 86226 c,HD 86226,3.98442,0.049,2.16,7.25,1311.0,5863.0,Transit,2020
WD 1856+534 b,WD 1856+534,1.4079405,0.0204,10.4,4386.054,163.0,4710.0,Transit,2020
LTT 9779 b,LTT 9779,0.792052,0.01679,4.72,29.32,1978.0,5443.0,Transit,2020
TOI-824 b,TOI-824,1.392978,0.02177,2.926,18.467,1253.0,4600.0,Transit,2020
TOI-421 b,TOI-421,5.197576,0.0554,2.64,6.7,922.0,5291.0,Transit,2020
TOI-421 c,TOI-421,16.067541,0.117,5.09,14.1,635.0,5291.0,Transit,2020
GJ 3473 b,GJ 3473,1.1980035,0.01589,1.264,1.86,773.0,3347.0,Transit,2020
GJ 3473 c,GJ 3473,15.509,0.0876,2.63,7.41,329.1,3347.0,Radial Velocity,2020
TOI-776 b,TOI-776,8.24662,0.0653,1.798,5.0,520.0,3725.0,Transit,2020
TOI-776 c,TOI-776,15.665323,0.1001,2.047,6.9,420.0,3725.0,Transit,2020
TOI-561 b,TOI-561,0.4465697,0.01064,1.397,2.02,2319.0,5342.0,Transit,2020
TOI-561 c,TOI-561,10.778838,0.0889,2.865,5.93,802.0,5342.0,Transit,2020
TOI-451 b,TOI-451,1.8587033,0.0274,1.84,4.7,1474.0,5490.0,Transit,2020
TOI-451 c,TOI-451,9.192463,0.0795,2.93,3.7,865.0,5490.0,Transit,2020
TOI-451 d,TOI-451,16.364962,0.1168,3.93,10.2,714.0,5490.0,Transit,2020
TOI-178 b,TOI-178,1.9145601,0.02607,1.2,0.96,1040.0,4316.0,Transit,2021
TOI-178 c,TOI-178,3.238486,0.037,1.754,4.64,873.0,4316.0,Transit,2021
TOI-178 d,TOI-178,6.557569,0.0592,2.695,5.2,690.0,4316.0,Transit,2021
TOI-178 e,TOI-178,9.96318,0.0783,2.301,3.48,600.0,4316.0,Transit,2021
TOI-178 f,TOI-178,15.23335,0.1039,2.417,5.63,521.0,4316.0,Transit,2021
TOI-178 g,TOI-178,20.71663,0.1275,2.939,4.4,470.0,4316.0,Transit,2021
GJ 486 b,GJ 486,1.46712127,0.01714,1.289,2.77,696.3,3317.0,Radial Velocity,2021
LHS 1478 b,LHS 1478,1.9495378,0.01848,1.242,2.33,595.0,3381.0,Transit,2021
TOI-1231 b,TOI-1231,24.245586,0.1288,3.65,15.4,329.6,3553.0,Transit,2021
TOI-674 b,TOI-674,1.977143,0.025,5.25,23.6,635.0,3514.0,Transit,2021
TOI-1685 b,TOI-1685,0.66913923,0.01164,1.421,3.07,1000.0,3470.0,Transit,2021
TOI-1807 b,TOI-1807,0.54937097,0.0122,1.49681583,2.44,1694.1,4914.0,Transit,2021
TOI-2076 b,TOI-2076,10.35504,0.08781,2.59,6.7,736.0,5187.0,Transit,2021
TOI-2076 c,TOI-2076,21.01447,0.1407,3.54,7.2,581.0,5187.0,Transit,2021
TOI-2076 d,TOI-2076,35.12803,0.1982,3.27,7.3,490.0,5187.0,Transit,2021
AU Mic c,AU Mic,18.859023,0.119,2.79,14.46,424.7,3540.0,Transit,2021
TOI-431 b,TOI-431,0.490047,0.0113,1.28,3.07,1862.0,4850.0,Transit,2021
TOI-431 c,TOI-431,4.8494,0.052,1.49,2.83,867.0,4850.0,Radial Velocity,2021
TOI-431 d,TOI-431,12.46103,0.098,3.29,9.9,633.0,4850.0,Transit,2021
L 98-59 e,L 98-59,12.8278,0.0712,1.49,2.82,347.0,3415.0,Radial Velocity,2021
HD 63935 b,HD 63935,9.058807,0.083,2.91575244,10.5,825.22,5513.0,Transit,2021
HD 63935 c,HD 63935,21.4027,0.148,3.06451296,11.1,619.59,5513.0,Radial Velocity,2021
GJ 367 b,GJ 367,0.3219226,0.0071,0.736,0.503,1329.0,3535.0,Transit,2021
TOI-2109 b,TOI-2109,0.67247414,0.01791,15.098497,1595.49860314,3646.0,6540.0,Transit,2021
HATS-75 b,HATS-75,2.7886556,0.032742,9.90873894,156.05374784,772.3,3790.4,Transit,2021
LTT 1445 A c,LTT 1445 A,3.1239035,0.02661,1.147,1.54,508.0,3340.0,Transit,2022
TOI-500 b,TOI-500,0.548177,0.01189,1.166,1.42,1617.0,4440.0,Transit,2022
TOI-1075 b,TOI-1075,0.6047328,0.01159,1.791,9.95,1323.0,3875.0,Transit,2022
TOI-1442 b,TOI-1442,0.4090677,0.0071,1.17,1.71,1072.0,3330.0,Transit,2022
TOI-2260 b,TOI-2260,0.3524728,0.0097,1.62,3.26,2609.0,5534.0,Transit,2022
TOI-2445 b,TOI-2445,0.3711281,0.0064,1.25,2.1,1060.0,3333.0,Transit,2022
GJ 3929 b,GJ 3929,2.616235,0.0252,1.09,1.75,568.0,3384.0,Transit,2022
WASP-189 b,WASP-189,2.724033,0.05053,18.14733975,632.47852993,3353.0,8000.0,Transit,2020
TOI-1670 b,TOI-1670,10.98462,0.103,2.06,41.31769291,1062.0,6170.0,Transit,2022
TOI-1670 c,TOI-1670,40.74976,0.249,11.06326395,200.23189641,684.0,6170.0,Transit,2022
HD 260655 b,HD 260655,2.76953,0.02933,1.24,2.14,709.0,3803.0,Transit,2022
HD 260655 c,HD 260655,5.70588,0.04749,1.533,3.09,557.0,3803.0,Transit,2022
TOI-3714 b,TOI-3714,2.154849,0.027,11.32107051,222.4798849,750.0,3660.0,Transit,2022
GJ 3929 c,GJ 3929,15.04,0.081,2.26,5.71,317.0,3384.0,Radial Velocity,2022
GJ 3090 b,GJ 3090,2.85310198,0.0316,2.18,4.52,723.0,3707.0,Transit,2022
TOI-181 b,TOI-181,4.532,0.0539,6.9559,46.1687,895.1,4994.0,Transit,2023
TOI-199 b,TOI-199,104.854,0.4254,9.07927437,54.03082919,325.0,5255.0,Transit,2023
TOI-260 b,TOI-260,13.475853,0.0943,1.71,4.23,493.0,4026.0,Transit,2024
TOI-700 e,TOI-700,27.80978,0.134,0.953,0.818,272.9,3459.0,Transit,2023
TOI-771 b,TOI-771,2.3260155,0.0208,1.36,2.47,543.0,3370.0,Transit,2024
TOI-836.01,TOI-836,8.59545,0.075,2.587,9.6,665.0,4552.0,Transit,2021
TOI-836 b,TOI-836,3.81673,0.0422,1.704,4.53,871.0,4552.0,Transit,2023
LHS 475 b,LHS 475,2.029088,0.02037,0.991,0.941,586.0,3300.0,Transit,2023
TOI-1136 d,TOI-1136,12.5199,0.1062,4.627,8.35,843.0,5770.0,Transit,2022
TOI-1136 c,TOI-1136,6.2574,0.0669,2.879,6.32,1062.0,5770.0,Transit,2022
TOI-1136 f,TOI-1136,26.321,0.174,3.73591482,9.7,658.0,5770.0,Transit,2022
TOI-1136 e,TOI-1136,18.801,0.14,2.639,6.07,737.0,5770.0,Transit,2022
TOI-1173 b,TOI-1173,7.06466,0.0696,9.19,27.4,868.0,5350.0,Transit,2024
TOI-1416 b,TOI-1416,1.0697568,0.019,1.62,3.48,1517.0,4884.0,Transit,2023
TOI-1420 b,TOI-1420,6.9561063,0.071,11.89,25.1,957.0,5510.0,Transit,2023
TOI-1468 c,TOI-1468,15.532477,0.08608,2.126,4.1,338.1,3376.0,Transit,2022
TOI-1468 b,TOI-1468,1.8805201,0.02107,1.401,3.04,683.5,3376.0,Transit,2022
HIP 9618 b,HIP 9618,20.772858,0.145,3.82838127,8.3,640.88,5649.0,Transit,2023
Kepler-947 b,Kepler-947,26.9644317,0.1773,2.28,5.82,573.0,5508.0,Transit,2016
HD 20329 b,HD 20329,0.926118,0.018,1.72,7.42,2141.0,5596.0,Transit,2022
Kepler-167 e,Kepler-167,1071.23205,1.883,10.16,321.00669107,134.4,4884.0,Transit,2016
TOI-5205 b,TOI-5205,1.630757,0.0199,11.6,343.0,737.0,3430.0,Transit,2023
HIP 9618 c,HIP 9618,52.56363,0.269,3.42855926,7.0,470.31,5649.0,Transit,2023
TOI-1801 b,TOI-1801,10.64387,0.075,2.079,5.738,493.7,3863.0,Transit,2023
TOI-1823 b,TOI-1823,38.8,0.212,7.5406241,67.4,423.63,4927.0,Transit,2024
TOI-2031 A b,TOI-2031 A,5.71548654,0.066,14.20177855,254.2627256,1358.0,6490.0,Transit,2025
TOI-2134 b,TOI-2134,9.2292005,0.078,2.69,9.13,666.0,4580.0,Transit,2023
TOI-2134 c,TOI-2134,95.5,0.371,7.27,41.89,306.0,4580.0,Transit,2023
TOI-2374 b,TOI-2374,4.3136193,0.04818,7.48759911,61.65871096,926.0,5002.0,Transit,2024
TOI-2431 b,TOI-2431,0.22419578,0.0063,1.534,6.2,2063.0,4109.0,Transit,2026
TOI-3235 b,TOI-3235,2.59261842,0.02709,11.39953337,211.35589065,604.0,3388.8,Transit,2023
TOI-3757 b,TOI-3757,3.438753,0.03845,12.0,85.3,759.0,3913.0,Transit,2022
TOI-3884 b,TOI-3884,4.5445828,0.0361,6.43,32.59,441.0,3180.0,Transit,2022
TOI-3984 A b,TOI-3984 A,4.353326,0.041,7.9,44.0,563.0,3476.0,Transit,2023
TOI-4010 c,TOI-4010,5.414654,0.058,5.93,20.31,907.0,4960.0,Transit,2023
TOI-4010 d,TOI-4010,14.70886,0.113,6.18,38.15,650.0,4960.0,Transit,2023
TOI-4010 b,TOI-4010,1.348335,0.0229,3.02,11.0,1441.0,4960.0,Transit,2023
LP 890-9 b,LP 890-9,2.7299025,0.01875,1.32,13.2,396.0,2850.0,Transit,2022
TOI-4336 A b,TOI-4336 A,16.336351,0.0849,2.137,3.33,309.4,3307.0,Transit,2024
Kepler-167 c,Kepler-167,7.406106,0.0684,1.674,3.44,771.0,4884.0,Transit,2014
TOI-5293 A b,TOI-5293 A,2.930289,0.034,11.9,170.4,675.0,3586.0,Transit,2023
KOI-94 d,KOI-94,22.342989,0.1684,11.27,106.0,806.0,6182.0,Transit,2013
LP 890-9 c,LP 890-9,8.457463,0.03984,1.367,25.3,272.0,2850.0,Transit,2022
HD 3167 e,HD 3167,96.63,0.3885,2.83,8.41,374.8,5261.0,Radial Velocity,2022
TOI-1136 b,TOI-1136,4.1727,0.05106,1.9,3.5,1216.0,5770.0,Transit,2022
TOI-1136 g,TOI-1136,39.545,0.229,2.53,5.6,574.0,5770.0,Transit,2022
TOI-1338 c,TOI-1338 A,215.79,0.794,10.3,75.4,354.89,5723.2,Radial Velocity,2023
WASP-84 c,WASP-84,1.4468849,0.02359,1.95,15.2,1329.0,5280.0,Transit,2023
TOI-6109 c,TOI-6109,8.538878,0.0786,4.8326,20.8,786.0,5660.0,Transit,2025
TOI-6255 b,TOI-6255,0.23818244,,1.079,1.44,1256.46,3421.0,Transit,2024
WASP-193 b,WASP-193,6.2463475,0.0668,14.78464554,35.59678158,1250.0,6080.0,Transit,2023
LP 791-18 d,LP 791-18,2.75485,0.01992,1.032,0.91,395.5,2960.0,Transit,2023
TOI-6324 b,TOI-6324,0.279221,,1.059,1.17,1216.0,3247.0,Transit,2025
HD 207496 b,HD 207496,6.441008,0.0629,2.25,6.1,743.0,4819.0,Transit,2023
TOI-4010 e,TOI-4010,762.0,1.57,13.3,692.0,174.0,4960.0,Radial Velocity,2023
TOI-6109 b,TOI-6109,5.690476,0.0599,4.8704,21.1,700.0,5660.0,Transit,2025
TOI-199 c,TOI-199,273.69,0.807,11.4,88.99195396,255.43,5255.0,Transit Timing Variations,2023
GJ 806 b,GJ 806,0.9263237,0.01406,1.331,1.9,940.0,3600.0,Transit,2023
GJ 806 c,GJ 806,6.64064,0.0523,2.28,5.8,490.0,3600.0,Radial Velocity,2023
HD 110067 b,HD 110067,9.113678,0.0793,2.2,5.69,800.0,5266.0,Transit,2023
HD 110067 c,HD 110067,13.673694,0.1039,2.388,6.3,699.0,5266.0,Transit,2023
HD 110067 d,HD 110067,20.519617,0.1362,2.852,8.52,602.0,5266.0,Transit,2023
HD 110067 e,HD 110067,30.793091,0.1785,1.94,3.9,533.0,5266.0,Transit,2023
HD 110067 f,HD 110067,41.05854,0.2163,2.601,5.04,489.0,5266.0,Transit,2023
HD 110067 g,HD 110067,54.76992,0.2621,2.607,8.4,440.0,5266.0,Transit,2023
GJ 341 b,GJ 341,7.57686,,0.88,4.0,629.0,3770.0,Transit,2025
TOI-6894 b,TOI-6894,3.37077196,0.02604,9.5836785,53.39517238,417.9,3007.0,Transit,2025
IRAS 04125+2902 b,IRAS 04125+2902,8.834978,0.077,10.73820351,80.8,854.0,4080.0,Transit,2024
HIP 67522 c,HIP 67522,14.334892,0.1228,7.93595834,48.3,917.0,5675.0,Transit,2024
TOI-771 c,TOI-771,7.61,0.046,1.5,2.87,365.0,3370.0,Radial Velocity,2025
TOI-2076 e,TOI-2076,3.0223753,0.03863,1.301,4.7,1110.0,5187.0,Transit,2025
L 98-59 f,L 98-59,23.064,0.1052,1.48,2.8,285.0,3415.0,Radial Velocity,2025
HIP 41378 g,HIP 41378,64.067,,2.5,6.81,605.0,6371.0,Radial Velocity,2025
55 Cnc B b,55 Cnc B,6.7994,0.044,1.69,3.5,395.41,3286.0,Radial Velocity,2025
55 Cnc B c,55 Cnc B,33.747,0.13,2.16,5.3,230.04,3286.0,Radial Velocity,2025
GJ 3090 c,GJ 3090,15.9407,0.0997,3.14,10.0,407.2,3707.0,Radial Velocity,2026
TOI-4336 A c,TOI-4336 A,7.587266,0.05092,1.251,1.55,399.5,3307.0,Transit,2026
Kepler-12 b,Kepler-12,4.4379629,0.0553,19.660586,137.30256,1480.0,5947.0,Transit,2011
KOI-94 b,KOI-94,3.743208,0.05119,1.71,10.5,1486.0,6182.0,Transit,2013
Kepler-167 d,Kepler-167,21.80379,0.1404,1.238,2.06,538.0,4884.0,Transit,2016
Kepler-51 d,Kepler-51,130.194,0.509,9.7,7.6,381.0,6018.0,Transit,2014
Kepler-51 c,Kepler-51,85.312,0.384,9.0,4.0,439.0,6018.0,Transit,2012
Kepler-51 b,Kepler-51,45.154,0.2514,7.1,2.1,543.0,6018.0,Transit,2012
Kepler-167 b,Kepler-167,4.3931539,0.04825,1.718,3.6,918.0,4884.0,Transit,2014
KOI-94 c,KOI-94,10.423648,0.1013,4.32,15.6,1012.0,6182.0,Transit,2013
KOI-94 e,KOI-94,54.32031,0.3046,6.56,35.0,584.0,6182.0,Transit,2013
PH2 b,PH2,282.52542,0.833,9.33708092,87.08498352,295.1,5734.0,Transit,2013
K2-33 b,K2-33,5.424865,0.0409,5.04,1175.971,850.0,3540.0,Transit,2016
HAT-P-11 b,HAT-P-11,4.888,0.05258,4.36,25.0,838.0,4653.0,Transit,2010
HD 114082 b,HD 114082,109.75,0.5109,11.2089807,2542.627256,547.7,6651.0,Radial Velocity,2022
TIC 46432937 b,TIC 46432937,1.44044527,0.02065,13.31626907,1017.0509024,872.0,3572.0,Transit,2024
TOI-2529 b,TOI-2529,64.5949,0.327,11.54525012,743.71847238,636.0,5802.0,Transit,2024
KOI-1599.01,KOI-1599,20.4415,0.14728,1.9,4.6,660.0,5833.0,Transit,2019
Kepler-689 b,Kepler-689,22.36656079,0.1449,2.89,8.7,536.0,5518.0,Transit,2016
Kepler-1205 b,Kepler-1205,1.078390352,0.0196,1.41,2.57,1667.0,5226.0,Transit,2016
Kepler-32 f,Kepler-32,0.74296,0.013,0.82,969.228,1026.0,3900.0,Transit,2012
Kepler-968 b,Kepler-968,3.692983728,0.0389,2.0,4.66,745.0,4598.0,Transit,2016
BD+20 594 b,BD+20 594,41.6855,0.241,2.57807,22.2481,546.0,5766.0,Transit,2016
HD 73534 b,HD 73534,1750.0,2.99,13.7,353.42696,220.25,4917.0,Radial Velocity,2008
GJ 3988 b,GJ 3988,6.9442,0.0405,1.74,3.69,348.0,3273.0,Radial Velocity,2023
Kepler-116 b,Kepler-116,5.968734,0.069,3.42,11.6,1251.0,6142.0,Transit,2014
Kepler-364 c,Kepler-364,59.980627,0.312,2.15,5.27,568.0,6108.0,Transit,2014
HD 190984 b,HD 190984,4885.0,5.5,13.0,1137.82569706,152.29,5988.0,Radial Velocity,2009
Kepler-516 b,Kepler-516,24.85462415,0.1992,5.74,27.9,1095.0,7099.0,Transit,2016
Kepler-119 b,Kepler-119,2.422082,0.035,3.6,12.6,1213.0,5595.0,Transit,2014
WASP-75 b,WASP-75,2.484193,0.0375,14.235,340.06,1710.0,6100.0,Transit,2013
2M0437 b,2MASS J04372171+2651014,,118.0,13.0,1271.313628,1450.0,3100.0,Imaging,2021
Kepler-1518 b,Kepler-1518,5.11177904,0.0593,3.05,9.53,1351.0,6846.0,Transit,2016
K2-270 c,K2-270,4.400028,0.0497,2.95,9.01,848.0,4877.0,Transit,2018
Kepler-550 b,Kepler-550,8.600104109,0.0747,4.42,17.9,760.0,5322.0,Transit,2016
Kepler-763 d,Kepler-763,6.50327035,0.0634,1.67,3.43,804.0,4999.0,Transit,2023
Kepler-812 b,Kepler-812,10.11716531,0.1024,3.55,12.3,1163.0,6761.0,Transit,2016
WASP-23 b,WASP-23,2.9444256,0.0376,10.783,280.95,1076.55,5150.0,Transit,2010
Kepler-184 b,Kepler-184,10.687576,0.092,2.36,6.17,780.0,5788.0,Transit,2014
Kepler-343 b,Kepler-343,8.96855,0.088,2.41,6.39,1024.0,5807.0,Transit,2014
HD 103720 b,HD 103720,4.5557,0.0498,14.1,197.046,926.24,5017.0,Radial Velocity,2014
Kepler-1378 b,Kepler-1378,11.95398936,0.0885,2.2,5.48,525.0,4407.0,Transit,2016
Kepler-229 c,Kepler-229,16.068638,0.117,4.92,21.5,600.0,5120.0,Transit,2014
Kepler-561 b,Kepler-561,58.3620495,0.29256,6.96,38.7,446.0,5646.0,Transit,2016
Kepler-1272 b,Kepler-1272,51.1309704,0.2705,2.37,6.21,542.0,5926.0,Transit,2016
2MASS J11011926-7732383 b,2MASS J11011926-7732383,,266.0,11.9,8899.195396,2677.0,,Imaging,2024
HD 18015 b,HD 18015,2278.0,3.87,13.1,1048.8337431,242.98,5603.0,Radial Velocity,2018
TOI-2019 b,TOI-2019,15.3444,0.128,5.33275337,34.4,917.46,5626.0,Transit,2024
Kepler-161 b,Kepler-161,4.921355,0.054,2.12,2.63,868.0,5078.0,Transit,2014
Kepler-75 b,Kepler-75,8.8849116,0.0818,11.77,3209.9,767.0,5200.0,Transit,2013
HD 30562 b,HD 30562,1157.0,2.34,13.6,467.20775829,235.27,5882.0,Radial Velocity,2009
Kepler-292 e,Kepler-292,11.97901,0.097,2.67,7.61,678.0,5299.0,Transit,2014
Kepler-981 b,Kepler-981,4.469757736,0.0535,2.31,5.95,1103.0,5718.0,Transit,2016
Kepler-176 b,Kepler-176,5.433074,0.058,1.43,290.537,841.0,5232.0,Transit,2014
Kepler-726 b,Kepler-726,21.80451088,0.1406,3.26,10.7,543.0,5452.0,Transit,2016
Kepler-594 b,Kepler-594,13.64618192,0.1089,2.18,5.39,678.0,5485.0,Transit,2016
HD 180617 b,HD 180617,105.911,0.343,3.53,12.214,201.8,3534.0,Radial Velocity,2018
Kepler-238 d,Kepler-238,13.233549,0.115,3.07,23.1,888.0,5751.0,Transit,2014
HD 142022 A b,HD 142022 A,1928.0,2.93,12.9,1433.40611557,155.74,5421.0,Radial Velocity,2005
Kepler-404 c,Kepler-404,14.751166,0.118,1.72,3.61,678.0,5654.0,Transit,2014
Ross 128 b,Ross 128,9.8658,0.0496,1.11,1.4,301.0,3192.0,Radial Velocity,2017
Kepler-1936 b,Kepler-1936,126.5569992,0.52662,3.16615594,10.2,524.0,6501.0,Transit,2021
HD 216435 b,HD 216435,1311.0,2.56,13.7,400.4,242.57,5999.0,Radial Velocity,2002
Kepler-1211 b,Kepler-1211,11.01816836,0.09763,2.55,7.04,840.0,5705.0,Transit,2016
Kepler-224 e,Kepler-224,18.643577,0.124,1.97,4.54,517.0,5018.0,Transit,2014
Kepler-1759 b,Kepler-1759,3.720230103,0.0429,0.9037791,0.676,954.0,5017.0,Transit,2021
Kepler-1215 b,Kepler-1215,4.76703963,0.0528,1.22,1.98,1046.0,5616.0,Transit,2016
HIP 14810 d,HIP 14810,981.8,1.94,14.1,187.5197,198.54,5544.0,Radial Velocity,2009
Kepler-716 b,Kepler-716,10.37168453,0.08628,2.9,8.75,720.0,5099.0,Transit,2016
HAT-P-4 b,HAT-P-4,3.056536,0.04438,14.28,213.255,1686.0,5860.0,Transit,2007
TOI-1691 b,TOI-1691,16.736888935,0.129365,3.66,14.6,703.49,5759.0,Transit,2024
Kepler-1045 b,Kepler-1045,26.41045478,0.1616,2.69,7.7,512.0,5301.0,Transit,2016
WASP-144 b,WASP-144,2.2783152,0.0316,9.52765,139.8452,1260.0,5200.0,Transit,2018
HATS-68 b,HATS-68,3.5862202,0.05071,13.809488,410.0007,1741.0,6147.0,Transit,2018
Kepler-170 b,Kepler-170,7.930592,0.08,3.2,82.6,899.0,5679.0,Transit,2014
WASP-88 b,WASP-88,4.954,0.06431,16.36514,133.4886,1772.0,6430.0,Transit,2014
Kepler-357 c,Kepler-357,16.85837,0.12,2.67,7.61,576.0,5036.0,Transit,2014
Kepler-312 c,Kepler-312,19.747412,0.153,3.15,10.1,754.0,6115.0,Transit,2014
Kepler-744 b,Kepler-744,12.06222443,0.09735,1.62,3.26,750.0,5594.0,Transit,2016
Kepler-1167 b,Kepler-1167,1.003933739,0.0175,1.71,3.57,1419.0,4971.0,Transit,2016
Kepler-1987 b,Kepler-1987,2.345863002,0.0318,1.23,2.04,997.0,4769.0,Transit,2023
Kepler-28 c,Kepler-28,8.99,0.07519,1.857,2.06,509.0,4499.3,Transit,2011
Kepler-173 c,Kepler-173,8.005777,0.074,2.43,6.48,956.0,6031.0,Transit,2014
GJ 676 A b,GJ 676 A,1051.44521,1.735,12.8,1840.86213334,113.55,3734.0,Radial Velocity,2010
Kepler-127 c,Kepler-127,29.393195,0.2,2.66,7.56,698.0,6106.0,Transit,2014
TOI-2458 c,TOI-2458,16.553,0.129,3.18,10.22,922.76,6005.0,Radial Velocity,2024
HD 22532 b,HD 22532,872.6,1.9,13.4,673.79622284,420.41,5038.0,Radial Velocity,2022
HD 115404 A b,HD 115404 A,10.49488,0.088,6.09,30.82935548,695.65,5019.17,Radial Velocity,2022
Kepler-661 b,Kepler-661,6.029301321,0.0585,3.07,9.64,678.0,4483.0,Transit,2016
Kepler-381 d,Kepler-381,8.256299973,0.08364,1.0667865,1.23,1387.0,6197.0,Transit,2021
Kepler-1739 b,Kepler-1739,7.343709946,0.0697,2.43056832,6.48,839.0,5757.0,Transit,2021
Kepler-1254 d,Kepler-1254,5.72717226,0.0575,1.31,2.27,794.0,4985.0,Transit,2016
K2-45 b,K2-45,1.7292684,0.0224,6.71,36.4,1073.56,4103.0,Transit,2016
XO-2 S b,XO-2 S,18.22,0.1347,10.9,82.63538582,706.59,5325.0,Radial Velocity,2014
OGLE-TR-56 b,OGLE-TR-56,1.2119189,0.02383,15.278,441.77,2212.0,6050.0,Transit,2002
91 Aqr b,91 Aqr,181.4,0.7,13.1,1017.0,891.73,4665.0,Radial Velocity,2013
K2-405 b,K2-405,3.435471,,4.569,18.9,969.0,4927.0,Transit,2022
HD 109246 b,HD 109246,68.27,0.33,13.9,273.3338,507.43,5844.0,Radial Velocity,2010
TOI-4515 b,TOI-4515,15.266446,0.118,12.17,637.0,705.0,5433.0,Transit,2024
Oph 11 b,Oph 11,7300000.0,243.0,12.3,4449.62,2175.0,2375.0,Imaging,2006
Kepler-96 b,Kepler-96,16.2385,0.1261,2.67,8.46,711.0,5690.0,Transit,2014
Kepler-180 b,Kepler-180,13.817124,0.109,1.5,2.86,781.0,5731.0,Transit,2014
NGTS-6 b,NGTS-6,0.882059,0.01677,14.863134,425.57437,1283.9,4730.0,Transit,2019
Kepler-1756 b,Kepler-1756,2.355750084,0.0319,1.47199944,2.77,1093.0,4915.0,Transit,2021
Kepler-1064 b,Kepler-1064,16.54080322,0.1183,1.55,3.02,570.0,5153.0,Transit,2016
Kepler-1146 b,Kepler-1146,2.352265797,0.0325,1.23,2.04,1019.0,4692.0,Transit,2016
Kepler-667 b,Kepler-667,41.43962808,0.2288,4.73,20.1,516.0,5327.0,Transit,2016
Kepler-772 b,Kepler-772,12.99207337,0.11153,1.82,3.97,866.0,5714.0,Transit,2016
HD 93385 d,HD 93385,45.85,0.2565,2.89,8.7,619.44,5977.0,Radial Velocity,2021
Kepler-1921 c,Kepler-1921,3.15722086,0.0454,1.41,2.57,1791.0,6120.0,Transit,2023
K2-390 b,K2-390,3.312792,,4.662,19.6,1119.0,5558.0,Transit,2022
Kepler-1056 b,Kepler-1056,27.495606,0.1629,3.01,9.32,590.0,6127.0,Transit,2016
Kepler-1554 b,Kepler-1554,198.088774,0.59527,2.9,8.75,288.0,5297.0,Transit,2016
Kepler-234 c,Kepler-234,7.21205,0.077,3.51,12.1,1025.0,6224.0,Transit,2014
WASP-13 b,WASP-13,4.35301,0.05362,13.67498,114.4188,1531.0,5950.0,Transit,2009
Kepler-1963 b,Kepler-1963,1.962260008,0.02915,0.74437023,0.337,1448.0,5726.0,Transit,2021
NGTS-33 b,NGTS-33,2.827972,0.048,18.38272835,1153.71711741,1991.0,7437.0,Transit,2024
Kepler-310 d,Kepler-310,92.876125,0.392,2.47,7.0,353.0,5797.0,Transit,2014
Kepler-161 c,Kepler-161,7.06424,0.068,2.05,3.61,769.0,5078.0,Transit,2014
Kepler-1169 b,Kepler-1169,6.11009134,0.06931,0.94,0.779,1125.0,6191.0,Transit,2016
Kepler-784 c,Kepler-784,17.157236,0.1309,1.55,3.02,844.0,5676.0,Transit,2023
Kepler-149 c,Kepler-149,55.328328,0.281,1.61,3.22,436.0,5381.0,Transit,2014
Kepler-1458 b,Kepler-1458,47.9872764,0.24869,2.76,8.05,493.0,5653.0,Transit,2016
Kepler-1935 b,Kepler-1935,3.951400042,0.0463,2.50271696,6.82,1083.0,5570.0,Transit,2021
Kepler-920 c,Kepler-920,100.8274113,0.4029,3.8,13.8,364.0,5403.0,Transit,2016
Kepler-1864 b,Kepler-1864,3.881510019,0.049,0.75408365,0.353,1156.0,5854.0,Transit,2021
K2-110 b,K2-110,13.86375,0.10207,2.592,15.9,638.0,5010.0,Transit,2017
Kepler-1110 b,Kepler-1110,9.69312032,0.0754,2.66,7.56,609.0,4781.0,Transit,2016
Kepler-960 b,Kepler-960,3.12686223,0.03807,2.29,5.86,1391.0,4755.0,Transit,2016
Kepler-348 b,Kepler-348,7.05677,0.076,1.52,2.92,1196.0,6177.0,Transit,2014
Kepler-1533 b,Kepler-1533,308.5471,0.93416,3.46,11.8,330.0,6431.0,Transit,2016
Kepler-129 c,Kepler-129,82.2,0.39,2.52,43.0,525.0,5770.0,Transit,2014
K2-312 c,HD 80653,921.2,1.961,12.8,1719.45168187,226.65,5959.0,Radial Velocity,2023
Kepler-880 b,Kepler-880,7.71468975,0.0915,2.66,7.56,1622.0,6761.0,Transit,2016
Kepler-1189 b,Kepler-1189,3.78858982,0.0467,1.77,3.78,1158.0,6012.0,Transit,2016
Kepler-313 c,Kepler-313,32.273273,0.208,2.57,7.13,683.0,5727.0,Transit,2014
TOI-4342 c,TOI-4342,10.688662,0.0804,2.349,4.8,514.0,3866.0,Transit,2023
HD 20003 b,HD 20003,11.8482,0.0974,3.43,11.66,814.93,5494.0,Radial Velocity,2019
OGLE-TR-182 b,OGLE-TR-182,3.9791,0.051,12.666,320.995,1550.0,5924.0,Transit,2007
Kepler-1374 b,Kepler-1374,10.65276707,0.0918,2.29,5.86,737.0,5323.0,Transit,2016
Kepler-215 e,Kepler-215,68.16101,0.314,1.75,3.71,405.0,5739.0,Transit,2014
Kepler-1942 b,Kepler-1942,4.626049995,0.0516,2.1170287,5.13,1012.0,5834.0,Transit,2021
Kepler-417 b,Kepler-417,12.331,0.1006,2.31,11.0,671.0,5177.0,Transit Timing Variations,2014
Kepler-193 b,Kepler-193,11.38848,0.106,2.39,6.3,979.0,6335.0,Transit,2014
GJ 9773 b,GJ 9773,2965.0,2.921,14.2,172.580825,59.89,3528.0,Radial Velocity,2025
Kepler-549 c,Kepler-549,117.040498,0.45332,2.93,8.91,349.0,5360.0,Transit,2016
Kepler-327 c,Kepler-327,5.212333,0.047,1.03,20.3,537.0,3799.0,Transit,2014
NGTS-27 b,NGTS-27,3.3704181,0.0446,15.64773706,188.47224535,1783.0,5700.0,Transit,2024
Kepler-1600 b,Kepler-1600,386.370548,0.98141,3.13,9.96,209.0,5214.0,Transit,2016
HD 24064 b,HD 24064,535.59998,1.29,12.3,4096.8287,1088.02,4052.0,Radial Velocity,2015
FU Tau b,FU Tau,,800.0,12.2,5085.28,2375.0,2838.0,Imaging,2008
GJ 251 b,GJ 251,14.237,0.0808,1.79,3.85,336.0,3342.0,Radial Velocity,2020
Kepler-340 b,Kepler-340,14.844387,0.134,2.53,6.94,1092.0,6620.0,Transit,2014
Kepler-299 b,Kepler-299,2.927128,0.04,1.32,2.3,1258.0,5617.0,Transit,2014
Kepler-228 d,Kepler-228,11.094286,0.101,4.04,15.4,835.0,6043.0,Transit,2014
HD 96992 b,HD 96992,514.0,1.24,13.7,362.3262,557.72,4725.0,Radial Velocity,2021
Kepler-1419 b,Kepler-1419,42.5215895,0.2391,2.86,8.55,510.0,5796.0,Transit,2016
KOI-142 c,KOI-142,22.26492,0.154121003,14.0,214.1,635.87,5466.0,Transit Timing Variations,2013
DP Leo b,DP Leo,10220.0,8.19,12.7,1995.88832,24.39,13500.0,Eclipse Timing Variations,2009
Kepler-235 d,Kepler-235,20.060548,0.122,2.05,4.86,401.0,4255.0,Transit,2014
Kepler-202 b,Kepler-202,4.069427,0.045,1.63,3.29,802.0,4668.0,Transit,2014
Kepler-1624 b,Kepler-1624,3.290314,0.0327,6.59,35.3,540.0,3768.0,Transit,2016
K2-271 b,K2-271,8.562421,0.077,7.28,41.8,893.0,5644.0,Transit,2018
Kepler-1752 b,Kepler-1752,56.35850143,0.2698,4.54060463,18.7,419.0,5446.0,Transit,2021
Kepler-1289 b,Kepler-1289,7.99019627,0.0785,1.52,2.92,1113.0,6080.0,Transit,2016
K2-415 b,K2-415,4.0179694,0.027,1.015,7.5,412.4,3173.0,Transit,2023
Kepler-1007 b,Kepler-1007,5.185002073,0.048,1.44,2.67,652.0,4587.0,Transit,2016
HD 12661 b,HD 12661,262.70862,0.84,13.3,772.3269,325.35,5645.0,Radial Velocity,2000
K2-75 b,K2-75,7.8142,0.081,2.67,7.61,1268.65,5995.0,Transit,2016
HD 180314 b,HD 180314,394.73,1.448,12.0,7216.92963775,597.64,4917.0,Radial Velocity,2010
Kepler-551 b,Kepler-551,12.3764661,0.0893,2.73,7.9,483.0,4286.0,Transit,2016
Kepler-181 c,Kepler-181,4.302149,0.049,1.99,4.62,937.0,5333.0,Transit,2014
TOI-3664 b,TOI-3664,3.2974839,0.0431,13.69737442,114.41822652,1232.0,5593.0,Transit,2026
Kepler-268 c,Kepler-268,83.446393,0.391,3.38,11.4,471.0,6081.0,Transit,2014
K2-268 b,K2-268,2.151676,0.0308,1.5,2.86,1136.0,5106.0,Transit,2018
Kepler-924 b,Kepler-924,61.0370117,0.31318,3.07,9.64,610.0,6167.0,Transit,2016
HD 203030 b,HD 203030,,487.1,14.4595851,3496.112477,1040.0,5603.0,Imaging,2006
Kepler-1186 b,Kepler-1186,16.07677615,0.1281,2.23,5.6,724.0,5635.0,Transit,2016
Kepler-1492 b,Kepler-1492,16.75255007,0.1262,1.49,2.83,801.0,4712.0,Transit,2016
Kepler-1986 b,Kepler-1986,19.5489666,0.1307,1.89,4.23,579.0,5549.0,Transit,2023
Kepler-1448 b,Kepler-1448,12.27065865,0.1058,1.61,3.22,811.0,5774.0,Transit,2016
Kepler-465 b,Kepler-465,9.940672466,0.09195,2.95,9.01,996.0,6310.0,Transit,2016
Kepler-953 c,Kepler-953,9.10967112,0.0862,1.19,1.81,873.0,5416.0,Transit,2016
HD 169142 b,HD 169142,,37.2,13.1,953.485221,71.02,7246.0,Imaging,2023
HD 150010 b,HD 150010,562.0,1.4,13.3,762.7881768,681.22,4153.0,Radial Velocity,2022
Kepler-92 c,Kepler-92,26.723,0.19054,2.6,6.1,781.0,5883.0,Transit,2013
EPIC 248847494 b,EPIC 248847494,3650.0,4.5,12.44199,4131.79,183.0,4898.0,Transit,2018
Kepler-1636 b,Kepler-1636,425.47785,1.12191,3.23,10.5,248.0,5797.0,Transit,2016
Kepler-1822 b,Kepler-1822,22.13339996,0.1416,2.64755943,7.5,507.0,5165.0,Transit,2021
Kepler-164 c,Kepler-164,10.945723,0.097,2.73,7.9,881.0,5888.0,Transit,2014
HD 95872 b,HD 95872,4375.0,5.15,13.0,1188.6842,103.45,5312.0,Radial Velocity,2015
K2-100 b,K2-100,1.6739035,0.0301,3.88,21.8,1841.0,5945.0,Transit,2016
K2-80 b,K2-80,19.0918,0.135,2.01,4.7,666.05,5441.0,Transit,2016
Kepler-649 b,Kepler-649,29.90722674,0.17522,2.26,5.73,564.0,5871.0,Transit,2016
Kepler-1002 b,Kepler-1002,4.336429331,0.0564,1.71,3.57,1453.0,6144.0,Transit,2016
Kepler-246 c,Kepler-246,11.187161,0.095,1.5,2.86,667.0,5206.0,Transit,2014
HD 195019 b,HD 195019,18.20132,0.14,13.0,1264.9634,901.66,5751.0,Radial Velocity,1998
Kepler-424 c,Kepler-424,223.3,0.73,12.7,2215.18,298.76,5460.0,Radial Velocity,2014
Kepler-1473 b,Kepler-1473,14.4273551,0.11606,1.19,1.81,783.0,6046.0,Transit,2016
Kepler-384 c,Kepler-384,45.348269,0.236,1.13,1.51,531.0,5577.0,Transit,2014
Kepler-191 b,Kepler-191,9.939632,0.087,1.34,2.36,722.0,5282.0,Transit,2014
NGTS-8 b,NGTS-8,2.4997,0.035,12.21781,295.5819,1345.0,5241.0,Transit,2019
TOI-784 b,HD 307842,2.7970365,0.038,1.93,9.67,1256.0,5558.0,Transit,2023
EPIC 228836835 b,EPIC 228836835,0.728113,,1.1,1.37,932.0,3782.0,Transit,2021
Kepler-1685 b,Kepler-1685,20.4905,0.1485,2.57673985,7.16,625.0,5484.0,Transit,2020
TOI-4377 b,TOI-4377,4.378081,0.0579,15.10970598,304.1617855,1162.08,4974.0,Transit,2023
HR 8799 c,HR 8799,69000.0,38.0,13.0,3000.0,1200.0,7204.58,Imaging,2008
K2-269 b,K2-269,4.144965,0.0531,1.57,3.09,1429.0,6209.0,Transit,2018
Kepler-179 c,Kepler-179,6.40013,0.064,2.0,4.66,810.0,5302.0,Transit,2014
Kepler-311 c,Kepler-311,19.738286,0.145,1.43,2.63,744.0,5905.0,Transit,2014
TOI-122 b,TOI-122,5.07803,0.0392,2.72,7.85,471.0,3403.0,Transit,2020
HD 64121 b,HD 64121,623.0,1.51,13.2,813.64072192,464.77,5078.0,Radial Velocity,2022
iot Dra b,iot Dra,510.8544,1.453,12.4,3756.73177074,618.67,4504.0,Radial Velocity,2002
Kepler-298 d,Kepler-298,77.473633,0.305,2.5,6.8,277.0,4465.0,Transit,2014
GJ 1137 c,HD 93083,9.6412,0.0835,2.11,5.12,768.51,5033.8,Radial Velocity,2026
Kepler-375 b,Kepler-375,12.125934,0.101,1.45,2.7,851.0,5826.0,Transit,2014
Kepler-666 b,Kepler-666,4.49876092,0.0542,2.4,6.35,1133.0,5887.0,Transit,2016
Kepler-239 b,Kepler-239,11.763051,0.095,2.33,6.04,616.0,4914.0,Transit,2014
Kepler-931 b,Kepler-931,8.03755877,0.0719,1.33,2.33,744.0,5241.0,Transit,2016
Kepler-205 b,Kepler-205,2.75564,0.032,1.51,2.89,757.0,4321.0,Transit,2014
K2-351 b,K2-351,7.806164,,2.54,6.99,934.0,5769.0,Transit,2021
Kepler-1697 b,Kepler-1697,33.4969,0.2008,1.25954761,2.12,630.0,4681.53,Transit,2020
Kepler-1269 b,Kepler-1269,37.3331536,0.23611,1.63,3.29,657.0,5998.0,Transit,2016
TOI-5076 b,TOI-5076,23.443162,0.1481,3.48935569,16.14568308,550.0,4780.0,Transit,2024
HD 240237 b,HD 240237,745.70001,1.92,12.2,5050.3187,1153.09,3926.0,Radial Velocity,2011
Kepler-1019 b,Kepler-1019,1.411229847,0.0221,1.46,2.73,1164.0,4433.0,Transit,2016
HD 192310 b,HD 192310,74.72,0.32,4.27,16.9,355.0,5166.0,Radial Velocity,2011
Kepler-1909 b,Kepler-1909,2.391609907,0.0306,1.09217411,1.33,1031.0,4935.0,Transit,2021
Barnard c,Barnard's star,4.1244,0.0274,0.743,0.335,400.0,3195.0,Radial Velocity,2025
Kepler-972 b,Kepler-972,7.03932553,0.0734,4.65,19.5,1060.0,6146.0,Transit,2016
Kepler-783 b,Kepler-783,4.29264638,0.04958,0.78,0.399,991.0,5521.0,Transit,2016
Kepler-407 b,Kepler-407,0.6693124,0.01531,1.19,1.93,1983.0,5487.0,Transit,2014
Kepler-1219 b,Kepler-1219,16.10467749,0.14146,2.12,5.14,1159.0,5944.0,Transit,2016
TOI-3353.01,TOI-3353,4.6657965,0.060118218,2.6667555,7.59,1264.36,6365.0,Transit,2024
GJ 3341 b,GJ 3341,14.207,0.089,2.46,6.6,377.62,3526.0,Radial Velocity,2015
TOI-5174 b,TOI-5174,12.214286,,5.351,24.8,808.37,5643.77,Transit,2022
Kepler-130 b,Kepler-130,8.457458,0.079,1.02,1.04,982.0,5884.0,Transit,2014
TOI-7166 b,TOI-7166,12.92063621,0.06191,2.01,4.7,249.0,3099.0,Transit,2025
Kepler-122 f,Kepler-122,56.268,0.28575,1.75,36.0,543.0,5917.0,Transit Timing Variations,2014
K2-278 b,K2-278,3.334966,0.0488,2.98,9.17,1711.0,6747.0,Transit,2018
Kepler-1932 b,Kepler-1932,0.524177015,0.0123,1.51482218,2.91,1891.0,5278.0,Transit,2021
Kepler-123 b,Kepler-123,17.232366,0.135,2.94,55.3,817.0,6089.0,Transit,2014
K2-291 b,K2-291,2.225177,0.03261,1.589,6.49,1278.0,5520.0,Transit,2019
Kepler-332 d,Kepler-332,34.21154,0.189,1.18,1.76,427.0,4955.0,Transit,2014
Kepler-955 b,Kepler-955,14.53244172,0.1083,3.13,9.96,664.0,5350.0,Transit,2016
Kepler-224 d,Kepler-224,11.349393,0.089,2.3,5.9,610.0,5018.0,Transit,2014
Kepler-474 b,Kepler-474,5.660672935,0.06092,3.06,9.59,1115.0,5785.0,Transit,2016
CoRoT-1 b,CoRoT-1,1.5089557,0.02752,16.7,327.35,1898.0,5950.0,Transit,2008
Kepler-1309 b,Kepler-1309,28.8432647,0.1679,2.37,6.21,491.0,5235.0,Transit,2016
Kepler-57 c,Kepler-57,11.6,0.09588,2.196,6.86,671.0,5187.9,Transit,2012
HD 150706 b,HD 150706,5894.0,6.7,13.3,772.32302901,108.81,5961.0,Radial Velocity,2012
Kepler-1038 c,Kepler-1038,7.127659798,0.0692,1.4162338,2.59,784.0,5159.0,Transit,2021
HATS-41 b,HATS-41,4.193649,0.0583,14.90797,3082.951,1710.0,6424.0,Transit,2018
WASP-142 b,WASP-142,2.052868,0.0347,17.14977,266.9772,2000.0,6010.0,Transit,2016
TOI-2071 b,TOI-2071,5.67395386982,,2.56484195,7.1,1029.33,5755.41,Transit,2026
XO-2 N b,XO-2 N,2.61585906,0.03666,11.130537,199.91507,1328.0,5290.0,Transit,2007
K2-69 b,K2-69,7.06599,0.0591,2.32,5.99,573.61,4127.0,Transit,2016
Kepler-229 b,Kepler-229,6.252972,0.062,2.2,5.48,823.0,5120.0,Transit,2014
Kepler-1802 c,Kepler-1802,33.13610077,0.1748,2.322,6.0,357.0,4245.0,Transit,2021
Kepler-855 b,Kepler-855,7.886631104,0.0762,8.35,52.7,996.0,5835.0,Transit,2016
Kepler-338 b,Kepler-338,13.726976,0.117,2.44,30.6,1005.0,5923.0,Transit,2014
Kepler-1872 b,Kepler-1872,3.825910091,0.0465,2.38421141,6.28,1005.0,5223.0,Transit,2021
GSC 06214-00210 b,GSC 06214-00210,,320.0,20.1762,5000.0,2300.0,4200.0,Imaging,2010
Kepler-434 b,Kepler-434,12.8747099,0.1143,12.67,908.96,1000.0,5977.0,Transit,2015
Kepler-1471 b,Kepler-1471,3.63899398,0.0453,1.41,2.57,1238.0,5660.0,Transit,2016
Kepler-301 c,Kepler-301,5.419026,0.06,1.35,2.39,989.0,5815.0,Transit,2014
Kepler-971 b,Kepler-971,9.59070716,0.08679,2.13,5.18,1087.0,5431.0,Transit,2016
Kepler-619 b,Kepler-619,5.404272197,0.06014,3.16,10.1,1073.0,5980.0,Transit,2016
Kepler-81 b,Kepler-81,5.955,0.0522,2.42,17.2,635.0,4385.0,Transit,2012
K2-9 b,K2-9,18.4498,0.091,2.25,5.69,314.0,3390.0,Transit,2015
WASP-136 b,WASP-136,5.21536178778,0.0661,16.81347105,479.92089457,1630.0,6250.0,Transit,2016
Kepler-1496 b,Kepler-1496,64.6588017,0.3211,2.22,5.56,535.0,6182.0,Transit,2016
Kepler-932 b,Kepler-932,1.921437396,0.02876,1.37,2.45,1276.0,5331.0,Transit,2016
HD 1605 b,HD 1605,577.2,1.492,13.8,296.85322,362.48,4915.0,Radial Velocity,2015
K2-308 b,K2-308,3.38628,,9.916,70.6,1213.76,6100.0,Transit,2019
HD 158996 b,HD 158996,820.2,2.1,12.3,4449.62,960.27,4069.0,Radial Velocity,2018
Kepler-1955 b,Kepler-1955,14.26519966,0.11959,1.16654878,1.69,853.0,5825.0,Transit,2021
Kepler-322 c,Kepler-322,4.337234,0.051,1.67,3.43,996.0,5388.0,Transit,2014
WASP-41 c,WASP-41,421.0,1.07,13.1,1010.6994,241.0,5545.0,Radial Velocity,2015
Kepler-1029 b,Kepler-1029,4.417696479,0.047,1.26,2.13,790.0,5030.0,Transit,2016
Kepler-317 b,Kepler-317,5.524242,0.061,2.09,109.8,976.0,5497.0,Transit,2014
Kepler-65 c,Kepler-65,5.859944,0.068,2.58,5.4,1246.0,6211.0,Transit,2012
Kepler-416 d,Kepler-416,3.07644709,0.0407,1.61,3.22,1253.0,5670.0,Transit,2023
EPIC 201595106 b,EPIC 201595106,0.87724,0.0177,1.565,7.67,2038.0,5679.0,Transit,2021
Kepler-1154 c,Kepler-1154,8.45808312,0.0875,2.36,6.17,1117.0,6327.0,Transit,2016
Kepler-863 b,Kepler-863,15.59461874,0.122,2.9,8.75,718.0,5678.0,Transit,2016
Kepler-1234 b,Kepler-1234,11.94014029,0.096,2.81,8.3,625.0,4967.0,Transit,2016
Kepler-374 d,Kepler-374,5.028219,0.056,1.31,2.27,1272.0,5977.0,Transit,2014
Kepler-186 b,Kepler-186,3.8867907,0.0343,1.07,1.24,571.0,3788.0,Transit,2014
Kepler-150 e,Kepler-150,30.826557,0.189,3.12,9.91,544.0,5560.0,Transit,2014
K2-183 d,K2-183,22.620344,0.1527,2.3,5.9,615.0,5482.0,Transit,2018
Kepler-301 b,Kepler-301,2.508553,0.036,1.35,2.39,1278.0,5815.0,Transit,2014
HR 8799 d,HR 8799,37000.0,24.0,13.0,3000.0,1300.0,7204.58,Imaging,2008
Kepler-282 e,Kepler-282,44.347,0.23332,3.1,56.2,484.0,5656.0,Transit,2013
Kepler-1581 b,Kepler-1581,6.28385491,0.06865,0.8,0.437,1108.0,6022.0,Transit,2016
Kepler-546 b,Kepler-546,4.147020258,0.0502,7.0,39.1,1258.0,5967.0,Transit,2016
TOI-283 b,TOI-283,17.61745,0.123,2.34,6.54,661.0,5213.0,Transit,2025
Kepler-1058 b,Kepler-1058,110.96546,0.3679,2.72,7.85,239.0,4644.0,Transit,2016
Kepler-685 b,Kepler-685,1.6255222,0.0265,10.58,78.8,1579.0,5963.0,Transit,2016
Kepler-589 c,Kepler-589,3.52466011,0.0426,1.11727238,1.45,1098.0,5372.0,Transit,2021
HIP 79098 AB b,HIP 79098 AB,,345.0,12.1,6515.515,2450.0,9193.75,Imaging,2019
EPIC 229004835 b,EPIC 229004835,16.141132,0.1237,2.332,10.4,804.0,5868.0,Transit,2023
GJ 1061 c,GJ 1061,6.6821,0.0342,1.19,1.81,304.12,2953.0,Radial Velocity,2020
16 Cyg B b,16 Cyg B,798.5,1.66,13.5,565.7374,228.76,5750.0,Radial Velocity,1996
Kepler-1467 b,Kepler-1467,47.0569043,0.2388,3.3,10.9,411.0,5332.0,Transit,2016
HD 174205 b,HD 174205,582.0,1.7,13.0,1334.8793094,821.72,4308.0,Radial Velocity,2022
Kepler-1952 b,Kepler-1952,27.21080017,0.1724,1.23923346,2.07,725.0,5973.0,Transit,2021
Kepler-602 b,Kepler-602,15.28469497,0.1224,2.09,5.02,852.0,6062.0,Transit,2016
Kepler-372 b,Kepler-372,6.849692,0.075,1.36,2.42,1081.0,6509.0,Transit,2014
WASP-44 b,WASP-44,2.423804,0.03453,12.3299,276.5121,1337.0,5420.0,Transit,2011
Kepler-1512 b,Kepler-1512,20.35972599,0.13693,1.18,1.76,322.0,4372.0,Transit,2016
Qatar-2 b,Qatar-2,1.33711647,0.02153,14.056,792.635,1344.0,4645.0,Transit,2011
TOI-286 b,TOI-286,4.5117244,0.0503,1.42,4.53,979.0,5152.0,Transit,2024
GJ 180 d,GJ 180,106.3,0.309,2.66,7.56,187.94,3371.0,Radial Velocity,2020
Kepler-244 b,Kepler-244,4.311792,0.05,2.76,8.05,1038.0,5554.0,Transit,2014
HAT-P-29 b,HAT-P-29,5.72319,0.0667,13.11453,279.6904,1281.0,6087.0,Transit,2011
Wolf 1061 b,Wolf 1061,4.8869,0.0375,1.21,1.91,461.1,3342.0,Radial Velocity,2015
Kepler-238 f,Kepler-238,50.447,0.28635,2.0,13.5,568.0,5800.0,Transit,2013
TYC 3318-01333-1 b,TYC 3318-01333-1,562.0,1.414,13.1,1086.9786,470.43,4776.0,Radial Velocity,2018
Kepler-1010 b,Kepler-1010,34.2685705,0.193,2.32,5.99,477.0,5253.0,Transit,2016
Kepler-1230 b,Kepler-1230,9.95661537,0.0921,2.71,7.8,946.0,5961.0,Transit,2016
Kepler-1434 b,Kepler-1434,8.05333618,0.0917,1.11,1.41,1320.0,6291.0,Transit,2016
K2-187 b,K2-187,0.77401,0.0164,1.2,1.87,1815.0,5438.0,Transit,2018
Kepler-1699 b,Kepler-1699,3.49082,0.0418,1.56671124,3.08,1010.0,5575.53,Transit,2020
Kepler-1152 b,Kepler-1152,1.646801908,0.0223,0.87,0.59,806.0,3964.0,Transit,2016
Kepler-156 b,Kepler-156,4.973456,0.054,2.3,5.9,867.0,5094.0,Transit,2014
Kepler-80 f,Kepler-80,0.9867873,0.0175,1.21,4459.73,1054.0,4540.0,Transit,2016
Kepler-964 b,Kepler-964,13.5225106,0.1073,2.12,5.14,652.0,5427.0,Transit,2016
Kepler-220 e,Kepler-220,45.902733,0.226,1.33,2.33,341.0,4632.0,Transit,2014
HD 160691 d,HD 160691,9.6392,0.0952,3.23,10.49,900.0,5773.0,Radial Velocity,2004
Kepler-985 b,Kepler-985,116.331901,0.44664,2.98,9.17,323.0,5434.0,Transit,2016
Kepler-834 b,Kepler-834,13.32388301,0.0862,2.02,4.74,378.0,4554.0,Transit,2016
TOI-1860 b,TOI-1860,1.0662107,0.0204,1.31,2.27,1885.0,5752.0,Transit,2022
K2-343 c,K2-343,7.676972,,2.02,4.74,465.0,3804.0,Transit,2021
TOI-1346 b,TOI-1346,1.7622538,,2.39,6.3,1324.0,5099.0,Transit,2025
Kepler-363 d,Kepler-363,11.932125,0.107,2.05,4.86,905.0,5593.0,Transit,2014
Kepler-1594 b,Kepler-1594,2.71603809,0.0396,1.06,1.2,1360.0,5946.0,Transit,2016
Gaia-1 b,Gaia-1,3.052524,0.04047,13.77583728,533.95172376,1159.07,5470.0,Transit,2022
WASP-14 b,WASP-14,2.24375,0.037,15.46842,2809.6172,1872.0,6475.0,Transit,2008
Kepler-1262 b,Kepler-1262,8.67900242,0.083,1.82,3.97,949.0,5771.0,Transit,2016
WASP-180 A b,WASP-180 A,3.409264,0.048,13.89916,286.047,1540.0,6600.0,Transit,2019
HD 5891 b,HD 5891,177.11,0.64,12.6,2425.0429,918.78,4673.0,Radial Velocity,2011
Kepler-1632 b,Kepler-1632,448.303558,0.6762,2.47,6.66,369.0,6137.0,Transit,2016
GJ 3512 c,GJ 3512,2354.0,1.731,14.3,143.97626837,42.92,3141.0,Radial Velocity,2020
HD 43691 b,HD 43691,36.9987,0.238,13.2,810.4665,761.79,6093.0,Radial Velocity,2007
Kepler-780 b,Kepler-780,0.677375164,0.015,0.89,0.64,2099.0,5769.0,Transit,2016
Kepler-986 b,Kepler-986,56.4349938,0.29131,2.36,6.17,465.0,5642.0,Transit,2016
TOI-4602.01,TOI-4602,3.9812999,0.04747,2.45,5.53,1344.0,5966.0,Transit,2024
Kepler-1980 b,Kepler-1980,33.0257179,0.2049,2.21,5.52,564.0,5819.0,Transit,2023
TOI-1806.01,TOI-1806,15.1454693,0.087735044,3.4095367,11.5,337.47,3272.0,Transit,2024
WASP-71 b,WASP-71,2.90367,0.046,13.22662,441.7837,2016.1,6050.0,Transit,2012
Kepler-78 b,Kepler-78,0.35500745,0.00901,1.201,1.68,2223.0,5058.0,Transit,2013
K2-162 b,K2-162,9.45889,0.0795,1.44,2.67,631.0,4842.0,Transit,2018
K2-224 b,K2-224,4.47904,0.0516,1.56,3.05,1002.0,5620.0,Transit,2018
K2-224 c,K2-224,10.09489,0.0886,2.41,6.39,764.0,5620.0,Transit,2018
K2-228 b,K2-228,2.69828,0.0338,1.21,1.92,914.0,4715.0,Transit,2018
K2-229 b,K2-229,0.584216,0.0131,1.0,2.55,1818.0,5315.0,Transit,2018
K2-229 c,K2-229,8.32727,0.0769,2.03,7.0,750.0,5315.0,Transit,2018
BD-08 2823 c,BD-08 2823,237.6,0.68,12.5,104.0,233.85,4746.0,Radial Velocity,2009
CoRoT-20 b,CoRoT-20,9.24285,0.09,9.41556,1366.669,1024.0,5880.0,Transit,2011
CoRoT-2 b,CoRoT-2,1.7429935,0.02798,16.432,1102.82,1521.0,5625.0,Transit,2008
CoRoT-7 b,CoRoT-7,0.85359163,0.017016,1.68135,4.07660518,1756.0,5275.0,Transit,2009
CoRoT-7 c,CoRoT-7,3.698,0.046,2.83,8.4,1098.59,5256.0,Radial Velocity,2009
gam Cep b,gam Cep,913.0,2.13,12.7,2097.6674862,343.48,4775.0,Radial Velocity,2003
GJ 849 b,GJ 849,1925.31,2.32,13.9,283.82076745,73.63,3467.0,Radial Velocity,2006
HAT-P-27 b,HAT-P-27,3.039577,0.04,11.43,197.05,1091.99,5316.0,Transit,2011
HD 103197 b,HD 103197,47.84,0.25,5.83,28.6047,474.97,5250.0,Radial Velocity,2011
HD 104067 b,HD 104067,55.851,0.2674,9.2,62.1,407.83,4952.0,Radial Velocity,2011
HD 134987 b,HD 134987,258.17999,0.81,13.5,511.7063,339.45,5736.0,Radial Velocity,1999
HD 134987 c,HD 134987,5000.0,5.8,13.9,260.0,125.03,5585.0,Radial Velocity,2009
HD 181433 d,HD 181433,6896.1,6.74,13.2,858.1366989,81.19,4918.0,Radial Velocity,2008
HD 39091 b,HD 39091,2088.8,3.28,12.3,4481.3805387,172.74,5998.0,Radial Velocity,2001
HD 60532 b,HD 60532,201.9,0.77,13.8,336.8998,550.16,6245.0,Radial Velocity,2008
HD 60532 c,HD 60532,600.1,1.6,13.3,797.7533,381.66,6245.0,Radial Velocity,2008
HD 63765 b,HD 63765,358.0,0.94,14.2,168.4499,246.9,5449.0,Radial Velocity,2011
HD 85390 b,HD 85390,799.52,1.373,6.16,31.46517,190.89,5186.0,Radial Velocity,2011
HD 90156 b,HD 90156,49.77,0.25,4.43,17.98,518.01,5599.0,Radial Velocity,2011
HD 97658 b,HD 97658,9.4897116,0.0805,2.12,8.3,751.0,5212.0,Radial Velocity,2010
HIP 70849 b,HIP 70849,3649.0,3.99,12.9,1430.2278315,78.85,4105.0,Radial Velocity,2011
WASP-33 b,WASP-33,1.21987,0.0239,17.855937,665.21819,2781.7,7430.0,Transit,2010
alf Ari b,alf Ari,380.8,1.2,13.4,572.07,747.22,4553.0,Radial Velocity,2010
Kepler-454 c,Kepler-454,524.19,1.287,12.9,1433.40611557,249.58,5687.0,Radial Velocity,2015
WASP-126 b,WASP-126,3.28883,0.0449,10.51358773,90.3,1480.0,5800.0,Transit,2016
HD 17674 b,HD 17674,623.8,1.42,13.9,276.5121,259.52,5904.0,Radial Velocity,2017
HD 42012 b,HD 42012,857.5,1.67,13.5,508.528,182.63,5405.0,Radial Velocity,2017
HD 29021 b,HD 29021,1365.0,2.294,12.9,1420.69297929,163.2,5560.0,Radial Velocity,2017
CoRoT-20 c,CoRoT-20,1675.0,2.9,12.2,5403.11,168.16,5880.0,Radial Velocity,2018
pi Men c,HD 39091,6.2678399,0.06839,2.0189,3.63,1169.8,5998.0,Transit,2018
Qatar-7 b,Qatar-7,2.032046,0.0352,19.0553,597.5204,2053.0,6387.0,Transit,2019
DMPP-1 b,DMPP-1,17.812,0.1423,4.26,16.8,877.0,6196.0,Radial Velocity,2019
DMPP-1 c,DMPP-1,10.03,0.0973,3.31,10.94,1239.0,6196.0,Radial Velocity,2019
DMPP-1 d,DMPP-1,3.1417,0.04467,2.02,4.72,1632.0,6196.0,Radial Velocity,2019
DMPP-1 e,DMPP-1,5.516,0.0651,1.86,4.13,1314.0,6196.0,Radial Velocity,2019
DMPP-2 b,DMPP-2,5.203,0.06638,14.2,171.48,1000.0,6500.0,Radial Velocity,2019
DMPP-3 A b,DMPP-3 A,5.59,0.05958,1.44,2.67,854.0,5138.0,Radial Velocity,2019
GJ 1252 b,GJ 1252,0.5182331,0.00915,1.193,1.32,1090.0,3458.0,Transit,2020
WASP-150 b,WASP-150,5.644207,0.0694,11.99363,2688.8418,1460.0,6218.0,Transit,2020
WASP-176 b,WASP-176,3.899052,0.0535,16.869545,271.74465,1721.0,5941.0,Transit,2020
GJ 414 A b,GJ 414 A,50.8,0.2324,2.63,7.6,308.6,4120.0,Radial Velocity,2021
GJ 414 A c,GJ 414 A,749.83,1.4,8.4,53.83,124.7,4120.0,Radial Velocity,2021
GJ 849 c,GJ 849,5990.0,4.95,13.8,314.65012293,50.41,3467.0,Radial Velocity,2014
HD 211403 b,HD 211403,223.8,0.768,12.8,1760.76937478,380.0,6273.0,Radial Velocity,2021
HD 39194 b,HD 39194,5.63692,0.05895,1.99,4.62,915.16,5205.0,Radial Velocity,2021
HD 39194 c,HD 39194,14.0309,0.1083,2.65,7.49,675.19,5205.0,Radial Velocity,2021
HD 39194 d,HD 39194,33.874,0.1949,2.12,5.16,503.31,5205.0,Radial Velocity,2021
pi Men d,HD 39091,124.64,0.506,3.72,13.38,443.55,5998.0,Radial Velocity,2022
TOI-1272 b,TOI-1272,3.3159765,0.041,4.26,24.1,1051.0,4985.0,Transit,2022
TOI-672 b,TOI-672,3.633581,0.0376,5.31,50.9,699.5,3810.0,Transit,2023
TOI-815 b,TOI-815,11.197259,0.0903,2.94,7.6,686.0,4869.0,Transit,2024
TOI-1694 b,TOI-1694,3.7701389,0.0445,5.27,28.24,1037.0,5005.0,Transit,2023
LHS 1903 c,LHS 1903,6.226185,0.05387,2.046,4.55,559.0,3664.0,Transit,2026
LHS 1903 b,LHS 1903,2.1555098,0.02656,1.382,3.28,796.0,3664.0,Transit,2026
LHS 1903 d,LHS 1903,12.566287,0.08604,2.5,5.96,442.0,3664.0,Transit,2026
TOI-1752 b,TOI-1752,0.9351861,0.01624,1.693,3.51,1036.0,3762.0,Transit,2026
TOI-1752 c,TOI-1752,32.71443,0.1614,2.29,5.86,291.0,3762.0,Transit,2026
TOI-2048 b,TOI-2048,13.79019,,2.61,7.32,646.0,5185.0,Transit,2022
TOI-2147 b,TOI-2147,26.20518,0.172,10.5,116.0,820.0,5983.0,Transit,2026
TOI-4311 c,TOI-4311,15.070425,0.1116,2.47,13.58,671.0,5063.0,Transit,2026
TOI-4311 b,TOI-4311,0.9902738,0.01817,1.376,4.5,1664.0,5063.0,Transit,2026
TOI-4552 b,TOI-4552,0.30110032,0.0056255,1.11,1.83,1122.0,3258.0,Transit,2026
Kepler-177 b,Kepler-177,36.8601,0.21101,3.5,5.84,549.0,5732.0,Transit,2013
TOI-5624 d,TOI-5624,13.731468,0.1067,3.584,4.9,712.6,5327.0,Transit,2026
TOI-6019 b,TOI-6019,14.547952,0.1212,12.3,149.0,1095.0,5561.0,Transit,2026
TOI-1694 c,TOI-1694,386.25,0.974,13.8,316.55709337,222.0,5005.0,Radial Velocity,2023
Kepler-454 d,Kepler-454,4073.0,5.1,13.3,734.18362017,125.37,5687.0,Radial Velocity,2023
Kepler-10 d,Kepler-10,151.06,0.5379,3.49,12.0,387.0,5708.0,Radial Velocity,2023
TOI-815 c,TOI-815,34.976145,0.193,2.62,23.5,469.0,4869.0,Transit,2024
HD 89839 b,HD 89839,3391.2,4.713,12.8,1748.0562385,159.03,6314.0,Radial Velocity,2023
HD 104067 c,HD 104067,13.8992,0.1058,3.69,13.2,648.36,4952.0,Radial Velocity,2024
TOI-5624 b,TOI-5624,3.3903473,0.04201,2.314,9.4,1136.0,5327.0,Transit,2026
TOI-5624 c,TOI-5624,7.885385,0.07374,2.474,4.8,857.0,5327.0,Transit,2026
TOI-5624 e,TOI-5624,21.489936,0.1439,3.247,8.9,613.8,5327.0,Transit,2026
TOI-5789 c,TOI-5789,12.927748,0.1009,2.86,5.0,718.0,5185.0,Transit,2026
TOI-5789 b,TOI-5789,2.76369,0.03608,1.26,2.12,1201.0,5185.0,Radial Velocity,2026
TOI-5789 d,TOI-5789,29.65,0.1756,1.91,4.29,545.0,5185.0,Radial Velocity,2026
TOI-5789 e,TOI-5789,62.98,0.2901,3.43,11.61,424.0,5185.0,Radial Velocity,2026
LHS 1903 e,LHS 1903,29.31773,0.15135,1.732,5.79,333.0,3664.0,Transit,2026
DMPP-2 c,DMPP-2,3.168,0.04789,8.26,51.79,1910.88,6500.0,Radial Velocity,2026
DMPP-2 d,DMPP-2,16.491,0.1432,11.6,91.79,1105.06,6500.0,Radial Velocity,2026
DMPP-6 b,DMPP-6,7.6027,0.0779,2.28,5.8,1203.65,6182.09,Radial Velocity,2026
DMPP-6 c,DMPP-6,36.441,0.2206,3.74,13.47,715.27,6182.09,Radial Velocity,2026
DMPP-7 b,DMPP-7,4.984,0.05873,9.13,61.39,1480.51,5996.82,Radial Velocity,2026
DMPP-8 b,DMPP-8,62.915,0.3098,10.8,81.09,579.7,6009.0,Radial Velocity,2026
DMPP-9 b,DMPP-9,12.733,0.1097,3.89,14.43,995.58,6092.0,Radial Velocity,2026
TOI-5624 f,TOI-5624,45.37,0.2366,3.66,13.0,478.5,5327.0,Transit Timing Variations,2026
TIC 183374187 b,TIC 183374187,5.05907,,14.03364384,177.98390792,1379.0,5768.0,Transit,2026
NGTS-38 b,NGTS-38,180.52797,0.697,12.11690814,1516.04150139,457.0,6310.0,Transit,2026
Kepler-37 d,Kepler-37,39.7922622,0.2109,2.03,2.0,499.0,5357.0,Transit,2013
Kepler-93 b,Kepler-93,4.72673978,0.05343,1.478,4.66,1133.0,5669.0,Transit,2014
Kepler-37 c,Kepler-37,21.301848,0.139,0.755,1.3,615.0,5357.0,Transit,2013
Kepler-37 b,Kepler-37,13.36702,0.1019,0.3098,0.79,718.0,5357.0,Transit,2013
Kepler-37 e,Kepler-37,51.196,0.25,0.37,8.1,401.0,5288.0,Transit Timing Variations,2014
Kepler-10 b,Kepler-10,0.8374907,0.01685,1.47,3.24,2188.0,5708.0,Transit,2011
Kepler-10 c,Kepler-10,45.294301,0.241,2.355,11.29,579.0,5708.0,Transit,2011
Kepler-454 b,Kepler-454,10.5737534,0.09528,2.37,5.4,916.0,5687.0,Transit,2015
Kepler-177 c,Kepler-177,49.40926,0.25655,8.73,14.7,497.0,5732.0,Transit,2013
HAT-P-5 b,HAT-P-5,2.78849,0.04073,13.56289,311.4734,1517.0,5960.0,Transit,2007
HAT-P-6 b,HAT-P-6,3.85298,0.05239,16.58932,419.5356,1675.0,6570.0,Transit,2007
WASP-3 b,WASP-3,1.84683,0.0315,15.91678,772.3269,2020.0,6400.0,Transit,2007
WASP-7 b,WASP-7,4.9546416,0.0617,14.90797,305.1168,1487.0,6400.0,Transit,2008
XO-3 b,XO-3,3.19152309,0.04815,14.79585452,4217.58296089,1890.0,6970.0,Transit,2007
WASP-62 b,WASP-62,4.41195,0.0571,14.79588,165.2716,1475.3,6230.0,Transit,2012
HAT-P-38 b,HAT-P-38,4.640382,0.0523,9.247,84.857,1082.0,5330.0,Transit,2012
WASP-72 b,WASP-72,2.21673,0.03711,14.45961,731.009,2210.0,6250.0,Transit,2012
KELT-3 b,KELT-3,2.70339,0.04123,17.48604,616.5902,1816.0,6304.0,Transit,2013
K2-25 b,K2-25,3.48456408,0.0287,3.44,24.5,494.0,3207.0,Transit,2015
Kepler-1214 b,Kepler-1214,18.82634264,0.128,2.36,6.17,591.0,5130.0,Transit,2016
Kepler-27 b,Kepler-27,15.3348,0.118,4.0,2895.31,610.0,5400.0,Transit,2011
Kepler-1256 b,Kepler-1256,12.4127754,0.10733,1.49,2.83,933.0,6129.0,Transit,2016
Kepler-564 b,Kepler-564,3.750832285,0.0484,4.63,19.4,1129.0,5626.0,Transit,2016
Kepler-228 b,Kepler-228,2.566546,0.038,1.53,2.96,1360.0,6043.0,Transit,2014
HD 190007 b,HD 190007,11.724128,0.092,4.06,15.5,651.41,4610.0,Radial Velocity,2020
HD 155358 c,HD 155358,391.9,1.02,13.9,261.0,330.92,5900.0,Radial Velocity,2007
Kepler-891 b,Kepler-891,53.44945593,0.2881,6.41,33.6,486.0,5887.0,Transit,2016
TOI-1873 b,TOI-1873,7.00572708834,,2.86356397,8.57,923.5,5597.99,Transit,2026
Kepler-480 b,Kepler-480,4.919583795,0.06024,2.78,8.15,1312.0,6322.0,Transit,2016
Kepler-384 b,Kepler-384,22.597053,0.148,1.12,1.46,670.0,5577.0,Transit,2014
HATS-65 b,HATS-65,3.105161,0.04497,16.824709,260.93843,1634.0,6277.0,Transit,2018
Kepler-221 d,Kepler-221,10.04156,0.087,2.73,3.61,712.0,5243.0,Transit,2014
Kepler-296 f,Kepler-296,63.33627,0.255,1.8,3.89,274.0,3740.0,Transit,2014
TOI-512 b,TOI-512,7.18886,,1.54,3.57,1009.0,5277.0,Transit,2025
Kepler-1905 b,Kepler-1905,3.42392993,0.0451,1.4460734,2.69,1212.0,5788.0,Transit,2021
Kepler-230 c,Kepler-230,91.773242,0.38,2.04,4.82,359.0,5588.0,Transit,2014
Kepler-1713 b,Kepler-1713,18.01160049,0.14185,1.71673535,3.59,900.0,6477.0,Transit,2021
Kepler-1036 b,Kepler-1036,122.8808058,0.47726,3.01,9.32,326.0,5533.0,Transit,2016
Kepler-1863 b,Kepler-1863,44.99760056,0.23678,2.26309256,5.74,508.0,5871.0,Transit,2021
HD 51608 c,HD 51608,95.9446,0.3809,3.87,14.31,400.69,5358.0,Radial Velocity,2019
K2-121 b,K2-121,5.185738,0.0525,7.16,51.0,716.0,4526.0,Transit,2017
Kepler-1962 b,Kepler-1962,7.991459846,0.0783,1.21463929,1.95,901.0,5700.0,Transit,2021
Kepler-886 b,Kepler-886,6.24146367,0.06428,1.52,2.92,1111.0,6098.0,Transit,2016
Kepler-220 b,Kepler-220,4.159807,0.046,0.81,0.457,759.0,4632.0,Transit,2014
Kepler-444 b,Kepler-444,3.6001053,0.04178,0.403,0.0374,938.0,5046.0,Transit,2015
Kepler-402 d,Kepler-402,8.921099,0.087,1.38,2.48,1006.0,6090.0,Transit,2014
GJ 832 b,GJ 832,3853.0,3.7,13.8,314.65012293,57.84,3472.0,Radial Velocity,2008
Kepler-414 b,Kepler-414,4.7,0.0543,1.71,3.5,1024.0,5536.0,Transit Timing Variations,2014
Kepler-1480 b,Kepler-1480,22.12679948,0.1525,1.67,3.43,721.0,5156.0,Transit,2016
TOI-2141 c,TOI-2141,5.4624,0.0585,2.35,6.14,1095.0,5635.0,Radial Velocity,2025
Kepler-24 d,Kepler-24,4.244384,0.051,1.67,293.959,1305.0,5897.0,Transit,2014
HAT-P-2 b,HAT-P-2,5.6335158,0.06814,10.659759,2866.81223114,1540.0,6380.0,Transit,2007
Kepler-1083 b,Kepler-1083,33.4177993,0.1899,3.36,11.2,448.0,5049.0,Transit,2016
Kepler-576 b,Kepler-576,29.91136794,0.179,3.27,10.7,541.0,5672.0,Transit,2016
Gl 410 b,Gl 410,6.02,0.0531,2.83,8.4,592.44,3842.0,Radial Velocity,2025
Kepler-1321 b,Kepler-1321,11.12830484,0.0781,4.92,21.5,408.0,4094.0,Transit,2016
Kepler-1599 b,Kepler-1599,122.363553,0.4823,1.62,3.26,407.0,5767.0,Transit,2016
Kepler-219 c,Kepler-219,22.714613,0.165,3.58,12.5,766.0,5786.0,Transit,2014
Kepler-1790 b,Kepler-1790,31.58889961,0.20989,3.1446145,10.0,682.0,5866.0,Transit,2021
HATS-35 b,HATS-35,1.8209993,0.03199,16.409976,388.38826,2037.0,6300.0,Transit,2016
Kepler-112 c,Kepler-112,28.574263,0.172,2.4,6.35,538.0,5544.0,Transit,2014
HD 103891 b,HD 103891,1919.0,3.27,13.2,918.52409623,241.25,6072.0,Radial Velocity,2022
WASP-8 c,WASP-8,4323.0,5.28,12.5,3003.37,116.99,5690.0,Radial Velocity,2013
Kepler-165 b,Kepler-165,8.180848,0.072,2.32,5.99,716.0,5211.0,Transit,2014
WASP-92 b,WASP-92,2.1746742,0.0348,16.376349,255.85315,1871.0,6280.0,Transit,2016
Kepler-1290 b,Kepler-1290,4.69500134,0.0557,1.42,2.6,1098.0,5660.0,Transit,2016
Kepler-1025 b,Kepler-1025,37.3229493,0.21607,1.98,4.58,1654.0,6089.0,Transit,2016
Kepler-1679 b,Kepler-1679,9.75376,0.0892,2.0692036,4.93,813.0,5501.0,Transit,2020
Kepler-350 c,Kepler-350,17.849,0.1385,3.1,6.1,888.0,6492.3,Transit,2013
Kepler-773 b,Kepler-773,3.749100061,0.04682,1.43,2.63,1160.0,5850.0,Transit,2016
HD 51608 b,HD 51608,14.0726,0.1059,3.62,12.77,759.92,5358.0,Radial Velocity,2019
TOI-912 b,TOI-912,4.6780691,0.041,1.93,5.1,551.0,3572.0,Transit,2025
Kepler-630 b,Kepler-630,161.4743937,0.56201,3.18,10.2,343.0,5829.0,Transit,2016
Kepler-874 b,Kepler-874,40.0686727,0.2234,3.94,14.7,560.0,6020.0,Transit,2016
Kepler-1948 b,Kepler-1948,15.57129955,0.1022,1.03283226,1.09,399.0,3872.0,Transit,2021
Kepler-196 c,Kepler-196,47.427737,0.24,2.24,5.65,407.0,5128.0,Transit,2014
Kepler-1810 b,Kepler-1810,101.1330032,0.4137,3.91815325,14.6,380.0,5492.0,Transit,2021
Kepler-247 b,Kepler-247,3.33616,0.042,1.64,3.33,970.0,5100.0,Transit,2014
Kepler-182 c,Kepler-182,20.684342,0.157,3.43,11.6,729.0,6250.0,Transit,2014
Kepler-1303 b,Kepler-1303,7.56127224,0.0751,1.42,2.6,891.0,5771.0,Transit,2016
Kepler-110 c,Kepler-110,31.719775,0.198,2.21,5.52,743.0,5960.0,Transit,2014
TOI-375 b,TOI-375,9.45469,0.099,10.77183045,236.78216321,1373.0,5259.9,Transit,2026
Kepler-866 b,Kepler-866,2.617032536,0.0331,1.63,3.29,996.0,4751.0,Transit,2016
Kepler-549 b,Kepler-549,42.9495649,0.23236,2.57,11.0,487.0,5360.0,Transit,2016
Kepler-347 d,Kepler-347,85.517344,0.3802,3.04,9.48,482.0,5592.0,Transit,2023
Kepler-965 b,Kepler-965,134.2527298,0.50998,3.38,11.4,393.0,5886.0,Transit,2016
HD 164922 c,HD 164922,75.74,0.341,3.66,13.0,400.5,5390.0,Radial Velocity,2016
Kepler-280 c,Kepler-280,4.807091,0.056,2.01,4.7,1088.0,5744.0,Transit,2014
Kepler-645 b,Kepler-645,3.275822621,0.04541,2.1,5.06,1730.0,6170.0,Transit,2016
HIP 55507 b,HIP 55507,5138.43727,5.062,12.6,2585.53409095,76.05,4171.0,Radial Velocity,2022
Kepler-399 d,Kepler-399,58.034616,0.261,1.89,4.23,486.0,5502.0,Transit,2014
K2-58 d,K2-58,22.8827,0.1517,1.71,3.57,621.48,5413.0,Transit,2016
NGC 2682 Sand 1429 b,NGC 2682 Sand 1429,77.48,0.384,13.4,572.0911326,683.0,6000.0,Radial Velocity,2024
Kepler-1630 b,Kepler-1630,509.997402,1.1218,2.19,5.43,182.0,4736.0,Transit,2016
KELT-12 b,KELT-12,5.031623,0.06708,19.95202,301.9385,1800.0,6279.0,Transit,2017
Kepler-1441 b,Kepler-1441,39.4419839,0.2346,1.31,2.27,682.0,5802.0,Transit,2016
Kepler-192 b,Kepler-192,9.926746,0.09,2.74,7.95,803.0,5479.0,Transit,2014
Kepler-115 b,Kepler-115,2.403679,0.036,1.09,1.32,1489.0,5979.0,Transit,2014
Kepler-1455 b,Kepler-1455,49.276764,0.2149,2.16,5.31,298.0,4075.0,Transit,2016
Kepler-283 b,Kepler-283,11.008151,0.082,2.13,5.18,488.0,4351.0,Transit,2014
HAT-P-52 b,HAT-P-52,2.7535953,0.03694,11.309881,259.98494,1218.0,5131.0,Transit,2015
Kepler-341 d,Kepler-341,27.666313,0.182,1.85,4.08,622.0,6012.0,Transit,2014
Kepler-1489 b,Kepler-1489,82.294751,0.3679,1.77,3.78,400.0,5655.0,Transit,2016
HD 156411 b,HD 156411,842.2,1.88,14.0,235.18,304.95,5900.0,Radial Velocity,2009
Kepler-926 b,Kepler-926,52.0688601,0.2739,2.31,5.95,524.0,5806.0,Transit,2016
K2-325 b,K2-325,6.93,0.0419,2.2,5.48,423.0,3287.0,Transit,2020
Kepler-879 b,Kepler-879,33.3855938,0.2012,2.57,7.13,580.0,5792.0,Transit,2016
Kepler-1641 b,Kepler-1641,19.672266,0.1473,3.11,9.85,908.0,6152.0,Transit,2016
Kepler-1924 b,Kepler-1924,15.33170033,0.1216,2.65446572,7.53,821.0,5726.0,Transit,2021
GJ 740 b,GJ 740,2.37756,0.029,1.53,2.96,829.0,3913.0,Radial Velocity,2021
Kepler-68 d,Kepler-68,632.62,1.469,13.9,267.0,260.75,5847.0,Radial Velocity,2013
WASP-108 b,WASP-108,2.67555212374,,15.13212395,283.50293904,1589.0,6783.0,Transit,2020
Kepler-184 c,Kepler-184,20.303005,0.141,1.97,8.8,630.0,5788.0,Transit,2014
Lupus-TR-3 b,Lupus-TR-3,3.91405,0.0464,9.976,257.431,1013.56,5000.0,Transit,2007
Kepler-1087 b,Kepler-1087,0.693842855,0.01554,0.61,0.165,2161.0,5589.0,Transit,2016
HIP 8923 b,HIP 8923,5160.0,5.9,12.5,3171.92750186,136.48,5980.0,Radial Velocity,2026
Kepler-1356 b,Kepler-1356,0.634002937,0.0136,1.53,2.96,1714.0,5106.0,Transit,2016
Kepler-969 c,Kepler-969,1.682934604,0.0265,0.99,0.937,1270.0,5214.0,Transit,2016
TOI-6223 b,TOI-6223,3.855219,0.04018,5.07,22.6,714.0,3895.0,Transit,2025
TOI-7384 b,TOI-7384,6.2340258,0.0439,3.56,12.4,378.0,3185.0,Transit,2026
Kepler-832 b,Kepler-832,7.1396941,0.075,2.06,4.9,965.0,5596.0,Transit,2016
Kepler-988 b,Kepler-988,17.76080053,0.1085,2.07,4.94,368.0,4005.0,Transit,2016
TOI-1278 b,TOI-1278,14.47567,0.095,12.21778896,5879.8255295,407.87,3799.0,Transit,2021
Kepler-732 c,Kepler-732,0.893041236,0.0143,1.27,2.15,893.0,3631.0,Transit,2016
Kepler-533 b,Kepler-533,28.51120525,0.16704,3.38,11.4,423.0,4758.0,Transit,2016
Kepler-392 c,Kepler-392,10.423118,0.093,1.1,1.37,901.0,5938.0,Transit,2014
HIP 10090 c,HIP 10090,321.82,0.9,13.9,270.15414595,338.35,5661.0,Radial Velocity,2026
TOI-7510 c,TOI-7510,22.5687423,0.1595,10.81,131.0,702.0,5720.0,Transit,2025
Kepler-354 d,Kepler-354,24.209842,0.146,1.24,2.07,451.0,4648.0,Transit,2014
Kepler-1342 b,Kepler-1342,2.215710358,0.0313,1.66,3.39,1283.0,5527.0,Transit,2016
Kepler-1059 b,Kepler-1059,3.764191048,0.044,1.73,3.64,908.0,4906.0,Transit,2016
Kepler-518 b,Kepler-518,8.512035877,0.07996,2.11,5.1,839.0,5842.0,Transit,2016
TOI-128.01,TOI-128,4.9404681,0.05381019,2.21898,5.56,1344.51,6086.0,Transit,2024
Kepler-154 c,Kepler-154,62.303276,0.303,2.95,9.01,454.0,5690.0,Transit,2014
TOI-6564 b,TOI-6564,3.985413,0.0542,16.39873876,222.16205649,1445.0,5943.0,Transit,2026
TOI-558 b,TOI-558,14.574071,0.1291,12.17295304,1147.36054927,1061.0,6466.0,Transit,2021
TOI-969 b,TOI-969,1.8237305,0.02636,2.765,9.1,941.0,4435.0,Transit,2022
Kepler-472 b,Kepler-472,4.176255514,0.04823,3.22,10.5,876.0,4996.0,Transit,2016
Kepler-1129 b,Kepler-1129,24.3397804,0.16481,2.96,9.06,737.0,5831.0,Transit,2016
Kepler-1836 b,Kepler-1836,5.254169941,0.0602,2.55303229,7.05,1093.0,6123.0,Transit,2021
Kepler-52 c,Kepler-52,16.3850021,0.10379,1.84,45.4,433.0,4075.0,Transit,2012
WASP-67 b,WASP-67,4.61442,0.05179,12.89035,136.6669,1003.0,5200.0,Transit,2012
Kepler-9 c,Kepler-9,38.9853,0.227,8.08,29.9,523.0,5774.0,Transit,2010
Kepler-238 c,Kepler-238,6.155557,0.069,2.39,152.522,1146.0,5751.0,Transit,2014
Kepler-55 c,Kepler-55,42.1516418,0.2095,2.21,69.8,349.0,4362.0,Transit,2012
Kepler-218 b,Kepler-218,3.619337,0.046,1.48,2.79,1156.0,5502.0,Transit,2014
Kepler-424 b,Kepler-424,3.3118644,0.044,9.98,327.35,1116.0,5460.0,Transit,2014
Kepler-720 b,Kepler-720,4.708326542,0.0539,8.41,53.4,1162.0,5618.0,Transit,2016
HD 16175 b,HD 16175,990.0,2.12,12.8,1875.1876013,259.78,5981.0,Radial Velocity,2009
Kepler-1195 b,Kepler-1195,8.49642241,0.0726,2.08,4.98,702.0,4965.0,Transit,2016
EPIC 212737443 c,EPIC 212737443,65.55,0.28,2.69,7.7,316.0,4684.0,Transit,2019
Kepler-882 b,Kepler-882,3.989539666,0.04741,1.23,2.04,903.0,5476.0,Transit,2016
Kepler-1312 b,Kepler-1312,5.448325286,0.06053,2.1,5.06,978.0,5719.0,Transit,2016
Kepler-272 b,Kepler-272,2.971353,0.038,1.43,78.0,1200.0,5297.0,Transit,2014
TOI-1710 b,TOI-1710,24.28336,0.163,5.258,13.2,602.99,5730.0,Transit,2022
Kepler-212 b,Kepler-212,16.257582,0.133,1.09,1.32,830.0,5852.0,Transit,2014
Kepler-55 d,Kepler-55,2.211099,0.029,1.59,3.15,931.0,4503.0,Transit,2014
Kepler-999 b,Kepler-999,5.991857017,0.06918,2.34,6.08,1355.0,6237.0,Transit,2016
TOI-2194 b,TOI-2194,15.337597,,1.9892,4.61,590.88,4756.0,Transit,2023
Kepler-1143 c,Kepler-1143,210.630591,0.6477,3.6,12.6,234.0,5053.0,Transit,2016
HD 177830 c,HD 177830,110.9,0.5137,7.87,47.6725,538.95,4949.0,Radial Velocity,2010
Kepler-431 c,Kepler-431,8.703,0.0847,0.668,0.229,951.0,6004.0,Transit,2015
TIC 279401253 b,TIC 279401253,76.8,0.369,11.2089807,1951.46641898,486.37,5951.0,Transit,2023
Kepler-253 c,Kepler-253,10.281951,0.089,2.65,7.51,680.0,5208.0,Transit,2014
Kepler-899 b,Kepler-899,19.17891293,0.1392,2.68,7.65,640.0,5595.0,Transit,2016
TOI-3474 b,TOI-3474,3.8795105,0.0502,14.67255574,193.87532827,1451.0,6020.0,Transit,2025
K2-108 b,K2-108,4.733999,0.0581,5.33,59.4,1360.0,5599.0,Transit,2017
Kepler-914 b,Kepler-914,4.40966548,0.05454,1.38,2.48,1192.0,5877.0,Transit,2016
Kepler-440 b,Kepler-440,101.11141,0.242,1.86,4.12,229.0,4134.0,Transit,2015
Kepler-60 b,Kepler-60,7.1334,0.07255,1.71,4.19,1102.0,5905.0,Transit,2012
Kepler-48 e,Kepler-48,982.0,1.898274748,13.4,657.0,171.49,5194.0,Radial Velocity,2014
2MASS J19383260+4603591 b,2MASS J19383260+4603591,406.0,0.92,13.4,603.877,669.65,29564.0,Eclipse Timing Variations,2015
HD 126105 b,HD 126105,524.0,1.36,13.5,530.77343969,413.6,4875.0,Radial Velocity,2026
WASP-124 b,WASP-124,3.37265,0.0449,13.89916,190.698,1400.0,6050.0,Transit,2016
Kepler-1518 c,Kepler-1518,9.6310258,0.0905,2.9,8.75,1094.0,6432.0,Transit,2023
Kepler-382 b,Kepler-382,5.262155,0.055,1.32,2.3,1166.0,5600.0,Transit,2014
Kepler-1106 b,Kepler-1106,1.252752174,0.0239,1.65,3.36,2199.0,6104.0,Transit,2016
HAT-P-23 b,HAT-P-23,1.212884,0.0232,15.334,664.237,2056.0,5905.0,Transit,2010
Kepler-190 c,Kepler-190,3.763024,0.045,1.46,2.73,948.0,5106.0,Transit,2014
Kepler-216 c,Kepler-216,17.406669,0.136,3.04,9.48,814.0,6091.0,Transit,2014
GJ 86 b,GJ 86,15.76491,0.11,12.9,1404.8086,661.12,5182.0,Radial Velocity,1999
Kepler-267 d,Kepler-267,28.464515,0.154,2.27,5.77,301.0,4258.0,Transit,2014
Kepler-858 b,Kepler-858,76.13602028,0.33939,4.87,21.1,399.0,5653.0,Transit,2016
TOI-4638.01,TOI-4638,10.283918787,0.093013,2.933,8.92,779.83,5700.0,Transit,2024
K2-198 b,K2-198,17.0428683,,4.189,16.3,715.8,5212.9,Transit,2018
Kepler-296 c,Kepler-296,5.8416366,0.0521,2.0,4.66,606.0,3740.0,Transit,2014
Kepler-1801 b,Kepler-1801,10.44089985,0.0915,2.70926154,7.8,829.0,5738.0,Transit,2021
HD 118203 b,HD 118203,6.1349779,0.0713,12.778238,680.15279098,1361.0,5742.0,Radial Velocity,2005
Kepler-204 b,Kepler-204,14.400974,0.117,2.53,6.94,828.0,5812.0,Transit,2014
TOI-201 c,TOI-201,2890.0,4.37,10.4,4990.0,169.58,6423.0,Transit Timing Variations,2025
Kepler-122 d,Kepler-122,21.587475,0.155,2.2,5.48,747.0,6050.0,Transit,2014
Kepler-139 b,Kepler-139,15.771044,0.127,2.94,7.0,752.0,5594.0,Transit,2014
TOI-2364 b,TOI-2364,4.0197517,0.04871,8.60849718,71.51139158,1091.0,5306.0,Transit,2023
Kepler-1302 b,Kepler-1302,8.83922659,0.0795,1.43,2.63,778.0,5236.0,Transit,2016
Kepler-977 b,Kepler-977,26.85328322,0.162,2.62,7.37,544.0,5315.0,Transit,2016
K2-340 b,K2-340,29.740451,,3.36,11.2,606.0,5532.0,Transit,2021
TOI-238 c,TOI-238,8.465651,0.0749,2.18,6.7,696.0,5059.0,Radial Velocity,2024
Kepler-1858 b,Kepler-1858,88.07160187,0.3575,2.42168247,6.44,330.0,4939.0,Transit,2021
Kepler-55 e,Kepler-55,4.617534,0.048,1.55,3.02,728.0,4503.0,Transit,2014
Kepler-1074 b,Kepler-1074,5.94566534,0.0536,1.25,2.1,568.0,4002.0,Transit,2016
Kepler-1278 b,Kepler-1278,3.23941344,0.04417,1.01,1.01,1213.0,6074.0,Transit,2016
Kepler-1582 b,Kepler-1582,4.83817712,0.0316,1.49,2.83,354.0,3208.0,Transit,2016
WASP-90 b,WASP-90,3.916243,0.0562,18.27067,200.2329,1840.0,6430.0,Transit,2016
TrES-5 b,TrES-5,1.48224686,0.02459,13.383546,568.9157,1480.0,5171.0,Transit,2011
Kepler-1987 e,Kepler-1987,8.74292005,0.0765,1.92,4.35,643.0,4769.0,Transit,2023
Kepler-2000 c,Kepler-2000,20.6180348,0.1228,1.57,3.09,359.0,3757.0,Transit,2023
TrES-1 b,TrES-1,3.03007,0.03925,12.66617,266.9772,1140.0,5230.0,Transit,2004
Kepler-111 b,Kepler-111,3.341815,0.046,1.58,3.12,1356.0,5952.0,Transit,2014
TOI-813 b,TOI-813,83.8911,0.423,6.71,36.4,610.0,5907.0,Transit,2020
HIP 54373 b,HIP 54373,7.76,0.063,2.87,8.62,580.66,4021.0,Radial Velocity,2019
Kepler-1028 b,Kepler-1028,2.51462432,0.0354,1.33,2.33,1217.0,5522.0,Transit,2016
HD 72490 b,HD 72490,858.0,1.88,13.5,561.92344,386.45,4934.0,Radial Velocity,2018
GJ 433 c,GJ 433,5094.105,4.819,6.27,32.422,53.76,3461.0,Radial Velocity,2014
HD 80653 b,HD 80653,0.719573,0.01661,1.613,5.72,2463.0,5959.0,Transit,2020
Kepler-1049 b,Kepler-1049,3.273460736,0.0349,0.95,0.809,625.0,3864.0,Transit,2016
K2-127 b,K2-127,3.588163,0.0411,8.37,52.9,809.0,4575.0,Transit,2017
WTS-1 b,WTS-1,3.352057,0.047,16.7,1274.44,1500.0,6250.0,Transit,2012
Kepler-1351 b,Kepler-1351,0.916140768,0.0156,0.65,0.208,1212.0,4439.0,Transit,2016
Kepler-593 b,Kepler-593,21.21708973,0.1508,2.87,8.6,706.0,5967.0,Transit,2016
Kepler-90 i,KOI-351,14.44912,0.1201380843,1.32,2.3,709.0,6015.0,Transit,2017
Kepler-307 c,Kepler-307,13.0729,0.10896,2.2,3.64,739.0,5367.0,Transit,2013
Kepler-1155 b,Kepler-1155,33.469743,0.2006,2.03,4.78,609.0,5842.0,Transit,2016
Kepler-436 c,Kepler-436,16.79713874,0.11452,2.33,6.04,503.0,4685.0,Transit,2016
Kepler-721 b,Kepler-721,5.392025388,0.0583,2.64,7.46,850.0,5075.0,Transit,2016
Kepler-135 c,Kepler-135,11.448708,0.103,1.16,1.65,975.0,6090.0,Transit,2014
HAT-P-15 b,HAT-P-15,10.8635,0.0965,11.88154,616.5902,904.0,5568.0,Transit,2010
HD 96700 c,HD 96700,19.88,0.141,1.69,3.5,808.42,5845.0,Radial Velocity,2021
Kepler-250 b,Kepler-250,4.148141,0.048,1.13,1.51,938.0,5160.0,Transit,2014
K2-138 g,K2-138,41.96797,0.23109,3.013,4.32,445.0,5356.3,Transit,2021
CoRoT-4 b,CoRoT-4,9.20205,0.09,13.34,228.83,1074.0,6190.0,Transit,2008
Kepler-2001 b,Kepler-2001,1.090011003,0.0197,1.04,1.12,1402.0,5081.0,Transit,2023
Kepler-1817 b,Kepler-1817,44.29919815,0.2348,2.27349126,5.79,463.0,5316.0,Transit,2021
K2-19 b,K2-19,7.9193,0.07487,7.0,30.8,857.0,5322.0,Transit,2015
HD 102329 b,HD 102329,778.09998,1.81,12.6,2593.4928,532.95,4745.0,Radial Velocity,2011
HD 20794 d,HD 20794,89.68,0.3625,2.04,4.8,388.0,5368.0,Radial Velocity,2011
Kepler-395 c,Kepler-395,34.989262,0.177,1.32,2.3,341.0,4262.0,Transit,2014
Kepler-1609 b,Kepler-1609,114.34219,0.4679,2.22,5.56,429.0,6132.0,Transit,2016
Kepler-281 b,Kepler-281,14.646008,0.117,2.82,324.0,694.0,5723.0,Transit,2014
Kepler-1634 b,Kepler-1634,374.876239,1.0525,3.19,10.3,282.0,5474.0,Transit,2016
TOI-2427 b,TOI-2427,1.3060011,0.0202,1.8,3.89,1117.0,4072.0,Transit,2022
Kepler-1701 b,Kepler-1701,169.134,0.5738,2.22186207,5.57,273.0,5146.0,Transit,2020
HAT-P-67 b,HAT-P-67,4.8101069,0.06505,23.9872187,143.02278315,1903.0,6640.0,Transit,2017
TOI-1288 b,TOI-1288,2.6998279,0.0374,4.96846551,44.1,1203.44,5388.0,Transit,2022
Kepler-1335 b,Kepler-1335,6.26406846,0.0615,1.45,2.7,809.0,4903.0,Transit,2016
Kepler-266 c,Kepler-266,107.723601,0.457,3.89,14.4,421.0,5885.0,Transit,2014
K2-413 c,K2-413,5.3301,0.0426,1.2327,2.05,804.55,4116.0,Transit,2022
HD 38801 b,HD 38801,685.25,1.623,12.5,3082.31534,287.8,5338.0,Radial Velocity,2009
Kepler-129 d,Kepler-129,2646.0,4.0,12.6,2637.9757781,178.86,5770.0,Radial Velocity,2021
TOI-1630.01,TOI-1630,12.055734733,0.101151,2.417,6.42,584.0,5504.0,Transit,2024
TOI-7009 b,TOI-7009,2.3206612,0.0287,3.71,13.3,872.0,4080.0,Transit,2026
Kepler-32 e,Kepler-32,2.896,0.033,1.5,4.08181,652.0,3900.0,Transit,2012
TOI-6716 b,TOI-6716,4.7185898,0.0319,0.982,0.911,369.0,3110.0,Transit,2026
Kepler-1882 b,Kepler-1882,13.78730011,0.11636,1.48674404,2.81,894.0,5691.0,Transit,2021
Kepler-387 c,Kepler-387,11.837549,0.098,0.89,0.64,826.0,5774.0,Transit,2014
Kepler-680 b,Kepler-680,3.689926291,0.0469,2.42,6.44,1147.0,5890.0,Transit,2016
Kepler-175 b,Kepler-175,11.903515,0.105,2.56,7.08,827.0,6064.0,Transit,2014
Kepler-375 c,Kepler-375,19.986326,0.141,2.65,7.51,720.0,5826.0,Transit,2014
Kepler-1044 b,Kepler-1044,6.77408868,0.0741,2.67,7.61,1058.0,5985.0,Transit,2016
Kepler-1312 c,Kepler-1312,1.116119981,0.02103,1.02732734,1.07,1659.0,5721.0,Transit,2021
K2-264 c,K2-264,19.660302,0.11283,2.668,7.6,331.0,3660.0,Transit,2018
Kepler-53 b,Kepler-53,18.6489525,0.1361,2.89,111.0,701.0,5858.0,Transit,2012
HD 134606 c,HD 134606,58.883,0.3007,3.37,11.31,527.65,5576.0,Radial Velocity,2024
HD 10180 e,HD 10180,49.748,0.2699,5.39,25.1,577.77,5911.0,Radial Velocity,2010
Kepler-1027 b,Kepler-1027,1.907805199,0.02911,0.89,0.64,1268.0,5436.0,Transit,2016
Kepler-338 e,Kepler-338,9.341,0.08979,1.56,8.5,1143.0,5999.0,Transit Timing Variations,2014
Kepler-1714 b,Kepler-1714,10.27530003,0.10549,3.26437302,10.7,1211.0,6150.0,Transit,2021
Kepler-1241 b,Kepler-1241,18.5525701,0.1336,2.63,7.41,612.0,5261.0,Transit,2016
TOI-1898 b,TOI-1898,45.52234,0.269,9.39553231,129.0,674.54,6241.0,Transit,2024
BD+15 2940 b,BD+15 2940,137.48,0.539,13.7,352.78,1207.75,4796.0,Radial Velocity,2013
Kepler-11 d,Kepler-11,22.6845,0.155,3.12,7.3,653.0,5663.0,Transit,2010
51 Peg b,51 Peg,4.2307966,0.052,14.1,193.87532827,1328.93,5761.0,Radial Velocity,1995
TIC 52059926 b,TIC 52059926,175.532,0.553,10.71,5380.0,229.6,4505.0,Transit,2026
HIP 107772 b,HIP 107772,55.199,0.243,3.64,12.9,280.92,4006.0,Radial Velocity,2020
Kepler-48 d,Kepler-48,42.8961,0.23302,2.04,7.93,448.0,5194.0,Transit,2014
TOI-907.01,TOI-907,4.5849129,0.055225481,9.6158851,67.0,1846.6,6272.0,Transit,2024
Kepler-1921 b,Kepler-1921,20.03479958,0.15865,2.89459458,8.72,967.0,6120.0,Transit,2021
Kepler-1210 b,Kepler-1210,8.07124073,0.0753,1.7,3.53,856.0,5568.0,Transit,2016
Kepler-410 A b,Kepler-410 A,17.833648,0.1226,2.838,8.44,866.0,6273.0,Transit,2013
Kepler-841 b,Kepler-841,124.4198398,0.479,5.23,23.8,416.0,5324.0,Transit,2016
K2-137 b,K2-137,0.179719,0.0058,0.64,158.915,1471.0,3697.0,Transit,2017
Kepler-1416 b,Kepler-1416,1.49514952,0.0257,0.88,0.615,1870.0,6019.0,Transit,2016
Kepler-100 d,Kepler-100,35.3331,0.21747,1.61,3.0,670.0,5825.0,Transit,2014
WASP-162 b,WASP-162,9.62468,0.0871,11.209,1652.716,910.0,5300.0,Transit,2018
KOBE-1 b,KOBE-1,8.5399,0.07006,2.91,8.8,594.4,4135.0,Radial Velocity,2025
Kepler-1766 b,Kepler-1766,105.0149994,0.4161,2.27904508,5.81,406.0,5868.0,Transit,2021
UCAC3 113-933 b,UCAC3 113-933,,6100.0,12.1,6674.396547,1.79,3864.0,Imaging,2024
HD 206893 b,HD 206893,11100.0,10.75,14.01122587,6197.6539365,1429.2,6500.0,Imaging,2021
HD 207897 b,HD 207897,16.20166,0.117,2.34302132,14.8,581.75,5106.0,Transit,2021
TOI-4153 b,TOI-4153,4.6174141,0.06311,16.11851425,365.50266805,1669.0,6860.0,Transit,2024
TOI-6707 b,TOI-6707,3.83479363758,,5.72673066,27.8,1509.43,6289.49,Transit,2026
TOI-262 b,TOI-262,11.14529,0.163,2.07,4.94,584.0,5310.0,Transit,2023
Kepler-1072 b,Kepler-1072,1.569066502,0.02742,1.58,3.12,1849.0,6199.0,Transit,2016
HIP 107773 b,HIP 107773,144.3,0.72,13.4,629.3034,957.11,4945.0,Radial Velocity,2015
Kepler-1925 b,Kepler-1925,46.71640015,0.2588,3.00177922,9.28,531.0,5856.0,Transit,2021
ups And d,ups And,1276.46,2.51329,12.5,3257.74117175,233.9,6156.77,Radial Velocity,1999
TOI-4791 b,TOI-4791,4.28088,0.0555,12.44196858,734.18362017,1472.0,6058.0,Transit,2023
Kepler-1751 b,Kepler-1751,7.017310143,0.0712,1.82417378,3.98,984.0,6052.0,Transit,2021
HATS-56 b,HATS-56,4.324799,0.06043,18.920792,191.33366,1902.0,6536.0,Transit,2019
Kepler-1769 b,Kepler-1769,89.1934967,0.40598,4.465,18.2,483.0,6071.0,Transit,2021
GJ 338 B b,GJ 338 B,24.422,0.142,3.25,10.6,391.0,4014.0,Radial Velocity,2020
TOI-4582 b,TOI-4582,31.034,,10.53644186,168.44905571,614.66,5190.0,Transit,2023
HATS-25 b,HATS-25,4.2986432,0.05163,14.12334,194.82979,1277.0,5715.0,Transit,2016
Kepler-351 d,Kepler-351,142.544247,0.5177,2.72,7.85,318.0,5225.0,Transit,2016
Kepler-311 d,Kepler-311,232.040326,0.7326,2.05,4.86,327.0,5903.0,Transit,2023
Kepler-309 b,Kepler-309,5.923653,0.059,1.56,3.05,531.0,4713.0,Transit,2014
Kepler-176 d,Kepler-176,25.751974,0.163,2.51,1.72,501.0,5232.0,Transit,2014
HD 20868 b,HD 20868,380.85001,0.95,13.7,397.2875,207.11,4802.0,Radial Velocity,2008
Kepler-277 c,Kepler-277,33.006,0.21781,3.36,64.2,778.0,5946.0,Transit,2013
Kepler-150 f,Kepler-150,637.2093,1.24,3.64,12.9,227.77,5528.0,Transit,2017
Kepler-279 d,Kepler-279,54.414,0.2901,3.1,37.5,574.0,6689.45,Transit,2013
HAT-P-42 b,HAT-P-42,4.641878,0.0575,14.348,331.801,1428.0,5743.0,Transit,2012
Kepler-262 b,Kepler-262,13.060855,0.108,1.36,2.42,734.0,5841.0,Transit,2014
TOI-2211.01,TOI-2211,3.092686757,0.04011,1.561,3.06,1056.92,5253.0,Transit,2024
TOI-5777 b,TOI-5777,6.91716177373,,3.09551273,9.78,602.0,4408.03,Transit,2026
Kepler-173 b,Kepler-173,4.263742,0.048,1.29,2.21,1179.0,6031.0,Transit,2014
Kepler-335 b,Kepler-335,6.562331,0.075,3.39,11.4,1290.0,5877.0,Transit,2014
TOI-5605 b,TOI-5605,5.91340454843,,2.52611303,6.92,669.0,4583.79,Transit,2026
TOI-1221 b,TOI-1221,91.68278,0.387,2.91,1112.3994245,440.0,5592.0,Transit,2023
Kepler-881 b,Kepler-881,4.44448017,0.0552,1.78,3.82,1217.0,5961.0,Transit,2016
Kepler-324 c,Kepler-324,51.805612,0.26,3.15,6.2,410.0,5194.0,Transit,2014
Kepler-1226 b,Kepler-1226,17.2923453,0.13945,1.45,2.7,809.0,5923.0,Transit,2016
Kepler-1048 b,Kepler-1048,6.92101021,0.059,1.61,3.22,619.0,4651.0,Transit,2016
HD 69830 c,HD 69830,31.56,0.186,3.46,11.8,567.04,5385.0,Radial Velocity,2006
HATS-38 b,HATS-38,4.375021,0.05036,6.882326,23.51942,1294.0,5732.0,Transit,2020
HD 154857 b,HD 154857,408.60001,1.29,13.3,778.6835,359.86,5589.0,Radial Velocity,2004
Kepler-1530 c,Kepler-1530,5.3227406,0.05744,1.65,3.36,1167.0,5477.0,Transit,2016
Kepler-1047 c,Kepler-1047,3.18897601,0.04413,0.99,0.937,1309.0,5754.0,Transit,2016
Kepler-1274 b,Kepler-1274,6.98152703,0.08161,1.42,2.6,1384.0,6179.0,Transit,2016
K2-31 b,K2-31,1.25785,0.022,11.88154,563.83042,1688.0,5280.0,Transit,2016
GJ 1265 b,GJ 1265,3.6511,0.026,2.63,7.4,424.04,3236.0,Radial Velocity,2018
G 9-40 b,G 9-40,5.7459982,0.0418,1.9,4.0,440.6,3395.0,Transit,2019
EPIC 205950854 c,K2-168,8.050722,,1.31,2.27,960.6,5502.7,Transit,2019
HD 147873 c,HD 147873,491.54,1.36,13.3,731.009,373.68,5972.0,Radial Velocity,2016
Kepler-290 b,Kepler-290,14.589347,0.11,2.25,5.69,594.0,5147.0,Transit,2014
Kepler-857 b,Kepler-857,85.35129427,0.3751,6.8,37.2,390.0,5773.0,Transit,2016
Kepler-872 b,Kepler-872,2.578855068,0.0362,1.99,4.62,1230.0,5902.0,Transit,2016
Kepler-1430 b,Kepler-1430,2.46050993,0.0304,1.18,1.76,969.0,4796.0,Transit,2016
Kepler-1311 b,Kepler-1311,11.1726994,0.10082,1.24,2.07,1019.0,5748.0,Transit,2016
Kepler-126 d,Kepler-126,100.283134,0.448,2.5,54.59018723,475.0,6239.0,Transit,2014
Kepler-445 c,Kepler-445,4.871229,0.0301,2.51,6.85,341.0,3157.0,Transit,2015
GJ 3293 e,GJ 3293,13.2543,0.08208,1.63,3.28,370.79,3466.0,Radial Velocity,2017
HD 147018 c,HD 147018,1008.0,1.922,12.7,2080.0,183.28,5441.0,Radial Velocity,2009
Kepler-1350 b,Kepler-1350,4.4968604,0.0413,2.52,6.9,535.0,3827.0,Transit,2016
Kepler-1174 b,Kepler-1174,6.89225223,0.0732,1.59,3.15,1156.0,5936.0,Transit,2016
HD 85426 c,TOI-1774,35.73,,3.19,10.3,640.0,5746.0,Radial Velocity,2026
Kepler-675 b,Kepler-675,2.33743801,0.0325,2.44,6.53,1070.0,4945.0,Transit,2016
Kepler-1061 b,Kepler-1061,2.757982666,0.0388,1.98,4.58,1332.0,6067.0,Transit,2016
Kepler-865 c,Kepler-865,6.20920207,0.061,0.89,0.64,914.0,5440.0,Transit,2023
nu Oph c,nu Oph,3180.6,5.829,12.0,7838.32346,341.48,4887.0,Radial Velocity,2012
TOI-1751 b,TOI-1751,37.46852,0.215,2.9507845,19.5,651.64,5970.0,Transit,2024
Kepler-851 b,Kepler-851,8.50699658,0.0802,1.68,3.46,900.0,5455.0,Transit,2016
Kepler-605 b,Kepler-605,3.383538066,0.04244,1.44,2.67,1133.0,5462.0,Transit,2016
Kepler-234 b,Kepler-234,2.711506,0.04,3.7,13.2,1420.0,6224.0,Transit,2014
Kepler-360 b,Kepler-360,3.289672,0.044,1.65,3.36,1116.0,6053.0,Transit,2014
K2-419 A b,K2-419 A,20.35847252,0.1208,10.55,196.0,377.0,3711.0,Transit,2024
Kepler-172 e,Kepler-172,35.118736,0.211,2.76,8.05,550.0,5526.0,Transit,2014
Kepler-275 d,Kepler-275,35.676062,0.224,3.33,11.1,671.0,6165.0,Transit,2014
K2-146 c,K2-146,4.00498,0.0327,2.19,7.49,518.53,3385.0,Transit,2019
Kepler-1144 b,Kepler-1144,17.14647302,0.1291,1.99,4.62,811.0,5753.0,Transit,2016
Kepler-1088 b,Kepler-1088,23.12748644,0.16163,1.42,2.6,667.0,5975.0,Transit,2016
GJ 163 d,GJ 163,603.95116,1.0304,5.92,29.4,106.43,3500.0,Radial Velocity,2013
WASP-168 b,WASP-168,4.153658,0.0519,16.8135,133.4886,1340.0,6000.0,Transit,2018
DH Tau b,DH Tau,,330.0,30.2643,3496.0,2200.0,4371.0,Imaging,2004
HD 4313 b,HD 4313,356.21,1.157,13.4,612.45841,502.39,4943.0,Radial Velocity,2009
HD 93083 b,HD 93083,144.72,0.508,14.3,143.34061156,311.57,5033.8,Radial Velocity,2005
K2-181 b,K2-181,6.8941,0.0706,2.69,7.7,949.0,5528.0,Transit,2018
Kepler-1787 b,Kepler-1787,39.31370163,0.227,2.31898181,5.99,540.0,6060.0,Transit,2021
Kepler-1939 b,Kepler-1939,2.790659904,0.0334,1.16480773,1.68,816.0,4353.0,Transit,2021
Kepler-157 b,Kepler-157,1.732342,0.028,1.32,2.3,1546.0,5774.0,Transit,2014
WASP-130 b,WASP-130,11.55098,0.1012,9.97601,390.9309,833.0,5625.0,Transit,2016
Kepler-1469 b,Kepler-1469,21.8635301,0.1466,2.8,8.25,551.0,5507.0,Transit,2016
Kepler-1183 b,Kepler-1183,28.5057189,0.1793,2.82,8.35,555.0,5765.0,Transit,2016
Kepler-1900 b,Kepler-1900,2.986229897,0.042,1.62314676,3.27,1356.0,6173.0,Transit,2021
WASP-114 b,WASP-114,1.5487743,0.02851,15.008851,562.24127,2043.0,5940.0,Transit,2016
Kepler-1777 b,Kepler-1777,12.18420029,0.10301,2.13189678,5.19,819.0,5771.0,Transit,2021
Kepler-976 b,Kepler-976,105.9564148,0.4217,3.96,14.9,324.0,5232.0,Transit,2016
Kepler-1776 b,Kepler-1776,35.01190186,0.2093,2.61157023,7.33,603.0,5872.0,Transit,2021
WASP-123 b,WASP-123,2.97764359,0.04263,15.13212395,285.72917,1500.0,5740.0,Transit,2016
G 192-15 b,G 192-15,2.27476,0.01723,1.02,1.03,453.6,2999.0,Radial Velocity,2025
Kepler-848 b,Kepler-848,6.91134416,0.07586,1.7,3.53,1086.0,5695.0,Transit,2016
Kepler-388 c,Kepler-388,13.297004,0.093,0.86,0.566,515.0,4498.0,Transit,2014
WASP-141 b,WASP-141,3.310651,0.0469,13.56289,854.9627,1540.0,5900.0,Transit,2016
Kepler-33 b,Kepler-33,5.66793,0.0677,1.74,3.68,1336.0,5904.0,Transit,2011
Kepler-1602 b,Kepler-1602,11.17931605,0.09744,1.34,2.36,1159.0,6296.0,Transit,2016
Kepler-644 b,Kepler-644,3.173917103,0.04641,3.15,10.1,1655.0,6747.0,Transit,2016
WASP-101 b,WASP-101,3.58572,0.05057,16.02887,162.0933,1560.0,6380.0,Transit,2014
K2-24 c,K2-24,42.3391,0.247,7.5,15.4,542.0,5625.0,Transit,2016
Kepler-1260 b,Kepler-1260,19.1187753,0.1444,1.77,3.78,823.0,5961.0,Transit,2016
Kepler-598 c,Kepler-598,86.4945,0.36672,3.02420941,9.4,367.0,5245.0,Transit,2020
Kepler-169 c,Kepler-169,6.195469,0.062,1.21,1.92,776.0,4997.0,Transit,2014
Kepler-403 d,Kepler-403,13.61159129,0.12178,1.42,2.6,958.0,6209.0,Transit,2016
Kepler-725 c,Kepler-725,207.541,0.6744,3.08,9.7,268.0,5395.0,Transit Timing Variations,2025
Kepler-82 d,Kepler-82,2.382961,0.034,1.77,885.098,1253.0,5428.0,Transit,2014
Kepler-883 b,Kepler-883,12.98495573,0.10288,1.78,3.82,818.0,6116.0,Transit,2016
HD 108863 b,HD 108863,437.7,1.32,13.3,767.24162,490.51,4878.0,Radial Velocity,2011
Kepler-1747 b,Kepler-1747,6.230319977,0.066,4.26508,16.8,875.0,5477.0,Transit,2021
Kepler-411 d,Kepler-411,58.02035,0.279,3.319,15.2,410.0,4974.0,Transit,2018
HD 87816 c,HD 87816,7596.0,10.14,12.4,3877.5065654,226.65,4989.0,Radial Velocity,2025
Kepler-226 d,Kepler-226,8.109044,0.076,1.22,1.98,800.0,5571.0,Transit,2014
Qatar-6 b,Qatar-6,3.506195,0.0423,11.903958,212.31044,1006.0,5052.0,Transit,2017
Kepler-1392 b,Kepler-1392,15.1410397,0.1189,1.96,4.5,714.0,5479.0,Transit,2016
TOI-3362 b,TOI-3362,18.09547,0.153,12.80065596,1598.3590588,688.0,6532.0,Transit,2021
WASP-32 b,WASP-32,2.71866,0.0394,10.76064,835.8929,1388.0,6140.0,Transit,2010
K2-370 b,K2-370,2.1408093,0.0321,2.67,11.1,1267.0,5662.0,Transit,2022
Kepler-1001 c,Kepler-1001,9.18186,0.08296,1.57799279,3.11,804.0,5376.0,Transit,2020
EPIC 211945201 b,EPIC 211945201,19.49221,0.1493,5.76,11.0,817.0,6069.0,Transit,2018
HD 86081 b,HD 86081,2.1378431,0.0346,13.6,470.3884,1860.31,5939.0,Radial Velocity,2006
Kepler-1498 b,Kepler-1498,48.051405,0.2528,1.33,2.33,564.0,5256.0,Transit,2016
Kepler-945 b,Kepler-945,31.0033814,0.2037,2.63,7.41,616.0,5718.0,Transit,2016
K2-90 b,K2-90,13.733314,0.096,2.6,7.27,502.0,4484.0,Transit,2016
Kepler-1764 b,Kepler-1764,70.46829987,0.3512,4.55527871,18.8,511.0,6461.0,Transit,2021
Kepler-958 b,Kepler-958,9.7678805,0.08631,2.06,4.9,749.0,5421.0,Transit,2016
Kepler-215 c,Kepler-215,14.667108,0.113,1.77,3.78,675.0,5739.0,Transit,2014
Kepler-326 d,Kepler-326,6.766888,0.066,1.21,6.9,781.0,5105.0,Transit,2014
Kepler-1745 b,Kepler-1745,3.016190052,0.0408,1.92872921,4.38,1449.0,5611.0,Transit,2021
Kepler-806 b,Kepler-806,8.09219642,0.07684,1.14,1.55,1089.0,5770.0,Transit,2016
HD 23079 b,HD 23079,735.74,1.6,13.2,845.42356262,237.47,5994.0,Radial Velocity,2001
Kepler-219 d,Kepler-219,47.903645,0.272,2.81,19.1,598.0,5786.0,Transit,2014
Kepler-1137 b,Kepler-1137,23.9210791,0.1871,2.2,5.48,1020.0,6807.0,Transit,2016
Kepler-53 c,Kepler-53,38.5583038,0.22091,3.17,36.0,550.0,5858.0,Transit,2012
KOI-7368 b,KOI-7368,6.8430344,0.0678,2.22,5.56,805.0,5241.0,Transit,2022
TOI-1842 b,TOI-1842,9.5739181,0.1,12.3485023,89.4,1199.55,6039.0,Transit,2021
TOI-7510 b,TOI-7510,11.530869,0.1019,7.31,18.1,878.0,5720.0,Transit,2025
Kepler-967 c,Kepler-967,198.7112502,0.6253,3.65,12.9,258.0,5178.0,Transit,2016
TOI-1199 b,TOI-1199,3.671463,0.04988,10.5140239,75.96098927,1486.0,5710.0,Transit,2024
Kepler-271 c,Kepler-271,7.41086267,0.06993,0.95,0.809,850.0,5555.0,Transit,2014
HD 175541 b,HD 175541,298.43,0.975,14.1,190.06234,501.11,5013.0,Radial Velocity,2007
Kepler-1831 b,Kepler-1831,5.78387022,0.0655,1.97019818,4.54,1051.0,6063.0,Transit,2021
HIP 35173 b,HIP 35173,41.516,0.217,3.61,12.7,444.34,4881.0,Radial Velocity,2019
K2-63 c,K2-63,25.4556,0.189,3.9,14.5,958.85,6771.0,Transit,2016
Kepler-289 c,Kepler-289,125.8723,0.50155,11.23,157.18,394.0,5990.0,Transit,2014
WASP-82 b,WASP-82,2.70579,0.0447,18.15858,371.8611,2190.0,6480.0,Transit,2015
Kepler-1869 c,Kepler-1869,1.716828304,0.028,0.74,0.33,1455.0,5808.0,Transit,2023
gam Lib b,gam Lib,414.88,1.319,13.7,357.87478628,720.78,4879.0,Radial Velocity,2018
Kepler-743 b,Kepler-743,3.179262921,0.04166,1.21,1.92,1101.0,5486.0,Transit,2016
Kepler-732 b,Kepler-732,9.467814048,0.0691,2.18,5.39,407.0,3631.0,Transit,2016
Kepler-149 b,Kepler-149,29.198943,0.184,4.21,16.5,540.0,5381.0,Transit,2014
Kepler-1203 b,Kepler-1203,0.588000765,0.0114,1.06,1.2,1188.0,4105.0,Transit,2016
K2-258 b,K2-258,19.0921,0.149,3.0,9.27,831.0,6351.0,Transit,2018
HD 63433 b,HD 63433,7.1079475,0.072,2.14,21.755,967.11,5553.0,Transit,2020
Kepler-1775 b,Kepler-1775,85.65399933,0.39565,3.64762153,12.9,522.0,5818.0,Transit,2021
Kepler-907 b,Kepler-907,15.86621821,0.1225,1.2,1.87,879.0,6106.0,Transit,2016
TOI-540 b,TOI-540,1.2391491,0.01223,0.903,0.674,611.0,3216.0,Transit,2020
Kepler-647 c,Kepler-647,29.6663,0.18291,4.00135002,15.1,644.0,5906.74,Transit,2020
Kepler-54 c,Kepler-54,12.0717249,0.0809,1.23,0.7,395.0,3705.0,Transit,2012
Kepler-138 b,Kepler-138,10.3134,0.0753,0.64,0.07,452.0,3841.0,Transit,2014
Kepler-1536 b,Kepler-1536,364.758031,0.8507,3.14,10.0,166.0,4434.0,Transit,2016
Kepler-509 b,Kepler-509,41.74600392,0.23702,2.49,6.76,584.0,6060.0,Transit,2016
Kepler-545 b,Kepler-545,13.24934059,0.11248,2.69,7.7,806.0,5882.0,Transit,2016
Kepler-1919 b,Kepler-1919,37.88660049,0.2107,2.62390658,7.38,479.0,5513.0,Transit,2021
GJ 317 b,GJ 317,695.69,1.138,13.3,794.5,100.32,3496.0,Radial Velocity,2007
Kepler-81 d,Kepler-81,20.837846,0.128,1.21,1.92,418.0,4500.0,Transit,2014
61 Vir b,61 Vir,4.215,0.050201,2.11,5.1,1177.85,5577.0,Radial Velocity,2009
GJ 876 e,GJ 876,124.26,0.3343,3.92,14.6,150.46,3293.74,Radial Velocity,2010
Kepler-1987 c,Kepler-1987,3.64830183,0.0427,1.33,2.33,860.0,4769.0,Transit,2023
K2-360 c,EPIC 201595106,9.79692,0.0883,4.02,15.23,912.0,5679.0,Radial Velocity,2024
Kepler-314 b,Kepler-314,2.461069,0.035,0.83,0.498,1195.0,5378.0,Transit,2014
Kepler-502 b,Kepler-502,4.28686431,0.0535,4.77,20.4,1217.0,6125.0,Transit,2016
DMPP-4 b,DMPP-4,3.4982,0.04853,3.53,12.2,1645.69,6400.0,Radial Velocity,2023
Kepler-1140 b,Kepler-1140,24.0862707,0.1478,2.77,8.1,500.0,4850.0,Transit,2016
2MASS J11550485-7919108 b,2MASS J11550485-7919108,,587.0,12.1,6356.56814,2506.0,3021.0,Imaging,2024
HD 74698 c,HD 74698,3449.0,4.5,14.0,126.0,151.77,5783.0,Radial Velocity,2023
HATS-58 A b,HATS-58 A,4.2180896,0.05798,12.273855,327.3649,1721.0,7175.0,Transit,2019
Kepler-910 b,Kepler-910,2.364369015,0.03752,0.82,0.477,1752.0,6230.0,Transit,2016
Kepler-691 b,Kepler-691,8.114379,0.0649,2.09,5.02,460.0,3715.0,Transit,2016
Kepler-23 b,Kepler-23,7.1,0.07212,1.638,2.56,1157.0,5828.0,Transit,2011
Kepler-1823 b,Kepler-1823,21.10339928,0.15332,2.0861268,5.0,718.0,6000.0,Transit,2021
Kepler-1861 b,Kepler-1861,40.0306015,0.24082,2.20677414,5.5,617.0,5855.0,Transit,2021
Kepler-370 c,Kepler-370,19.02293,0.14,1.91,4.31,647.0,5852.0,Transit,2014
Kepler-120 b,Kepler-120,6.312501,0.055,2.15,8.5,575.0,4096.0,Transit,2014
TOI-778 b,TOI-778,4.633611,0.06,15.4,878.0,1561.0,6643.0,Transit,2023
Kepler-1499 b,Kepler-1499,44.2008,0.23225,1.19,1.81,409.0,5097.0,Transit,2016
Kepler-1073 b,Kepler-1073,8.67888593,0.0805,2.3,5.9,905.0,5792.0,Transit,2016
8 UMi b,8 UMi,93.31,0.462,13.5,524.41687155,1126.38,4847.0,Radial Velocity,2015
HD 159868 b,HD 159868,1184.1,2.32,13.3,704.94694,255.69,5534.0,Radial Velocity,2006
Kepler-92 b,Kepler-92,13.749,0.12232,3.51,64.3,975.0,5883.0,Transit,2013
Kepler-405 c,Kepler-405,29.726682,0.188,4.66,19.6,557.0,5818.0,Transit,2014
GJ 682 c,GJ 682,57.32,0.176,2.89,8.7,190.08,3028.0,Radial Velocity,2014
Kepler-282 c,Kepler-282,13.638723,0.106,1.2,1.87,717.0,5602.0,Transit,2014
Kepler-1574 b,Kepler-1574,6.9424334,0.0743,1.29,2.21,1003.0,5892.0,Transit,2016
HD 152843 b,HD 152843,11.62071,0.1049,3.05,9.82,1003.11,6310.0,Transit,2021
HD 205739 b,HD 205739,279.8,0.896,13.6,435.41,362.84,6176.0,Radial Velocity,2008
HD 184010 d,HD 184010,836.4,1.92,14.3,143.02278315,381.37,4971.0,Radial Velocity,2022
Gl 49 b,Gl 49,13.8508,0.0905,2.24,5.63,435.99,3805.0,Radial Velocity,2019
GJ 2056 b,GJ 2056,69.971,0.283,4.17,16.2,310.74,4069.95,Radial Velocity,2020
Kepler-154 f,Kepler-154,9.91935684,0.08832,1.5,2.86,838.0,5769.0,Transit,2016
Kepler-658 b,Kepler-658,1.287076762,0.0188,1.63,3.29,871.0,4103.0,Transit,2016
NGTS-34 b,NGTS-34,43.12655,0.257,3.65,19.1,624.0,6134.0,Transit,2025
HIP 65 A b,HIP 65 A,0.9809734,0.01782,22.75427,1021.18779,1411.0,4590.0,Transit,2020
Kepler-1013 b,Kepler-1013,18.93054959,0.137,2.15,5.27,766.0,4954.0,Transit,2016
Kepler-313 b,Kepler-313,14.970418,0.125,2.53,6.94,883.0,5727.0,Transit,2014
Kepler-1914 b,Kepler-1914,30.82789993,0.1954,2.9429803,8.97,585.0,5982.0,Transit,2021
Barnard b,Barnard's star,3.1542,0.0229,0.72,0.299,438.0,3195.0,Radial Velocity,2024
USco1556 b,USco1556 A,,3500.0,12.3,4767.45,2240.0,3410.0,Imaging,2019
K2-336 b,K2-336,21.194733,,1.22,1.98,569.0,5424.0,Transit,2021
K2-55 b,K2-55,2.849271,0.03486,4.43,44.0,900.0,4300.0,Transit,2016
HIP 39330 b,HIP 39330,4650.0,5.05,13.5,530.77343969,125.05,5748.0,Radial Velocity,2026
TOI-1516 b,TOI-1516,2.056014,,15.24421375,1004.33776612,1839.0,6520.0,Transit,2022
bet Pic b,bet Pic,8682.0,10.07,18.49485,2765.1071409,1612.0,8038.68,Imaging,2008
HAT-P-32 b,HAT-P-32,2.1500082,0.03397,22.19382,216.1244,1835.7,6001.0,Transit,2011
bet Pic c,bet Pic,1202.0,2.7,12.5,2765.1071409,1250.0,8038.68,Radial Velocity,2019
bet Pic d,bet Pic,33200.0,26.0,14.12331568,762.7881768,600.0,8038.68,Imaging,2026
Kepler-79 d,Kepler-79,52.0897,0.2937,7.15,5.3,592.0,6389.0,Transit,2014
Kepler-79 e,Kepler-79,81.0665,0.39445,3.53,3.8,511.0,6389.0,Transit,2014
Kepler-79 c,Kepler-79,27.4026,0.19144,3.76,4.6,734.0,6389.0,Transit,2012
Kepler-79 b,Kepler-79,13.48451,0.11929,3.51,7.6,929.0,6389.0,Transit,2012
Kepler-412 b,Kepler-412,1.7208604,0.02897,15.031269,299.07803,1850.0,5750.0,Transit,2014
CoRoT-8 b,CoRoT-8,6.21229,0.063,6.39,69.92,870.0,5080.0,Transit,2010
Kepler-1381 b,Kepler-1381,25.3842686,0.1728,2.25,5.69,649.0,5747.0,Transit,2016
Kepler-1372 b,Kepler-1372,1.311555568,0.024,1.27,2.15,1655.0,5677.0,Transit,2016
Kepler-84 f,Kepler-84,44.552169,0.25,2.2,5.48,572.0,6031.0,Transit,2014
BD+49 828 b,BD+49 828,2590.0,4.2,13.5,508.5,320.63,4943.0,Radial Velocity,2015
eps Ind A b,eps Ind A,25450.0,15.76,12.7,2065.8846455,275.0,4700.0,Radial Velocity,2019
TOI-261.01,TOI-261,3.3639254,0.034792189,3.0449863,9.51,1722.49,5890.3,Transit,2021
Kepler-176 c,Kepler-176,12.759712,0.102,2.6,1.33,633.0,5232.0,Transit,2014
K2-344 b,K2-344,3.35585,,1.59,3.15,722.0,4374.0,Transit,2021
Kepler-369 c,Kepler-369,14.871572,0.094,1.41,2.57,391.0,3591.0,Transit,2014
7 CMa b,7 CMa,735.1,1.758,13.4,587.9855,387.33,4826.0,Radial Velocity,2011
Kepler-1012 b,Kepler-1012,5.50860439,0.06066,1.29,2.21,934.0,5556.0,Transit,2016
Kepler-1613 b,Kepler-1613,1.5184299,0.02755,2.08,4.98,1926.0,6005.0,Transit,2016
TOI-5726.01,TOI-5726,5.491125215,0.062186,2.554,7.05,1093.03,5874.0,Transit,2024
Kepler-36 b,Kepler-36,13.86825,0.11419,1.498,3.83,978.0,5979.0,Transit,2012
Kepler-616 c,Kepler-616,90.4113556,0.4024,3.41,11.5,413.0,5753.0,Transit,2016
HIP 91258 b,HIP 91258,5.0505,0.06,13.7,346.4347,1024.97,5519.0,Radial Velocity,2013
Kepler-1405 b,Kepler-1405,28.2274184,0.1778,3.96,14.9,565.0,5925.0,Transit,2016
K2-414 b,K2-414,4.3696,0.0487,1.219,1.98,811.92,4343.0,Transit,2022
Kepler-362 c,Kepler-362,37.866281,0.207,1.45,2.7,543.0,5788.0,Transit,2014
TOI-1466 b,TOI-1466,1.87190602231,,2.46741991,6.65,1001.0,4435.39,Transit,2026
Kepler-1947 b,Kepler-1947,6.963630199,0.07375,1.0101666,1.01,1298.0,6040.0,Transit,2021
Kepler-260 c,Kepler-260,76.050178,0.332,1.74,3.68,372.0,5250.0,Transit,2014
Kepler-484 b,Kepler-484,10.045569313,0.09036,2.28,5.82,766.0,5668.0,Transit,2016
Kepler-1407 b,Kepler-1407,20.0711504,0.1502,2.25,5.69,826.0,6010.0,Transit,2016
TOI-5728 b,TOI-5728,11.49761,,1.31,2.27,382.0,3419.0,Transit,2025
Kepler-211 b,Kepler-211,4.138575,0.048,1.26,2.13,954.0,5123.0,Transit,2014
TOI-5515 b,TOI-5515,8.59225810839,,2.65362762,7.53,778.1,5483.65,Transit,2026
Kepler-197 b,Kepler-197,5.599308,0.06,1.02,1.04,1142.0,6004.0,Transit,2014
Kepler-790 b,Kepler-790,13.73469807,0.101,2.18,5.39,634.0,5208.0,Transit,2016
GU Psc b,GU Psc,,2000.0,14.179,3591.3,1050.0,4031.81,Imaging,2014
Kepler-113 c,Kepler-113,8.92507,0.07796,2.18,8.7,628.0,4725.0,Transit,2014
Kepler-1891 b,Kepler-1891,4.02229023,0.0473,1.52139156,2.93,1017.0,5516.0,Transit,2021
Kepler-876 b,Kepler-876,5.14438011,0.0549,1.43,2.63,923.0,5060.0,Transit,2016
Kepler-1456 b,Kepler-1456,18.1373829,0.1132,1.14,1.55,433.0,4231.0,Transit,2016
Kepler-571 b,Kepler-571,4.798599388,0.0546,2.64,7.46,978.0,5527.0,Transit,2016
TOI-5678 b,TOI-5678,47.73022,0.249,4.91,20.0,513.0,5485.0,Transit,2023
Kepler-1280 b,Kepler-1280,66.5579057,0.33982,1.87,4.16,757.0,6227.0,Transit,2016
K2-75 c,K2-75,18.311,0.1429,2.77,8.1,955.14,5995.0,Transit,2016
Kepler-1414 b,Kepler-1414,3.51576315,0.0426,1.23,2.04,1033.0,4951.0,Transit,2016
Kepler-710 b,Kepler-710,4.347285527,0.0524,1.88,4.19,1174.0,5611.0,Transit,2016
TOI-640 b,TOI-640,5.003777,0.06608,19.2794468,181.16219199,1816.0,6460.0,Transit,2021
Kepler-573 b,Kepler-573,22.18329658,0.14527,2.79,8.2,646.0,5746.0,Transit,2016
Kepler-297 c,Kepler-297,74.920137,0.336,6.54,42.1,409.0,5619.0,Transit,2014
HD 10180 h,HD 10180,2205.0,3.381,9.4,64.4,163.24,5911.0,Radial Velocity,2010
Kepler-1791 b,Kepler-1791,7.720860004,0.0761,3.12103321,9.91,1021.0,5887.0,Transit,2021
Kepler-1197 b,Kepler-1197,2.03231845,0.02869,1.25,2.1,1011.0,4708.0,Transit,2016
Kepler-198 b,Kepler-198,17.790037,0.131,2.82,8.35,655.0,5574.0,Transit,2014
K2-148 d,K2-148,9.7579,0.0774,1.64,3.33,562.05,4079.0,Transit,2018
Kepler-142 b,Kepler-142,2.024152,0.032,1.99,4.62,1597.0,5790.0,Transit,2014
Kepler-9 d,Kepler-9,1.592851,0.0273,1.64,8.41466053,2026.0,5777.0,Transit,2010
WASP-54 b,WASP-54,3.69364,0.04988,17.71022,187.5197,1759.0,6100.0,Transit,2012
K2-250 b,K2-250,4.01392,0.04606,2.71257333,7.81,1003.0,5003.0,Transit,2018
Kepler-31 b,Kepler-31,20.8613,0.16,5.5,36.7418,781.0,6340.0,Transit,2011
K2-167 b,K2-167,9.978541,0.0932,2.36509493,6.5,1220.0,6310.0,Transit,2018
Kepler-1151 b,Kepler-1151,65.6478424,0.3197,2.22,5.56,485.0,5470.0,Transit,2016
Kepler-1261 b,Kepler-1261,48.4308991,0.239,2.26,5.73,396.0,5006.0,Transit,2016
Kepler-1339 b,Kepler-1339,1.341555127,0.02356,0.71,0.285,1642.0,5586.0,Transit,2016
Kepler-1086 c,Kepler-1086,161.5163345,0.503,2.94,8.96,211.0,4350.0,Transit,2016
TOI-2096 c,TOI-2096,6.38784,0.04,1.914,4.32,349.0,3300.0,Transit,2023
Kepler-1758 b,Kepler-1758,9.977210045,0.0919,2.57059831,7.13,1028.0,5557.0,Transit,2021
Kepler-352 c,Kepler-352,16.332995,0.118,1.24,2.07,591.0,5212.0,Transit,2014
Kepler-30 c,Kepler-30,60.323105,0.3,12.3,640.0,411.0,5498.0,Transit,2012
Kepler-62 c,Kepler-62,12.4417,0.0929,0.54,4.0,578.0,4925.0,Transit,2013
Kepler-270 c,Kepler-270,25.262887,0.18,1.77,3.78,756.0,6067.0,Transit,2014
HD 19994 b,HD 19994,466.2,1.305,13.6,435.41,350.1,6188.0,Radial Velocity,2003
Kepler-446 c,Kepler-446,3.036179,0.0283,1.11,1.41,520.0,3359.0,Transit,2015
Kepler-1551 b,Kepler-1551,24.4973698,0.1772,2.66,7.56,722.0,6136.0,Transit,2016
NGTS-15 b,NGTS-15,3.27623,0.0441,12.32987877,238.68913366,1146.0,5600.0,Transit,2021
K2-16 c,K2-16,19.07863,0.1229,2.54,6.99,485.0,4742.0,Transit,2015
K2-270 b,K2-270,1.543069,0.0247,1.38,2.48,1203.0,4877.0,Transit,2018
Kepler-646 b,Kepler-646,15.87364565,0.11251,1.99,4.62,632.0,5634.0,Transit,2016
Kepler-1611 b,Kepler-1611,5.1762429,0.0586,0.81,0.457,1243.0,5605.0,Transit,2016
TOI-921 b,TOI-921,5.12871907628,,3.53409617,12.2,951.0,6011.66,Transit,2026
Kepler-406 c,Kepler-406,4.62332,0.05531,0.85,2.71,1050.0,5538.0,Transit,2014
Kepler-431 d,Kepler-431,11.922,0.1045,1.11,1.41,856.0,6004.0,Transit,2015
HD 190360 d,HD 190360,88.69,0.3886,3.48,11.9,459.21,5560.0,Radial Velocity,2026
Kepler-1326 b,Kepler-1326,42.3514267,0.2743,4.18,16.3,938.0,6725.0,Transit,2016
HD 132563 b,HD 132563,1544.0,2.62,13.6,473.547,213.27,6289.0,Radial Velocity,2011
HAT-P-44 c,HAT-P-44,872.2,1.752,13.0,1271.3,187.92,5295.0,Radial Velocity,2014
K2-149 b,K2-149,11.332,0.083,1.64,3.33,472.41,3745.0,Transit,2018
Kepler-1000 b,Kepler-1000,120.0181272,0.5326,4.76,20.3,473.0,6453.0,Transit,2016
HD 204313 c,HD 204313,34.95875,0.211,4.31,17.16273398,634.95,5767.0,Radial Velocity,2015
Kepler-342 b,Kepler-342,15.170318,0.128,2.25,5.69,905.0,6175.0,Transit,2014
HD 4203 c,HD 4203,6700.0,6.95,13.3,689.66,124.96,5582.0,Radial Velocity,2014
TIC 270471727 b,TIC 270471727,10.45623256647,,2.75029559,8.0,1147.1,5271.39,Transit,2026
Kepler-1185 b,Kepler-1185,104.3518976,0.4297,1.33,2.33,355.0,5622.0,Transit,2016
Kepler-596 b,Kepler-596,21.30022655,0.15161,3.46,11.8,725.0,6267.0,Transit,2016
Kepler-1686 b,Kepler-1686,9.30987,0.08827,1.42553017,2.62,913.0,5714.96,Transit,2020
Kepler-263 c,Kepler-263,47.332773,0.242,2.47,6.66,386.0,5265.0,Transit,2014
HD 4308 b,HD 4308,15.56,0.12,4.12,15.8915,799.37,5686.0,Radial Velocity,2005
TOI-1437 b,TOI-1437,18.840942,0.14,2.24,9.6,794.23,6008.0,Transit,2024
Kepler-522 b,Kepler-522,38.58422849,0.25029,6.91,38.2,761.0,6392.0,Transit,2016
KELT-15 b,KELT-15,3.32944,0.04613,19.50366,416.3573,1642.0,6003.0,Transit,2016
TOI-892 b,TOI-892,10.62656,0.092,11.99363,301.9385,1397.0,6261.0,Transit,2020
G 196-3 b,G 196-3,,350.0,12.0,8263.538582,1670.0,3517.0,Imaging,2024
Kepler-1545 b,Kepler-1545,163.692349,0.5442,2.7,7.75,274.0,5201.0,Transit,2016
Kepler-1667 b,Kepler-1667,83.5781,0.35905,2.98385261,9.19,655.0,5941.54,Transit,2020
TOI-2803 A b,TOI-2803 A,1.96229325,0.03185,18.11371281,309.88269682,1893.0,6280.0,Transit,2023
Kepler-632 b,Kepler-632,30.99660733,0.1885,2.21,5.52,500.0,5322.0,Transit,2016
K2-133 b,K2-133,3.07133,0.03194,1.34,2.36,665.21,3655.0,Transit,2017
Kepler-124 c,Kepler-124,13.821375,0.1,1.75,3.71,560.0,4984.0,Transit,2014
Kepler-1720 b,Kepler-1720,12.70639992,0.1043,3.21585295,10.4,697.0,5573.0,Transit,2021
TOI-1347 c,TOI-1347,4.841962,0.0546,1.6,6.4,1000.0,5464.0,Transit,2024
Kepler-117 b,Kepler-117,18.7959228,0.1445,8.059,29.875,984.0,6150.0,Transit,2014
Kepler-267 c,Kepler-267,6.87745,0.06,2.13,5.18,484.0,4258.0,Transit,2014
Kepler-1292 b,Kepler-1292,3.27646405,0.0443,1.82,3.97,1195.0,5556.0,Transit,2016
Kepler-1736 b,Kepler-1736,37.81029892,0.2188,3.8765856,14.3,566.0,6085.0,Transit,2021
Kepler-1538 b,Kepler-1538,175.138819,0.6095,2.82,8.35,346.0,5837.0,Transit,2016
WASP-66 b,WASP-66,4.08605,0.0546,15.6926,746.9005,1569.7,6600.0,Transit,2012
K2-156 b,K2-156,0.813143,0.0149,1.1,1.37,1347.0,4460.0,Transit,2018
Kepler-1165 c,Kepler-1165,29.96870041,0.1969,3.36093385,11.2,644.0,6249.0,Transit,2021
Kepler-1819 b,Kepler-1819,16.48690033,0.1337,3.90351256,14.5,760.0,6090.0,Transit,2021
Kepler-1821 b,Kepler-1821,16.45809937,0.1244,2.59248115,7.24,644.0,5475.0,Transit,2021
Kepler-1393 b,Kepler-1393,2.44357812,0.0337,0.8,0.437,1249.0,5697.0,Transit,2016
Kepler-1664 b,Kepler-1664,14.3868,0.1137,3.03320653,9.45,776.0,5735.81,Transit,2020
K2-332 b,K2-332,17.70632,,2.2,5.48,266.0,3315.0,Transit,2021
Kepler-102 b,Kepler-102,5.286965,0.05521,0.46,1.1,857.0,4909.0,Transit,2014
HATS-31 b,HATS-31,3.37796,0.0478,18.38276,279.6904,1823.0,6050.0,Transit,2016
K2-282 b,K2-282,4.169783,0.0499,2.5,6.8,1057.0,5499.0,Transit,2018
Kepler-255 d,Kepler-255,1.045622658,0.0192,1.32,2.3,1710.0,5431.0,Transit,2016
HD 196885 A b,HD 196885 A,1333.0,2.37,13.2,819.97,224.21,6254.0,Radial Velocity,2007
HATS-46 b,HATS-46,4.7423729,0.05367,10.121727,54.98459,1054.0,5495.0,Transit,2018
HD 4917 b,HD 4917,400.5,1.167,13.5,513.29545,479.78,4802.0,Radial Velocity,2018
Kepler-85 e,Kepler-85,25.216751,0.163,1.27,0.6,559.0,5436.0,Transit,2014
HATS-8 b,HATS-8,3.583893,0.04667,9.785457,43.86054,1324.0,5679.0,Transit,2015
Kepler-761 b,Kepler-761,10.12804789,0.0874,2.03,4.78,767.0,5706.0,Transit,2016
TOI-1117 b,TOI-1117,2.22816,0.033,2.46,8.9,1538.0,5635.0,Transit,2025
HD 1502 b,HD 1502,428.5,1.262,13.2,874.0325,458.89,4947.0,Radial Velocity,2011
Kepler-826 b,Kepler-826,4.48758907,0.05202,1.25,2.1,1305.0,6079.0,Transit,2016
HD 145377 b,HD 145377,103.95,0.45,12.8,1913.3366,442.98,6014.0,Radial Velocity,2008
TOI-201 d,TOI-201,5.84889,0.0698,1.39,5.8,1237.0,6423.0,Transit,2026
Kepler-1669 d,Kepler-1669,4.72941177,0.0468,1.22,1.98,669.0,4224.0,Transit,2023
Kepler-1958 b,Kepler-1958,9.328619957,0.0856,2.05124311,4.86,806.0,5749.0,Transit,2021
Kepler-1395 b,Kepler-1395,3.78470649,0.04974,0.8,0.437,1311.0,6138.0,Transit,2016
TOI-2169 A b,TOI-2169 A,8.2148282,0.0896,12.50922246,329.58805806,1364.0,6270.0,Transit,2025
Kepler-733 b,Kepler-733,20.83424726,0.1483,2.82,8.35,595.0,5418.0,Transit,2016
HIP 29442 c,TOI-469,3.5379559,0.04518,1.551,4.5,1123.0,5289.0,Radial Velocity,2023
HD 114783 c,HD 114783,4352.0,5.0,13.4,603.8739733,101.53,5135.0,Radial Velocity,2016
Kepler-1603 b,Kepler-1603,2.27163926,0.0351,1.29,2.21,1522.0,6241.0,Transit,2016
Kepler-113 b,Kepler-113,4.754,0.05123,1.82,11.7,775.0,4725.0,Transit,2014
Kepler-996 b,Kepler-996,3.770590584,0.0474,1.98,4.58,1272.0,6014.0,Transit,2016
Kepler-122 b,Kepler-122,5.766193,0.064,2.34,6.08,1159.0,6050.0,Transit,2014
TOI-7510 d,TOI-7510,48.864468,0.2672,10.52,190.0,542.4,5720.0,Transit,2025
HD 114386 b,HD 114386,937.70001,1.73,13.6,464.02947422,154.56,4836.0,Radial Velocity,2003
Kepler-305 e,Kepler-305,3.20538,0.04017,1.7938153,3.87,1000.0,4974.0,Transit,2020
TOI-257 b,TOI-257,18.38818,0.1528,7.16253867,43.86032017,1027.0,6095.0,Transit,2021
Kepler-24 b,Kepler-24,8.14,0.08045,2.348,11.14,1050.0,6028.0,Transit,2011
K2-345 b,K2-345,10.367437,,2.11,5.1,437.0,3779.0,Transit,2021
Kepler-221 b,Kepler-221,2.795906,0.037,1.71,5.95575,1090.0,5243.0,Transit,2014
Kepler-295 b,Kepler-295,12.645164,0.099,1.22,1.98,741.0,5603.0,Transit,2014
Kepler-233 b,Kepler-233,8.472382,0.077,2.43,6.48,751.0,5360.0,Transit,2014
K2-119 b,K2-119,7.727283,0.0698,2.53,6.94,666.0,4740.0,Transit,2017
HD 117618 b,HD 117618,25.8,0.18,8.59,55.30242,745.79,5990.0,Radial Velocity,2004
Kepler-131 c,Kepler-131,25.5169,0.17391,0.84,8.25,615.0,5685.0,Transit,2014
K2-341 b,K2-341,36.552551,,3.21,10.4,598.0,5817.0,Transit,2021
HD 214823 b,HD 214823,1854.84424,3.08,12.1,5914.78665427,243.9,6215.0,Radial Velocity,2016
Kepler-95 b,Kepler-95,11.5231,0.10232,3.42,13.0,927.0,5699.0,Transit,2014
Kepler-221 e,Kepler-221,18.369917,0.13,2.63,7.86706,582.0,5243.0,Transit,2014
Kepler-1227 b,Kepler-1227,94.2887577,0.38555,2.29,5.86,369.0,5747.0,Transit,2016
Kepler-1557 b,Kepler-1557,3.74032496,0.049,1.53,2.96,1287.0,6099.0,Transit,2016
Kepler-52 d,Kepler-52,36.445171,0.182,1.95,88.8775,332.0,4263.0,Transit,2014
Kepler-1304 b,Kepler-1304,16.1288853,0.1202,2.29,5.86,715.0,5259.0,Transit,2016
Kepler-367 c,Kepler-367,53.578637,0.253,1.2,1.87,357.0,4710.0,Transit,2014
Kepler-583 b,Kepler-583,6.5100253,0.0689,2.28,5.82,1017.0,5523.0,Transit,2016
HD 30856 b,HD 30856,847.0,1.85,13.5,491.68301,364.02,4895.0,Radial Velocity,2011
Kepler-237 b,Kepler-237,4.715106,0.05,1.41,2.57,823.0,4861.0,Transit,2014
Kepler-1279 b,Kepler-1279,23.4774101,0.1785,1.75,3.71,738.0,6221.0,Transit,2016
NGTS-5 b,NGTS-5,3.3569866,0.0382,12.733424,72.78307,952.0,4987.0,Transit,2019
TOI-201 b,TOI-201,52.9786,0.303,11.4,164.0,759.0,6423.0,Transit,2021
Kepler-185 c,Kepler-185,20.729042,0.139,2.02,4.74,530.0,5208.0,Transit,2014
Kepler-1375 b,Kepler-1375,3.3004192,0.0471,1.74,3.68,1543.0,6704.0,Transit,2016
TOI-4156 c,TOI-4156,12.82282706375,,2.92303762,8.87,809.32,5971.64,Transit,2026
HD 38529 b,HD 38529,14.3099,0.115,14.1,206.58846455,1369.46,5697.0,Radial Velocity,2000
Kepler-1076 b,Kepler-1076,6.14727918,0.0611,0.8,0.437,770.0,4868.0,Transit,2016
Kepler-1410 b,Kepler-1410,60.866168,0.2543,1.78,3.82,290.0,4092.0,Transit,2016
Kepler-1795 b,Kepler-1795,13.36019993,0.1002,1.66301611,3.4,520.0,4500.0,Transit,2021
Kepler-1692 b,Kepler-1692,5.95966,0.0646,1.11177184,1.42,897.0,5146.0,Transit,2020
Kepler-148 b,Kepler-148,1.729366,0.028,1.8,3.89,1284.0,5272.0,Transit,2014
Kepler-1616 b,Kepler-1616,6.76284377,0.07318,1.02,1.04,1337.0,6266.0,Transit,2016
HD 97048 b,HD 97048,,130.0,13.3,794.575,63.44,10000.0,Disk Kinematics,2019
HD 2039 b,HD 2039,1120.0,2.2,12.7,1999.1507,210.84,5945.0,Radial Velocity,2002
HD 105618 c,HD 105618,77114.07158,35.731,11.9,8419.59232984,51.64,5671.0,Radial Velocity,2022
Gaia-2 b,Gaia-2,3.6915224,0.0467,14.81827249,259.66580852,1213.23,5720.0,Transit,2022
WASP-167 b,WASP-167,2.0219596,0.0365,17.71022,2542.64,2329.0,7000.0,Transit,2017
GJ 480 b,GJ 480,9.5536,0.068,2.91,8.8,406.0,3509.0,Radial Velocity,2020
Kepler-1192 b,Kepler-1192,25.2034787,0.1693,2.36,6.17,600.0,5438.0,Transit,2016
Kepler-921 b,Kepler-921,51.300634,0.2716,2.87,8.6,492.0,5663.0,Transit,2016
Kepler-1797 b,Kepler-1797,23.3593998,0.1637,3.05774442,9.58,684.0,6244.0,Transit,2021
NGTS-32 b,NGTS-32,3.31211,0.044,15.91675259,181.16219199,1750.0,5680.0,Transit,2025
Kepler-431 b,Kepler-431,6.803,0.0719,0.764,0.37,1032.0,6004.0,Transit,2015
GJ 3222 b,GJ 3222,10.66669,0.091,3.4,11.44182265,811.06,5257.46,Radial Velocity,2022
WASP-56 b,WASP-56,4.6171,0.05614,10.53646,143.0235,1216.0,5600.0,Transit,2012
Kepler-154 b,Kepler-154,33.040532,0.198,2.26,5.73,561.0,5690.0,Transit,2014
Kepler-82 f,Kepler-82,75.732,0.3395,4.84,20.9,423.57,5401.0,Transit Timing Variations,2019
TOI-269 b,TOI-269,3.6977104,0.0345,2.77,8.8,531.0,3514.0,Transit,2021
TOI-1718 b,TOI-1718,5.58703768615,,4.10824994,15.8,948.0,5304.91,Transit,2026
WASP-79 b,WASP-79,3.662392,0.0519,17.14974047,270.15414595,1716.2,6600.0,Transit,2012
Kepler-354 c,Kepler-354,16.934402,0.115,1.31,2.27,508.0,4648.0,Transit,2014
TOI-697 b,TOI-697,8.60788713593,,2.35859364,6.16,839.8,5681.95,Transit,2026
TOI-2537 b,TOI-2537,94.1022,0.3715,11.25381662,415.40172795,338.0,4870.0,Transit,2024
HD 148164 b,HD 148164,328.55,0.993,13.7,390.9309,337.89,6032.0,Radial Velocity,2018
HD 107148 c,HD 107148,18.3267,0.1407,4.7,19.89605828,799.68,5752.92,Radial Velocity,2021
Kepler-84 b,Kepler-84,8.726,0.0827,2.23,40.0,985.0,6039.0,Transit,2012
Kepler-1245 b,Kepler-1245,4.35409304,0.0484,1.44,2.67,1043.0,5306.0,Transit,2016
Kepler-528 b,Kepler-528,19.78297415,0.14219,2.08,4.98,708.0,5807.0,Transit,2016
Kepler-1090 b,Kepler-1090,198.680179,0.63323,2.25,5.69,297.0,5321.0,Transit,2016
K2-285 b,K2-285,3.471745,0.03817,2.59,9.68,1088.9,4975.0,Transit,2018
HD 96700 d,HD 96700,103.5,0.424,3.61,12.7,466.19,5845.0,Radial Velocity,2021
Kepler-769 c,Kepler-769,15.9870174,0.1297,1.79,3.86,803.0,6186.0,Transit,2016
Kepler-244 c,Kepler-244,9.767292,0.087,2.05,4.86,791.0,5554.0,Transit,2014
HD 12235 b,HD 12235,4.36305,0.054,3.23,10.48833743,1667.37,5986.0,Radial Velocity,2022
Kepler-1470 b,Kepler-1470,16.2950903,0.116,1.07,1.24,574.0,4961.0,Transit,2016
Kepler-1544 b,Kepler-1544,168.811174,0.54465,1.78,3.82,269.0,4886.0,Transit,2016
Kepler-831 b,Kepler-831,5.62153941,0.05984,1.27,2.15,992.0,5732.0,Transit,2016
Kepler-144 b,Kepler-144,5.885273,0.066,1.33,2.33,1253.0,6075.0,Transit,2014
Kepler-1910 b,Kepler-1910,5.688769817,0.0536,1.184,1.78,645.0,4234.0,Transit,2021
COCONUTS-2 b,COCONUTS-2 A,402000000.0,7506.0,12.57647635,2383.7130525,493.0,3552.0,Imaging,2021
Kepler-294 c,Kepler-294,6.6264,0.071,2.71,7.8,895.0,5913.0,Transit,2014
Kepler-623 b,Kepler-623,9.07097734,0.0854,3.01,9.32,825.0,5443.0,Transit,2016
K2-104 b,K2-104,1.9741954,0.0242,1.79,3.86,798.0,3712.0,Transit,2016
HD 31527 c,HD 31527,51.2053,0.2663,3.85,14.16,571.07,5898.0,Radial Velocity,2019
Kepler-1371 c,Kepler-1371,2.00541269,0.02937,0.64,0.196,1216.0,5361.0,Transit,2016
K2-14 b,K2-14,8.36802,0.0627,4.81,20.7,488.0,3789.0,Transit,2015
Pr0211 b,Pr0211,2.1461,0.03176,13.4,597.5204,1304.13,5300.0,Radial Velocity,2012
75 Cet b,75 Cet,696.62,1.912,13.3,787.89662095,540.31,4809.0,Radial Velocity,2012
Kepler-963 b,Kepler-963,9.97683705,0.0849,2.66,7.56,802.0,5461.0,Transit,2016
K2-168 b,K2-168,15.8523,,1.86,4.12,766.35,5502.7,Transit,2018
ROXs 12 b,ROXs 12,,210.0,12.2,5085.0,13.23,3850.0,Imaging,2013
TOI-5736 b,TOI-5736,0.64899,,1.56,3.05,1311.0,3949.0,Transit,2025
Kepler-1041 b,Kepler-1041,24.7576421,0.1688,2.94,8.96,644.0,5957.0,Transit,2016
Kepler-1816 b,Kepler-1816,91.50099945,0.35647,1.9679397,4.53,310.0,5051.0,Transit,2021
Kepler-1338 b,Kepler-1338,0.935118057,0.01937,0.92,0.721,2124.0,5909.0,Transit,2016
Kepler-59 c,Kepler-59,17.9801235,0.13114,1.98,3.81,752.0,6074.0,Transit,2012
BD+42 2315 b,BD+42 2315,123.05,0.54,14.2,174.80562385,1247.58,4500.0,Radial Velocity,2023
Kepler-1247 b,Kepler-1247,13.71220213,0.1091,2.33,6.04,676.0,5303.0,Transit,2016
Kepler-1833 b,Kepler-1833,6.892129898,0.07545,1.30027362,2.24,1177.0,6164.0,Transit,2021
Kepler-1035 b,Kepler-1035,2.714077555,0.03883,1.17,1.71,1301.0,5763.0,Transit,2016
TOI-1803 b,TOI-1803,6.293287,0.06,2.99,10.32,747.0,4687.0,Transit,2025
Kepler-1368 b,Kepler-1368,0.675649486,0.0153,1.65,3.36,2085.0,5906.0,Transit,2016
TOI-1135 b,TOI-1135,8.0277327,0.0815,9.91994792,58.79825529,1171.0,6320.0,Transit,2024
MASCARA-4 b,MASCARA-4,2.8240932,0.0474,16.98160576,532.36258173,2250.0,7800.0,Transit,2020
Kepler-152 b,Kepler-152,18.207973,0.124,2.79,8.2,551.0,5088.0,Transit,2014
Kepler-1700 b,Kepler-1700,234.239,0.76094,2.90129941,8.76,329.0,6031.0,Transit,2020
TOI-261.02,TOI-261,13.03935862135,,3.34822227,11.2,1007.53,5890.3,Transit,2021
Kepler-140 c,Kepler-140,91.353282,0.414,1.8,3.89,428.0,6077.0,Transit,2014
HD 5278 b,HD 5278,14.339156,0.1202,2.45,7.8,943.0,6203.0,Transit,2021
Kepler-1062 b,Kepler-1062,9.30412078,0.0748,1.76,3.75,583.0,4597.0,Transit,2016
Kepler-495 b,Kepler-495,3.413036221,0.0427,5.23,23.8,1200.0,5346.0,Transit,2016
HD 106515 A b,HD 106515 A,3626.0,4.48,12.1,6006.9568923,116.53,5362.0,Radial Velocity,2012
TOI-4201 b,TOI-4201,3.5819194,0.04,13.67495645,788.21444936,725.0,3794.0,Transit,2023
Kepler-476 b,Kepler-476,14.00640607,0.1126,3.08,9.69,807.0,5837.0,Transit,2016
Kepler-336 c,Kepler-336,9.600001,0.092,2.1,5.06,967.0,5867.0,Transit,2014
Kepler-1111 b,Kepler-1111,8.79617863,0.0872,2.0,4.66,938.0,6077.0,Transit,2016
Kepler-463 b,Kepler-463,8.981016833,0.07925,3.05,9.53,880.0,5661.0,Transit,2016
Kepler-1689 b,Kepler-1689,8.483,0.0784,0.94678642,0.799,879.0,5731.43,Transit,2020
Kepler-285 c,Kepler-285,6.186676,0.064,1.12,1.46,851.0,5411.0,Transit,2014
TOI-5716 b,TOI-5716,6.7663,,0.96,0.84,400.0,3436.0,Transit,2025
Kepler-396 b,Kepler-396,42.994,0.24067,3.5,75.5,496.0,5656.0,Transit,2013
HD 159868 c,HD 159868,351.0,1.032,14.0,244.09344,383.37,5534.0,Radial Velocity,2012
XO-5 b,XO-5,4.1877558,0.0515,12.78,378.2,1230.0,5430.0,Transit,2008
Kepler-1443 b,Kepler-1443,2.41811321,0.03783,0.97,0.871,1602.0,6289.0,Transit,2016
KOI-1257 b,KOI-1257,86.647661,0.382,10.54,460.83,511.0,5520.0,Transit,2014
Kepler-155 b,Kepler-155,5.931194,0.056,2.09,5.02,614.0,4508.0,Transit,2014
K2-74 b,K2-74,19.5666,0.1402,2.31,5.95,772.58,6060.0,Transit,2016
TOI-2580 b,TOI-2580,3.39775,0.048,17.37392009,200.23189641,2410.0,6120.0,Transit,2024
HD 34445 f,HD 34445,676.8,1.543,6.88,37.9,266.14,5836.0,Radial Velocity,2017
Kepler-265 d,Kepler-265,43.130617,0.236,2.49,6.76,554.0,5835.0,Transit,2014
K2-323 b,K2-323,24.93,0.1275,2.1,5.06,318.0,3710.0,Transit,2020
Kepler-1669 c,Kepler-1669,1.609320045,0.0228,1.90120972,4.27,958.0,4224.0,Transit,2021
Kepler-943 b,Kepler-943,49.7701438,0.2559,5.93,29.5,455.0,5612.0,Transit,2016
Kepler-578 b,Kepler-578,1.616883696,0.0266,2.0,4.66,1774.0,5334.0,Transit,2016
TOI-237 b,TOI-237,5.436098,0.0341,1.44,2.67,388.0,3212.0,Transit,2020
Kepler-169 f,Kepler-169,87.090195,0.359,2.58,7.18,321.0,4997.0,Transit,2014
Kepler-1321 c,Kepler-1321,2.226491086,0.0267,2.4,6.35,697.0,4094.0,Transit,2016
K2-138 b,K2-138,2.35309,0.03385,1.51,3.1,1157.0,5356.3,Transit,2017
HD 68402 b,HD 68402,1103.0,2.18,12.6,2510.8444153,196.26,5950.0,Radial Velocity,2016
Kepler-1893 b,Kepler-1893,4.179369926,0.0504,1.70557445,3.55,1194.0,5633.0,Transit,2021
Kepler-912 b,Kepler-912,2.534756273,0.0339,2.8,8.25,1218.0,5998.0,Transit,2016
HIP 78530 b,HIP 78530,,740.0,12.0,7300.0,2700.0,10500.0,Imaging,2010
Kepler-273 b,Kepler-273,2.936532,0.037,1.5,2.86,1209.0,5626.0,Transit,2014
Kepler-1647 b,Kepler-1647,1107.5923,2.7205,11.8739,483.0,242.92,6210.0,Transit,2016
Kepler-929 b,Kepler-929,0.921032135,0.01982,1.11,1.41,2362.0,5869.0,Transit,2016
Kepler-341 c,Kepler-341,8.01041,0.08,1.7,3.53,940.0,6012.0,Transit,2014
WASP-172 b,WASP-172,5.477433,0.0694,17.59813,149.3801,1740.0,6900.0,Transit,2018
Kepler-1382 b,Kepler-1382,16.3583055,0.14023,1.88,4.19,959.0,6161.0,Transit,2016
Kepler-26 c,Kepler-26,17.2559,0.10725,2.72,6.2,385.0,3914.0,Transit,2011
Kepler-393 b,Kepler-393,9.182417,0.091,1.29,2.21,1052.0,6189.0,Transit,2014
Kepler-1743 b,Kepler-1743,7.649710178,0.084,1.59887007,3.18,1144.0,5855.0,Transit,2021
Kepler-959 b,Kepler-959,14.80074836,0.1633,4.38,17.6,1912.0,7005.0,Transit,2016
Kepler-802 b,Kepler-802,40.0587473,0.2265,3.54,12.3,489.0,5507.0,Transit,2016
Kepler-209 c,Kepler-209,41.749882,0.231,3.1,9.8,486.0,5513.0,Transit,2014
Kepler-421 b,Kepler-421,704.1984,1.219,4.16,16.1,185.0,5308.0,Transit,2014
Kepler-142 c,Kepler-142,4.761702,0.057,2.86,8.55,1201.0,5790.0,Transit,2014
Kepler-1421 b,Kepler-1421,6.9131112,0.07576,0.93,0.749,1209.0,6335.0,Transit,2016
Kepler-1649 c,Kepler-1649,19.53527,0.0649,1.06,1.2,234.0,3240.0,Transit,2020
TYC 3667-1280-1 b,TYC 3667-1280-1,26.468,0.21,12.8,1716.282,1350.0,5130.0,Radial Velocity,2016
Kepler-906 b,Kepler-906,41.6979976,0.22363,2.11,5.1,537.0,6035.0,Transit,2016
HIP 67851 b,HIP 67851,89.23,0.42,13.7,365.50266805,840.72,4840.0,Radial Velocity,2015
HATS-77 b,HATS-77,3.0876262,0.03607,13.05846252,436.69623122,828.3,4071.0,Transit,2021
Kepler-1046 b,Kepler-1046,14.37508035,0.11858,1.71,3.57,786.0,5913.0,Transit,2016
Kepler-106 e,Kepler-106,43.8445,0.24006,2.56,11.17,531.0,5858.0,Transit,2014
Kepler-838 b,Kepler-838,15.74957994,0.1266,2.73,7.9,777.0,5770.0,Transit,2016
Kepler-389 b,Kepler-389,3.244107,0.041,1.51,2.89,1047.0,5376.0,Transit,2014
Kepler-53 d,Kepler-53,9.751962,0.091,2.12,37.1907,870.0,6085.0,Transit,2014
Kepler-254 d,Kepler-254,18.746477,0.139,2.5,6.8,686.0,5957.0,Transit,2014
Kepler-1531 b,Kepler-1531,1.138543376,0.02204,1.11,1.41,2537.0,6260.0,Transit,2016
TOI-5532 b,TOI-5532,5.6539659431,,2.52763693,6.93,617.33,4208.45,Transit,2026
HR 8799 b,HR 8799,170000.0,68.0,13.0,2000.0,1200.0,7204.58,Imaging,2008
HD 216536 b,HD 216536,148.60001,0.61,13.8,333.7215,897.99,4639.0,Radial Velocity,2015
Kepler-1711 b,Kepler-1711,21.06080055,0.1463,1.923,4.36,669.0,5706.0,Transit,2021
Kepler-625 c,Kepler-625,4.1653651,0.05379,1.05,1.16,1048.0,5789.0,Transit,2016
Kepler-54 b,Kepler-54,8.0109434,0.0619,2.1,0.98,453.0,3705.0,Transit,2012
Kepler-1583 b,Kepler-1583,9.32807355,0.08307,0.6,0.156,788.0,5645.0,Transit,2016
Kepler-1319 b,Kepler-1319,2.886762645,0.0296,1.34,2.36,557.0,3655.0,Transit,2016
HD 11977 b,HD 11977,711.0,1.93,12.7,2080.0,547.97,4970.0,Radial Velocity,2005
Kepler-1851 b,Kepler-1851,12.02289963,0.1016,3.90012032,14.5,776.0,5982.0,Transit,2021
CoRoT-35 b,CoRoT-35,3.22748,0.0429,18.83108758,349.6112477,1747.0,6390.0,Transit,2022
Kepler-1124 b,Kepler-1124,2.852348975,0.0305,1.28,2.18,621.0,3658.0,Transit,2016
TIC 77552382 b,TIC 77552382,3.51025904942,,5.69176189,27.5,1433.88,4981.07,Transit,2026
Kepler-202 c,Kepler-202,16.282493,0.113,1.85,4.08,505.0,4668.0,Transit,2014
Kepler-276 c,Kepler-276,31.884,0.18619,2.9,16.6,563.0,5693.0,Transit,2013
Kepler-1793 b,Kepler-1793,8.779999733,0.0787,3.79037518,13.8,713.0,5191.0,Transit,2021
Kepler-218 d,Kepler-218,124.5244647,0.49884,2.66,7.56,356.0,5542.0,Transit,2016
Kepler-153 c,Kepler-153,46.90232,0.237,2.53,6.94,458.0,5404.0,Transit,2014
gam1 Leo b,gam1 Leo,428.5,1.19,12.5,2790.43,1080.7,4330.0,Radial Velocity,2009
K2-42 b,K2-42,6.68796,0.0617,2.15,5.27,718.09,4613.0,Transit,2016
Kepler-1894 b,Kepler-1894,2.762660027,0.0385,1.20117759,1.87,1231.0,5772.0,Transit,2021
K2-349 b,K2-349,9.032178,,1.38,2.48,518.0,4385.0,Transit,2021
Kepler-193 c,Kepler-193,50.697494,0.286,2.75,8.0,595.0,6335.0,Transit,2014
HD 217786 c,HD 217786,2.52221,0.038,2.61,7.31005336,1663.13,5966.0,Radial Velocity,2022
HD 29985 b,HD 29985,20608.14049,13.39,12.8,1739.47487151,46.73,4678.0,Radial Velocity,2022
bet UMi b,bet UMi,522.3,1.4,12.7,1938.7,1040.63,4126.0,Radial Velocity,2014
GJ 273 c,GJ 273,4.7234,0.036467,1.06,1.18,462.26,3382.0,Radial Velocity,2017
Kepler-62 f,Kepler-62,267.291,0.718,1.41,35.0,208.0,4925.0,Transit,2013
TOI-4342 b,TOI-4342,5.5382592,0.0519,2.329,7.3,639.0,3866.0,Transit,2023
Kepler-1156 b,Kepler-1156,11.89520511,0.09704,1.32,2.3,787.0,5778.0,Transit,2016
Kepler-989 b,Kepler-989,7.964315352,0.0734,2.21,5.52,805.0,5074.0,Transit,2016
Kepler-132 d,Kepler-132,18.010199,0.136,1.55,3.02,758.0,6003.0,Transit,2014
Kepler-1773 b,Kepler-1773,40.80970001,0.24831,3.50469499,12.1,623.0,6183.0,Transit,2021
HD 22946 d,HD 22946,47.42489,0.2958,2.607,26.57,546.0,6169.0,Transit,2023
Kepler-400 b,Kepler-400,9.024389,0.087,1.65,3.36,939.0,5886.0,Transit,2014
HD 87646 b,HD 87646,13.481,0.117,12.4,3941.092,1012.7,5770.0,Radial Velocity,2016
HD 113337 c,HD 113337,5429.93477,6.805,12.1,6299.67685515,153.36,6774.0,Radial Velocity,2020
Kepler-674 b,Kepler-674,2.243381847,0.028,1.69,3.5,822.0,4192.0,Transit,2016
HD 30177 b,HD 30177,2539.0,3.49,12.6,2622.08435775,148.0,5680.0,Radial Velocity,2002
KOBE-1 c,KOBE-1,29.671,0.16071,3.56,12.4,392.5,4135.0,Radial Velocity,2025
HD 134606 d,HD 134606,966.5,1.941,7.59,44.8,207.68,5576.0,Radial Velocity,2024
HD 45364 c,HD 45364,345.43,0.902,14.2,174.48779544,261.82,5466.0,Radial Velocity,2008
Kepler-137 b,Kepler-137,8.436387,0.077,1.47,2.76,742.0,5187.0,Transit,2014
GJ 900 b,GJ 900 A,,12000.0,12.4,3496.112477,1.48,3976.0,Imaging,2024
HD 218566 b,HD 218566,225.7,0.69,9.32,63.566,253.15,4730.0,Radial Velocity,2010
Kepler-884 b,Kepler-884,5.69919514,0.06116,1.23,2.04,964.0,5715.0,Transit,2016
K2-140 b,K2-140,6.569188,0.068,13.56286665,295.58041851,962.0,5585.0,Transit,2017
TOI-1759 b,TOI-1759,18.85019,0.1177,3.14,10.8,443.0,4065.0,Transit,2022
Kepler-1433 b,Kepler-1433,4.13592271,0.0516,1.56,3.05,1226.0,6097.0,Transit,2016
Kepler-894 b,Kepler-894,9.803224,0.0916,2.78,8.15,896.0,5603.0,Transit,2016
Kepler-817 b,Kepler-817,3.990106229,0.0493,9.03,60.2,1124.0,5861.0,Transit,2016
HD 27894 c,HD 27894,36.07,0.198,8.24,51.48846,498.89,4875.0,Radial Velocity,2017
WASP-149 b,WASP-149,1.332813,0.024,15.24421375,314.96795134,1855.0,5750.0,Transit,2025
Kepler-1794 b,Kepler-1794,9.762980461,0.0821,1.79426276,3.87,703.0,5052.0,Transit,2021
HD 224018 c,HD 224018,36.57669,0.217,2.42,10.4,641.0,5784.0,Transit,2025
Kepler-904 b,Kepler-904,3.021668632,0.0417,1.77,3.78,1332.0,6160.0,Transit,2016
Kepler-383 c,Kepler-383,31.200751,0.172,1.24,2.07,406.0,4710.0,Transit,2014
Kepler-1894 c,Kepler-1894,5.05368985,0.0576,1.21,1.92,1007.0,5772.0,Transit,2023
Kepler-58 b,Kepler-58,10.2184954,0.09291,2.78,35.5,920.0,5843.0,Transit,2012
WASP-5 b,WASP-5,1.6284279,0.0267,12.184,502.15,1706.0,5700.0,Transit,2008
TOI-1064 b,TOI-1064,6.443868,0.06152,2.587,13.5,784.0,4734.0,Transit,2022
Kepler-1298 b,Kepler-1298,7.12811928,0.0814,1.31,2.27,1373.0,6339.0,Transit,2016
Kepler-250 d,Kepler-250,17.648312,0.127,2.18,5.39,579.0,5160.0,Transit,2014
HD 6860 b,HD 6860,663.87,2.03,11.9,8981.83078182,1196.06,3802.0,Radial Velocity,2023
KELT-1 b,KELT-1,1.217514,0.02466,12.442,8654.15,2361.0,6516.0,Transit,2012
Kepler-638 b,Kepler-638,6.07972888,0.06695,1.83,4.01,1111.0,5382.0,Transit,2016
Kepler-1590 b,Kepler-1590,7.61760804,0.07116,1.14,1.55,1020.0,6053.0,Transit,2016
Kepler-1628 b,Kepler-1628,76.378033,0.2952,6.43,33.8,240.0,3724.0,Transit,2016
TOI-1744.01,TOI-1744,22.341702927,0.164086,2.68,7.65,598.0,6179.0,Transit,2024
TOI-3807 b,TOI-3807,2.8989727,0.0421,18.49481816,330.54154328,1646.0,5772.0,Transit,2023
TOI-1410 c,TOI-1410,47.56,0.239,5.63,27.0,397.45,4635.0,Radial Velocity,2024
Kepler-397 c,Kepler-397,135.498527,0.48,6.18,31.6,295.0,5307.0,Transit,2014
TOI-858 B b,TOI-858 B,3.2797178,0.04435,14.06727078,349.6112477,1529.0,5842.0,Transit,2023
HR 858 c,HR 858,5.973865,0.0687,1.979,3.8,1309.0,6354.0,Transit,2019
Kepler-397 b,Kepler-397,22.250949,0.144,2.46,6.62,539.0,5307.0,Transit,2014
Kepler-1240 b,Kepler-1240,4.8663815,0.05791,1.15,1.6,1121.0,5682.0,Transit,2016
TOI-5005 b,TOI-5005,6.3085044,0.06614,6.25,32.7,1040.0,5749.0,Transit,2024
HD 34445 c,HD 34445,214.67,0.7181,8.42,53.5,390.12,5836.0,Radial Velocity,2017
TOI-4588 b,TOI-4588,13.11881173651,0.1376,2.92922558,8.9,1768.0,7746.12,Transit,2026
Kepler-47 d,Kepler-47,187.366,0.6992,7.04,19.02,314.44,5636.0,Transit,2019
Kepler-1520 b,Kepler-1520,0.653553572,0.0129,5.77,28.1,1437.0,4677.0,Transit,2016
HD 151450 c,HD 151450,18144.76236,14.131,12.8,1636.18063924,84.59,6091.98,Radial Velocity,2022
Kepler-811 b,Kepler-811,23.58447697,0.15911,2.7,7.75,730.0,5747.0,Transit,2016
Kepler-31 c,Kepler-31,42.6318,0.26,5.3,1493.7,615.0,6340.0,Transit,2011
Kepler-63 b,Kepler-63,9.4341505,0.08,6.11,120.0,791.0,5576.0,Transit,2013
TOI-4994 b,TOI-4994,21.491984,0.1515,8.54124329,88.99195396,717.6,5640.0,Transit,2024
Kepler-411 e,Kepler-411,31.509728,0.186,3.28,10.8,503.0,4974.0,Transit Timing Variations,2018
Kepler-777 b,Kepler-777,5.72812599,0.0519,1.47,2.76,569.0,4043.0,Transit,2016
HD 94890 c,HD 94890,2492.19,4.33,12.5,2831.85110637,369.1,4867.0,Radial Velocity,2025
Kepler-83 d,Kepler-83,5.169796,0.051,1.94,4.1,569.0,4648.0,Transit,2014
Kepler-1770 b,Kepler-1770,16.84189987,0.1261,2.84141754,8.45,699.0,5602.0,Transit,2021
WASP-57 b,WASP-57,2.83891856,0.03769,11.76945,204.68252,1338.0,5600.0,Transit,2012
TYC 1422-614-1 b,TYC 1422-614-1,198.4,0.69,13.3,794.5,730.19,4806.0,Radial Velocity,2014
Kepler-1116 b,Kepler-1116,41.6977827,0.233,2.54,6.99,488.0,5641.0,Transit,2016
HD 238914 b,HD 238914,4100.0,5.7,12.8,1906.98,343.67,4769.0,Radial Velocity,2018
WASP-171 b,WASP-171,3.8186244,0.0504,10.98482,344.52772,1642.0,5965.0,Transit,2019
Kepler-1643 b,Kepler-1643,5.342657,0.0531,2.32,5.99,799.0,4916.0,Transit,2016
Kepler-265 b,Kepler-265,6.846262,0.069,1.86,4.12,1022.0,5835.0,Transit,2014
HAT-P-9 b,HAT-P-9,3.92281072,0.05287,15.614137,238.05467,1540.0,6350.0,Transit,2008
Kepler-449 b,Kepler-449,12.58242,0.1027,2.056,4.88,917.0,5649.18,Transit,2015
TOI-2346 b,TOI-2346,3.3312029,0.0473,16.11851425,394.10722468,1689.0,6480.0,Transit,2025
TOI-2669 b,TOI-2669,6.2034,,19.72780603,193.87532827,1226.0,4800.0,Transit,2022
Kepler-408 b,Kepler-408,2.46502,0.03592,0.82,5.0,1561.0,6104.0,Transit,2014
Kepler-1542 b,Kepler-1542,3.95116882,0.04765,0.76,0.363,1160.0,5564.0,Transit,2016
Kepler-288 b,Kepler-288,6.097326,0.065,1.67,3.43,1197.0,5918.0,Transit,2014
HATS-74 A b,HATS-74 A,1.73185606,0.02384,11.56766808,464.02947422,895.1,3776.9,Transit,2021
Kepler-1866 b,Kepler-1866,11.66009998,0.1016,2.08215108,4.99,834.0,5791.0,Transit,2021
K2-165 d,K2-165,14.101361,,2.64809498,7.5,629.38,5185.0,Transit,2018
Kepler-796 b,Kepler-796,6.40087618,0.07317,1.3,2.24,1109.0,5475.0,Transit,2016
Kepler-336 d,Kepler-336,20.678772,0.154,2.37,6.21,749.0,5867.0,Transit,2014
TOI-4479 b,TOI-4479,1.1589,0.0164,2.82,8.35,861.0,3400.0,Transit,2022
Kepler-1928 b,Kepler-1928,19.57783,0.194,1.992,4.63,621.0,5720.0,Transit,2021
HATS-26 b,HATS-26,3.3023881,0.04735,19.61575,206.5895,1918.0,6071.0,Transit,2016
HATS-55 b,HATS-55,4.2042001,0.05412,14.022459,292.72143,1367.0,6214.0,Transit,2019
Kepler-1131 b,Kepler-1131,3.53232449,0.0459,1.59,3.15,1159.0,5851.0,Transit,2016
TOI-669 b,TOI-669,3.945152,0.048,2.58606487,10.0,1124.85,5597.0,Transit,2023
WASP-184 b,WASP-184,5.1817,0.0627,14.90797,181.1631,1480.0,6000.0,Transit,2019
K2-138 d,K2-138,5.40479,0.05893,2.39,7.92,888.0,5356.3,Transit,2017
HIP 48714 b,HIP 48714,17.818,0.112,5.11,22.9,446.47,4015.5,Radial Velocity,2020
HAT-P-62 b,HAT-P-62,2.6453235,0.03772,12.02723629,241.86741773,1512.0,5629.0,Transit,2021
Kepler-105 c,Kepler-105,7.12592,0.07229,1.44,5.6,997.0,5933.0,Transit,2014
HD 34445 d,HD 34445,117.87,0.4817,6.07,30.7,476.32,5836.0,Radial Velocity,2017
Kepler-1322 c,Kepler-1322,6.459980011,0.0652,2.15492527,5.29,883.0,5704.0,Transit,2021
HIP 65407 b,HIP 65407,28.125,0.177,14.3,136.03124,610.68,5460.0,Radial Velocity,2016
Kepler-68 c,Kepler-68,9.605027,0.09008,0.979,1.3,1052.0,5847.0,Transit,2013
Kepler-25 b,Kepler-25,6.238297,0.0695,2.748,8.7,1185.0,6354.0,Transit,2011
Kepler-504 b,Kepler-504,9.549275422,0.0646,1.59,3.15,374.0,3519.0,Transit,2016
TOI-5301 b,TOI-5301,5.858858,0.073,13.09208946,1182.32167404,1648.0,6240.0,Transit,2024
WASP-91 b,WASP-91,2.798581,0.037,11.54527,425.8922,1160.0,4920.0,Transit,2017
Kepler-895 b,Kepler-895,2.806242328,0.0328,1.54,2.99,771.0,4315.0,Transit,2016
Kepler-288 d,Kepler-288,56.633742,0.287,2.67,7.61,570.0,5918.0,Transit,2014
NGTS-18 b,NGTS-18,3.05125,0.0448,13.56286665,129.99181846,1381.0,5610.0,Transit,2021
K2-166 b,K2-166,8.52695,0.0858,2.19,5.43,1140.0,5960.0,Transit,2018
Kepler-295 c,Kepler-295,21.526258,0.142,1.17,1.71,621.0,5603.0,Transit,2014
HD 8673 b,HD 8673,1644.69097,2.97,12.3,4210.59073594,219.11,6389.05,Radial Velocity,2009
HATS-17 b,HATS-17,16.254611,0.1308,8.709393,425.25654,814.0,5846.0,Transit,2016
Kepler-323 c,Kepler-323,3.5538229,0.0458,1.57,6.8,1431.0,6004.0,Transit,2014
Kepler-626 b,Kepler-626,14.48585199,0.10913,2.29,5.86,784.0,5813.0,Transit,2016
Kepler-230 b,Kepler-230,32.625555,0.191,4.26,16.8,506.0,5588.0,Transit,2014
Kepler-933 b,Kepler-933,14.20443009,0.1041,2.46,6.62,602.0,5346.0,Transit,2016
HD 11506 b,HD 11506,1617.7,2.885,12.9,1551.00262616,193.57,6123.0,Radial Velocity,2007
K2-251 b,K2-251,9.30075,0.0694,2.35,6.12,437.0,3717.0,Transit,2018
Kepler-867 b,Kepler-867,150.242127,0.5375,4.64,19.4,327.0,5541.0,Transit,2016
TOI-1772.01,TOI-1772,8.054246874,0.078375,2.905,8.78,877.67,5583.0,Transit,2024
HD 32518 b,HD 32518,157.35,0.594,13.2,905.49313154,916.07,4580.0,Radial Velocity,2009
Kepler-523 b,Kepler-523,5.835983111,0.06159,1.96,4.5,884.0,5515.0,Transit,2016
Kepler-149 d,Kepler-149,160.018032,0.571,3.96,14.9,306.0,5381.0,Transit,2014
TOI-5803 b,TOI-5803,5.38305,,3.2732,10.7,678.87,5134.0,Transit,2023
Kepler-94 b,Kepler-94,2.50806,0.03377,3.51,10.84,997.0,4781.0,Transit,2014
Kepler-730 c,Kepler-730,2.85188338,0.03997,1.56926,3.09,1607.0,5620.0,Transit,2018
Kepler-1316 b,Kepler-1316,87.9732136,0.39765,3.54,12.3,446.0,5884.0,Transit,2016
Kepler-539 b,Kepler-539,125.63243,0.4988,8.373123,308.2951,387.6,5820.0,Transit,2016
TOI-1798.01,TOI-1798,8.021522331,0.074984,2.448,6.5,734.31,5165.0,Transit,2024
Kepler-991 b,Kepler-991,82.5342519,0.3104,2.54,6.99,260.0,4392.0,Transit,2016
TOI-1117 c,TOI-1117,4.579,0.0534,2.91,8.78,1210.0,5635.0,Radial Velocity,2025
Kepler-1369 b,Kepler-1369,25.873148,0.1741,2.69,7.7,667.0,5761.0,Transit,2016
Kepler-289 e,Kepler-289,330.0716,0.9342,2.94,17.4,286.0,5990.0,Transit,2025
Kepler-1136 b,Kepler-1136,2.361724329,0.0299,1.64,3.33,922.0,4512.0,Transit,2016
Kepler-1364 b,Kepler-1364,13.32196237,0.1284,2.15,5.27,1299.0,6805.0,Transit,2016
KOI-1783.02,KOI-1783,284.215,0.86695,5.44,15.0,321.0,5922.0,Transit,2020
Gl 686 b,Gl 686,15.53,0.091,2.46,6.624,379.0,3656.0,Radial Velocity,2018
K2-354 b,K2-354,3.793306,,1.56,3.05,543.0,3669.0,Transit,2021
Kepler-243 c,Kepler-243,20.026218,0.142,1.99,4.62,559.0,5228.0,Transit,2014
Kepler-80 d,Kepler-80,3.07222,0.0372,1.53,6.75,722.0,4540.0,Transit,2014
GJ 4274 c,GJ 4274,69.57,0.186,2.83,8.39,157.32,3228.0,Radial Velocity,2026
K2-268 f,K2-268,26.27057,,2.23,5.6,492.0,5106.0,Transit,2021
HD 44219 b,HD 44219,472.0,1.26,14.1,184.34047606,283.89,5752.0,Radial Velocity,2010
TOI-6029 b,TOI-6029,5.7987,,14.39233122,519.64944544,1484.0,6223.0,Transit,2024
Kepler-330 c,Kepler-330,15.955387,0.116,1.95,4.46,573.0,5117.0,Transit,2014
Kepler-60 c,Kepler-60,8.9187,0.08422,1.9,3.85,1023.0,5905.0,Transit,2012
Kepler-1504 b,Kepler-1504,82.304003,0.3704,2.13,5.18,485.0,5393.0,Transit,2016
Kepler-56 c,Kepler-56,21.40239,0.1652,9.8,181.0,1087.0,4840.0,Transit,2012
TOI-2570 b,TOI-2570,2.9887615,0.04145,13.64132951,260.61929374,1431.0,5771.0,Transit,2022
Kepler-301 d,Kepler-301,13.751243,0.112,1.75,3.71,725.0,5815.0,Transit,2014
HD 136925 b,HD 136925,4540.0,5.13,13.9,266.97586188,134.25,5773.19,Radial Velocity,2021
K2-199 b,K2-199,3.2253993,0.0382,1.73,6.9,913.0,4491.0,Transit,2018
WASP-83 b,WASP-83,4.971252,0.059,11.65736,95.349,1120.0,5510.0,Transit,2015
Kepler-290 d,Kepler-290,0.764017553,0.0154,0.86,0.566,1589.0,5142.0,Transit,2023
HD 15906 b,HD 15906,10.924709,0.09,2.24,5.65,668.0,4757.0,Transit,2023
K2-240 b,K2-240,6.034,0.0513,2.0,4.66,586.0,3810.0,Transit,2018
Kepler-306 c,Kepler-306,7.240193,0.067,2.35,6.12,716.0,4954.0,Transit,2014
WASP-95 b,WASP-95,2.18467,0.03416,13.78707,457.6752,1570.0,5830.0,Transit,2014
HD 8535 b,HD 8535,1313.0,2.45,14.0,216.1244,206.21,6136.0,Radial Velocity,2010
HD 134060 c,HD 134060,1291.5646,2.3928,5.91,29.29,200.67,5966.0,Radial Velocity,2019
HD 196050 b,HD 196050,1392.0,2.65,12.9,1493.7935129,207.52,5879.0,Radial Velocity,2002
Kepler-83 b,Kepler-83,9.77,0.07295,2.83,2.94,460.0,4082.0,Transit,2012
HD 141399 b,HD 141399,94.44,0.415,14.3,143.34133,493.71,5600.0,Radial Velocity,2014
TOI-1243 b,TOI-1243,4.6594779,,2.33,7.7,450.0,3515.0,Transit,2026
K2-187 d,K2-187,7.149584,0.072,2.4,6.35,865.0,5438.0,Transit,2018
Kepler-938 b,Kepler-938,52.6298417,0.2689,2.22,5.56,544.0,5533.0,Transit,2016
Kepler-799 b,Kepler-799,133.4605235,0.5167,6.88,37.9,433.0,5681.0,Transit,2016
EPIC 212587672 b,EPIC 212587672,15.28078,,1.26,2.13,756.0,6004.0,Transit,2019
HD 98736 b,HD 98736,968.8,1.864,13.3,740.5439,179.53,5271.0,Radial Velocity,2018
HD 148164 c,HD 148164,5062.0,6.15,12.8,1640.0028,135.77,6032.0,Radial Velocity,2018
TOI-1732 b,TOI-1732,4.11923678339,,2.49549787,6.78,657.79,4201.93,Transit,2026
HAT-P-68 b,HAT-P-68,2.29840551,0.02996,12.016048,230.10892,1027.8,4508.0,Transit,2020
WASP-185 b,WASP-185,9.38755,0.0904,14.01125,311.4734,1160.0,5900.0,Transit,2019
Kepler-873 b,Kepler-873,20.5533844,0.1542,3.75,13.5,749.0,6163.0,Transit,2016
HD 164509 b,HD 164509,280.17,0.87,14.3,140.79869,319.12,5859.0,Radial Velocity,2012
Kepler-1093 c,Kepler-1093,89.722292,0.41037,1.96,4.5,508.0,6166.0,Transit,2016
Kepler-1315 c,Kepler-1315,6.566060066,0.0635,1.84398883,4.06,777.0,4818.0,Transit,2021
Kepler-982 b,Kepler-982,15.7738221,0.1277,2.25,5.69,955.0,6139.0,Transit,2016
Ross 508 b,Ross 508,10.77,0.05366,1.83,4.0,293.86,3071.0,Radial Velocity,2022
Kepler-132 b,Kepler-132,6.178196,0.067,1.21,1.92,1082.0,6003.0,Transit,2014
K2-81 b,K2-81,6.102325,0.059,1.97,4.54,739.23,4674.13,Transit,2016
Kepler-609 b,Kepler-609,6.521210666,0.0682,3.35,11.2,932.0,5971.0,Transit,2016
Kepler-1841 b,Kepler-1841,25.88599968,0.1606,1.48912557,2.82,542.0,5190.0,Transit,2021
Kepler-132 c,Kepler-132,6.414914,0.068,1.28,2.18,1069.0,6003.0,Transit,2014
Kepler-1681 b,Kepler-1681,69.8956,0.32,2.55321772,7.05,442.0,5756.4,Transit,2020
Kepler-383 b,Kepler-383,12.904532,0.095,1.32,2.3,545.0,4710.0,Transit,2014
Kepler-696 b,Kepler-696,4.190425575,0.0535,6.14,31.3,1234.0,5903.0,Transit,2016
K2-293 b,K2-293,13.1225,,2.45,6.57,750.0,5532.0,Transit,2019
KELT-18 b,KELT-18,2.8717518,0.0455,17.59813,375.0394,2085.0,6670.0,Transit,2017
Kepler-1353 b,Kepler-1353,24.7543966,0.153,1.8,3.89,491.0,4776.0,Transit,2016
Kepler-1732 b,Kepler-1732,32.31240082,0.2015,4.09903273,15.7,699.0,5821.0,Transit,2021
Kepler-168 c,Kepler-168,13.193242,0.116,2.69,7.7,862.0,6282.0,Transit,2014
Kepler-1535 b,Kepler-1535,138.9442,0.5329,2.55,7.04,384.0,6021.0,Transit,2016
WASP-104 b,WASP-104,1.7554137,0.02918,12.745,404.263,1516.0,5475.0,Transit,2014
TOI-2537 c,TOI-2537,1920.0,2.78,12.7,2297.89938261,123.1,4870.0,Radial Velocity,2024
TOI-762 A b,TOI-762 A,3.4716826,0.03418,8.33948164,79.77493016,555.4,3266.0,Transit,2024
HD 99283 b,HD 99283,310.4,1.08,13.8,308.29355479,759.06,4886.0,Radial Velocity,2021
Kepler-1642 c,Kepler-1642,6.6513802,0.0678,2.66,7.56,1095.0,5355.0,Transit,2016
Kepler-1011 b,Kepler-1011,5.753221974,0.0633,2.87,8.6,920.0,5416.0,Transit,2016
Kepler-227 c,Kepler-227,54.418694,0.29,3.04,9.48,443.0,5854.0,Transit,2014
Kepler-622 b,Kepler-622,14.28226676,0.0978,2.13,5.18,446.0,4201.0,Transit,2016
K2-187 e,K2-187,13.606629,0.1106,1.9,4.27,698.0,5438.0,Transit,2018
Kepler-656 c,Kepler-656,5.25449393,0.0602,1.41,2.57,975.0,5550.0,Transit,2023
Kepler-457 d,KOI-7892,10.6906004,0.0996,2.98467257,9.19,1008.0,6474.0,Transit,2021
Kepler-44 b,Kepler-44,3.2467293,0.0446,12.22,317.82,1544.0,5800.0,Transit,2011
HD 165131 b,HD 165131,2342.6,3.54,12.1,5943.3912109,155.2,5870.0,Radial Velocity,2023
Kepler-1944 b,Kepler-1944,9.842579842,0.0918,2.75971163,8.05,801.0,5585.0,Transit,2021
HD 81817 b,HD 81817,1021.20159,3.233,12.0,7668.5638041,1016.37,4140.0,Radial Velocity,2020
Kepler-1814 c,Kepler-1814,0.626281766,0.0133,1.76,3.75,1711.0,4922.0,Transit,2023
BD+15 2375 b,BD+15 2375,153.22,0.576,13.8,337.21763,883.68,4649.0,Radial Velocity,2016
HD 170469 b,HD 170469,1145.0,2.24,14.1,209.7678,209.6,5842.0,Radial Velocity,2007
TOI-4662 b,TOI-4662,4.70343764575,,2.87998299,8.65,741.0,4520.41,Transit,2026
Kepler-332 b,Kepler-332,7.626324,0.07,1.17,1.71,703.0,4955.0,Transit,2014
Kepler-892 b,Kepler-892,13.7521072,0.1015,2.81,8.3,556.0,4747.0,Transit,2016
Kepler-222 b,Kepler-222,3.936981,0.048,3.16,10.1,1004.0,5433.0,Transit,2014
Qatar-10 b,Qatar-10,1.645321,0.0286,17.295487,233.92288,1955.0,6124.0,Transit,2019
Kepler-1529 b,Kepler-1529,5.33905686,0.0525,2.1,5.06,817.0,5048.0,Transit,2016
Pr0201 b,Pr0201,4.4264,0.06,14.2,171.6282,1303.39,6174.0,Radial Velocity,2012
WASP-31 b,WASP-31,3.4059096,0.04659,17.363,151.916,1423.7,6302.0,Transit,2010
HD 81040 b,HD 81040,1002.7,1.946,12.6,2301.07766668,189.77,5755.0,Radial Velocity,2005
Kepler-357 b,Kepler-357,6.475434,0.063,1.84,4.04,793.0,5036.0,Transit,2014
Kepler-554 b,Kepler-554,1.902208556,0.03022,4.29,17.0,1346.0,5447.0,Transit,2016
TOI-2295 b,TOI-2295,30.033302,0.1992,16.47720163,278.09985612,747.0,5730.0,Transit,2024
TOI-969 c,TOI-969,1700.0,2.52,12.4,3591.4609991,96.4,4435.0,Radial Velocity,2022
GJ 3082 b,GJ 3082,11.949,0.079,2.79,8.2,457.53,3910.0,Radial Velocity,2020
HD 40307 f,HD 40307,51.76,0.247,2.13,5.2,398.0,4956.0,Radial Velocity,2013
HR 858 b,HR 858,3.585287,0.04888,2.004,3.55,1552.0,6354.0,Transit,2019
Kepler-569 b,Kepler-569,34.18890521,0.19784,3.16,10.1,526.0,5616.0,Transit,2016
Kepler-23 d,Kepler-23,15.27,0.12012,2.206,4.44,896.0,5828.0,Transit,2014
Kepler-1366 b,Kepler-1366,2.164570968,0.0273,1.43,2.63,783.0,4070.0,Transit,2016
K2-198 c,K2-198,3.3596055,,1.423,2.61,1229.9,5212.9,Transit,2019
TOI-2046 b,TOI-2046,1.4971842,,16.14093221,731.0053361,1828.82,6250.0,Transit,2022
Kepler-1813 b,Kepler-1813,2.818160057,0.0364,1.413,2.58,1059.0,5167.0,Transit,2021
Kepler-33 e,Kepler-33,31.7844,0.2138,4.02,5.57,752.0,5904.0,Transit,2011
HD 89345 b,HD 89345,11.8143,0.1066,7.39794,34.9613,1089.0,5576.0,Transit,2018
TOI-2196 b,TOI-2196,1.1947268,0.02234,3.51,26.0,1860.0,5634.0,Transit,2022
GJ 887 d,GJ 887,50.77,0.212,2.34,6.1,241.0,3688.0,Radial Velocity,2026
TOI-5630 b,TOI-5630,3.22118452536,,2.37117553,6.22,1541.0,5385.64,Transit,2026
HD 96167 b,HD 96167,498.04,1.332,14.0,227.88411,333.63,5733.0,Radial Velocity,2009
HD 66428 b,HD 66428,2269.81726,3.395,12.4,3478.94974302,159.02,5716.0,Radial Velocity,2005
Kepler-409 b,Kepler-409,68.9583216,0.3192,1.199,6.0,438.0,5421.0,Transit,2014
Kepler-701 b,Kepler-701,10.35533177,0.0895,2.84,8.45,777.0,5343.0,Transit,2016
CoRoT-36 b,CoRoT-36,5.616531,0.066,15.80466279,216.12331676,1567.0,6730.0,Transit,2022
TOI-4145 A b,TOI-4145 A,4.0664428,0.04823,13.30506009,136.66621501,1074.0,5281.0,Transit,2023
TOI-5616 b,TOI-5616,2.002849,0.0272,10.78,624.0,939.0,3996.0,Transit,2024
Kepler-650 b,Kepler-650,3.032145588,0.0421,2.96,9.06,1507.0,5849.0,Transit,2016
Kepler-715 b,Kepler-715,10.00652995,0.0933,3.75,13.5,876.0,5871.0,Transit,2016
Kepler-1511 b,Kepler-1511,23.2382792,0.1753,1.68,3.46,903.0,6064.0,Transit,2016
WASP-34 b,WASP-34,4.31768,0.0524,11.209,177.9848,1250.0,5700.0,Transit,2010
HD 179949 b,HD 179949,3.092514,0.0443,13.9,291.12,1590.53,6168.0,Radial Velocity,2000
Kepler-386 b,Kepler-386,12.31043,0.096,1.39,2.51,651.0,5178.0,Transit,2014
Kepler-990 c,Kepler-990,0.538354308,0.01232,1.53,2.96,2386.0,5948.0,Transit,2016
Kepler-1031 b,Kepler-1031,1.22621732,0.0218,0.87,0.59,2024.0,6011.0,Transit,2016
Kepler-223 b,Kepler-223,7.38449,0.07525,2.99,7.4,1042.0,5803.0,Transit,2014
XO-2 S c,XO-2 S,120.059,0.4737,13.6,438.60320166,376.79,5325.0,Radial Velocity,2014
Kepler-1993 b,Kepler-1993,26.6565737,0.1943,4.15,16.1,903.0,5159.0,Transit,2023
Kepler-207 b,Kepler-207,1.611865,0.029,1.57,3.09,1930.0,5920.0,Transit,2014
Kepler-1200 b,Kepler-1200,1.118549717,0.0188,1.06,1.2,1174.0,4612.0,Transit,2016
TOI-6000 b,TOI-6000,0.448959,,0.94,0.779,1120.0,3419.0,Transit,2025
TOI-3023 b,TOI-3023,3.9014971,0.0505,16.43236571,197.05361234,1596.0,5760.0,Transit,2023
Kepler-652 b,Kepler-652,4.182002531,0.04958,2.49,6.76,974.0,5490.0,Transit,2016
Kepler-1789 b,Kepler-1789,80.23190308,0.3543,2.83137505,8.4,380.0,5436.0,Transit,2021
Kepler-505 b,Kepler-505,27.52197994,0.1445,2.6,7.27,314.0,3931.0,Transit,2016
WASP-155 b,WASP-155,3.110413,0.043,13.45077684,276.8285425,1468.0,5660.0,Transit,2025
OGLE-2005-BLG-390L b,OGLE-2005-BLG-390L,3285.0,2.6,2.21,5.5,50.0,,Microlensing,2005
NGTS-26 b,NGTS-26,4.5199279,0.049,14.88552637,92.80589484,1331.0,5550.0,Transit,2024
HAT-P-37 b,HAT-P-37,2.797436,0.0379,13.204,371.528,1271.0,5500.0,Transit,2011
Kepler-478 b,Kepler-478,13.2217576,0.1032,2.71,7.8,640.0,5210.0,Transit,2016
HATS-42 b,HATS-42,2.292102,0.03689,15.6926,597.5204,1856.0,6060.0,Transit,2018
Kepler-191 d,Kepler-191,5.945041017,0.06104,2.28,5.82,857.0,5215.0,Transit,2016
HD 17156 b,HD 17156,21.2164294,0.1632,12.26262489,1036.12060682,888.0,6046.0,Radial Velocity,2007
Kepler-768 b,Kepler-768,11.3910025,0.092,1.79,3.86,618.0,5108.0,Transit,2016
HD 133131 B b,HD 133131 B,5769.0,6.15,13.3,794.575,112.28,5805.0,Radial Velocity,2016
EPIC 212297394 c,EPIC 212297394,5.213965,,2.27,5.77,866.0,5171.0,Transit,2021
Kepler-875 b,Kepler-875,27.5073799,0.1771,2.9,8.75,569.0,5958.0,Transit,2016
K2-35 c,K2-35,5.608352,0.055,1.93,4.38,766.0,4402.71,Transit,2016
Kepler-321 c,Kepler-321,13.093921,0.11,2.32,5.99,752.0,5740.0,Transit,2014
Kepler-169 d,Kepler-169,8.348125,0.075,1.25,2.1,702.0,4997.0,Transit,2014
GJ 2030 b,GJ 2030,2.38129,0.034,2.03,4.76742611,2147.31,5485.0,Radial Velocity,2022
Kepler-1881 b,Kepler-1881,159.3939972,0.53325,2.98104391,9.17,289.0,5135.0,Transit,2021
Kepler-308 c,Kepler-308,15.38231,0.123,2.16,5.31,714.0,5895.0,Transit,2014
Kepler-378 c,Kepler-378,28.906009,0.166,0.7,0.271,414.0,4661.0,Transit,2014
TOI-4860 b,TOI-4860,1.5227591,0.01808,8.7,86.7,694.0,3260.0,Transit,2023
Kepler-1651 b,Kepler-1651,9.87863917,0.0692,1.84,4.04,393.0,3713.0,Transit,2017
TOI-1238 c,TOI-1238,3.294736,0.037,2.11,8.32,695.0,4089.0,Transit,2022
TOI-1753 b,TOI-1753,5.3846104,0.059,2.47852533,16.6,1005.43,5621.0,Transit,2024
Kepler-49 d,Kepler-49,2.576549,0.031,1.6,235.982,717.0,4252.0,Transit,2014
mu2 Sco b,mu2 Sco,,242.4,12.3,4576.7290608,159.05,21700.0,Imaging,2022
HD 188015 b,HD 188015,461.2,1.203,13.6,476.72,267.98,5746.0,Radial Velocity,2004
HD 221416 b,HD 221416,14.2767,0.1228,9.17,60.5,1314.67,5080.0,Transit,2019
Kepler-727 b,Kepler-727,5.154484417,0.0546,2.53,6.94,964.0,5441.0,Transit,2016
HD 152079 b,HD 152079,2918.92,4.187,13.2,845.74563,147.84,5907.0,Radial Velocity,2009
K2-105 b,K2-105,8.26726,0.0796,3.4,15.4,805.0,5373.0,Transit,2017
GJ 724 b,GJ 724,5.101284,0.04685,3.27,10.75,611.0,3799.0,Radial Velocity,2023
HD 48948 c,HD 48948,38.06,0.1951,2.6,7.27,553.0,4593.0,Radial Velocity,2024
HD 27894 d,HD 27894,5019.54244,5.362,12.7,2063.65984665,95.87,4875.0,Radial Velocity,2017
TOI-904 c,TOI-904,83.9997,0.312,2.167,5.34,217.26,3770.2,Transit,2023
HD 11343 c,HIP 8541,228.53731,0.923,13.9,255.53403923,613.29,4672.0,Radial Velocity,2022
Kepler-1422 b,Kepler-1422,18.6051942,0.1499,2.02,4.74,833.0,6194.0,Transit,2016
TOI-3568 b,TOI-3568,4.417965,0.0485,5.3,26.4,899.0,4969.0,Transit,2024
TOI-6448 b,TOI-6448,14.844261,0.131,8.47398941,54.0,745.0,5910.0,Transit,2025
Kepler-282 d,Kepler-282,24.806,0.15837,2.46,61.0,588.0,5656.0,Transit,2013
TOI-5786 b,TOI-5786,12.779107,0.114,8.54,73.0,1040.0,6235.0,Transit,2025
Kepler-1509 b,Kepler-1509,25.4338197,0.1707,1.85,4.08,667.0,5780.0,Transit,2016
Kepler-1164 b,Kepler-1164,3.97599768,0.04635,1.12,1.46,936.0,5183.0,Transit,2016
Kepler-987 b,Kepler-987,105.3033148,0.4238,3.26,10.7,351.0,5637.0,Transit,2016
TOI-4641 b,TOI-4641,22.09341,0.173,8.18255591,1229.99593509,950.11,6560.0,Transit,2023
Kepler-208 e,Kepler-208,16.259458,0.132,1.48,2.79,880.0,6092.0,Transit,2014
WASP-183 b,WASP-183,4.1117771,0.04632,16.47723,159.55066,1111.0,5313.0,Transit,2019
Kepler-320 b,Kepler-320,8.371554,0.085,1.14,1.55,1292.0,6435.0,Transit,2014
K2-54 b,K2-54,9.7833,0.0761,2.6116925,7.33,560.0,3990.0,Transit,2016
ome Ser b,ome Ser,278.59,0.838,14.0,233.92170755,824.94,4724.0,Radial Velocity,2013
HD 110082 b,HD 110082,10.18271,0.113,3.2,10.3,957.2,6200.0,Transit,2021
Kepler-337 c,Kepler-337,9.693201,0.093,2.05,4.86,1017.0,5684.0,Transit,2014
Kepler-254 c,Kepler-254,12.412183,0.105,2.15,3.2,787.0,5957.0,Transit,2014
Kepler-156 c,Kepler-156,15.906801,0.117,2.55,7.04,588.0,5094.0,Transit,2014
K2-58 c,K2-58,2.53726,0.035,1.62,3.26,1293.86,5413.0,Transit,2016
GJ 9066 c,GJ 9066,771.36,0.88,9.6,66.74396547,65.66,3154.0,Radial Velocity,2020
Kepler-994 b,Kepler-994,1.151166506,0.0177,1.6,3.19,957.0,3934.0,Transit,2016
K2-394 b,K2-394,5.095717,,1.692,3.51,643.0,4938.0,Transit,2022
Kepler-1830 b,Kepler-1830,56.49330139,0.31769,3.32992941,11.1,681.0,6160.0,Transit,2021
Kepler-1799 b,Kepler-1799,11.9296999,0.1028,4.12801189,15.9,770.0,5831.0,Transit,2021
Kepler-1605 b,Kepler-1605,85.7565495,0.36567,1.08,1.28,528.0,5280.0,Transit,2016
CoRoT-5 b,CoRoT-5,4.0378962,0.04947,15.558,148.42,1438.0,6100.0,Transit,2009
HATS-49 b,HATS-49,4.1480467,0.04515,8.574885,112.19399,834.8,4405.0,Transit,2020
HD 149806 b,HD 149806,16521.52778,12.404,12.3,4003.68444298,69.13,5352.05,Radial Velocity,2022
Kepler-350 d,Kepler-350,26.136,0.1786,2.8,14.9,782.0,6492.3,Transit,2013
HAT-P-45 b,HAT-P-45,3.128992,0.0452,15.984,283.492,1652.0,6330.0,Transit,2014
TOI-1333 b,TOI-1333,4.720219,0.0626,15.647764,753.2571,1679.0,6274.0,Transit,2021
Kepler-853 b,Kepler-853,7.16892463,0.079,1.69,3.5,1187.0,6350.0,Transit,2016
TOI-5599 b,TOI-5599,5.43691503941,,7.1888212,40.9,1496.0,6137.02,Transit,2026
HD 207832 b,HD 207832,160.07,0.586,14.2,177.9848,340.28,5726.0,Radial Velocity,2012
Kepler-256 c,Kepler-256,3.38802,0.045,2.15,5.27,1315.0,5551.0,Transit,2014
HATS-59 c,HATS-59,1422.0,2.504,12.3,4036.441,175.9,5670.0,Radial Velocity,2018
WASP-89 b,WASP-89,3.3564227,0.0427,11.65736,1875.197,1120.0,5130.0,Transit,2015
HD 124330 b,HD 124330,270.66,0.86,14.0,238.37130525,348.79,5873.0,Radial Velocity,2021
KELT-21 b,KELT-21,3.6127647,0.05224,17.777474,1242.7153,2051.0,7598.0,Transit,2018
Kepler-1464 b,Kepler-1464,31.7785901,0.20066,1.66,3.39,564.0,5828.0,Transit,2016
Kepler-1913 b,Kepler-1913,14.1960001,0.1209,1.51852059,2.92,818.0,6214.0,Transit,2021
Kepler-16 b,Kepler-16,228.776,0.7048,8.4493,105.833,205.9,4450.0,Transit,2011
KELT-23 A b,KELT-23 A,2.255251,0.03302,14.829507,298.12454,1561.0,5899.0,Transit,2019
Kepler-82 e,Kepler-82,5.902206,0.063,2.47,254.02,926.0,5428.0,Transit,2014
HD 167042 b,HD 167042,417.67,1.22,13.6,444.00628458,462.08,4919.0,Radial Velocity,2007
TIC 393818343 b,TIC 393818343,16.24921,0.1291,12.18416202,1379.37528638,805.5,5756.0,Transit,2024
Kepler-577 b,Kepler-577,25.69578251,0.1348,2.55,7.04,314.0,4984.0,Transit,2016
Kepler-953 b,Kepler-953,88.40655258,0.392,4.21,16.5,410.0,5416.0,Transit,2016
Kepler-212 c,Kepler-212,31.805174,0.207,2.74,7.95,664.0,5852.0,Transit,2014
WASP-45 b,WASP-45,3.126089,0.03963,10.603714,306.38812,1153.0,5150.0,Transit,2011
Kepler-43 b,Kepler-43,3.0240949,0.046,13.663771,1026.5909,1620.0,6041.0,Transit,2011
Kepler-1084 b,Kepler-1084,2.05333679,0.0324,1.11,1.41,1737.0,6113.0,Transit,2016
K2-329 b,K2-329,12.4551225,0.1016,8.675766,82.6358,650.0,5282.0,Transit,2020
K2-91 b,K2-91,1.419549,0.0164,1.1,1.37,726.81,3622.0,Transit,2016
BD+14 4559 b,BD+14 4559,268.94,0.78,13.8,330.5432,246.28,4864.0,Radial Velocity,2009
Kepler-1329 b,Kepler-1329,9.33646594,0.0747,2.17,5.35,577.0,4500.0,Transit,2016
Kepler-1201 b,Kepler-1201,15.18725932,0.1183,2.29,5.86,789.0,6177.0,Transit,2016
TOI-2368 b,TOI-2368,5.1750073,0.05649,10.83908434,206.58846455,1000.0,5360.0,Transit,2024
HD 11505 b,HD 11505,32669.22247,20.247,12.6,2510.52658689,67.46,5757.15,Radial Velocity,2022
HATS-4 b,HATS-4,2.516729,0.0362,11.433,420.471,1315.0,5403.0,Transit,2014
Kepler-825 c,Kepler-825,8.1818246,0.0759,1.84,4.04,981.0,5976.0,Transit,2016
K2-413 b,K2-413,0.8094,0.0117,0.7599,0.363,1535.2,4116.0,Transit,2022
Kepler-319 c,Kepler-319,6.941357,0.069,2.63,7.41,876.0,5526.0,Transit,2014
Kepler-1437 b,Kepler-1437,10.9295461,0.0951,1.37,2.45,770.0,5557.0,Transit,2016
GJ 3138 d,GJ 3138,257.8,0.698,3.23,10.5,151.7,3717.0,Radial Velocity,2017
WASP-16 b,WASP-16,3.1186,0.0415,13.67498,394.1092,1389.0,5700.0,Transit,2009
TOI-3331 A b,TOI-3331 A,2.0180231,0.03144,12.97999965,721.47048389,1488.0,5609.0,Transit,2022
Kepler-251 b,Kepler-251,4.790936,0.053,1.33,2.33,990.0,5526.0,Transit,2014
HD 93385 b,HD 93385,7.3426,0.0756,1.88,4.2,1141.0,5977.0,Radial Velocity,2021
Kepler-1802 b,Kepler-1802,15.45020008,0.0662,1.671,3.43,581.0,4245.0,Transit,2021
TOI-3980 b,TOI-3980,3.6089254,0.0494,14.4595851,187.51876013,1621.0,5840.0,Transit,2025
Kepler-226 c,Kepler-226,5.349555,0.058,2.27,45.2,919.0,5571.0,Transit,2014
K2-288 B b,K2-288 B,31.393463,0.164,1.9,4.27,226.36,3341.0,Transit,2018
Kepler-672 b,Kepler-672,38.3774623,0.2163,2.5,6.8,529.0,5627.0,Transit,2016
Kepler-974 b,Kepler-974,4.194496514,0.0419,1.57,3.09,577.0,3687.0,Transit,2016
Kepler-1842 b,Kepler-1842,14.02639961,0.116,2.35388681,6.14,822.0,5970.0,Transit,2021
Kepler-690 b,Kepler-690,7.748094374,0.081,5.95,29.6,964.0,5913.0,Transit,2016
Kepler-154 d,Kepler-154,20.54981883,0.14354,3.84,14.1,657.0,5769.0,Transit,2016
OGLE-2006-BLG-109L b,OGLE-2006-BLG-109L,1788.5,2.3,14.0,231.0,82.0,,Microlensing,2008
K2-416 b,K2-416,13.102,0.088,2.66,1652.7077164,447.0,3746.0,Transit,2023
HD 28192 b,HD 28192,14.23283,0.118,12.2,99.7981198,859.98,5919.87,Radial Velocity,2022
Kepler-453 b,Kepler-453,240.503,0.7903,6.204,16.0,273.62,5527.0,Transit,2015
Kepler-1090 c,Kepler-1090,42.42720032,0.22622,3.29265785,10.9,496.0,5330.0,Transit,2021
KOI-1833 d,Kepler-968,7.685,0.0634,2.58,11.02,613.0,4413.0,Transit,2021
Kepler-269 b,Kepler-269,5.326718,0.061,2.47,6.66,1007.0,5847.0,Transit,2014
Kepler-927 b,Kepler-927,9.1149903,0.0866,1.72,3.61,906.0,5743.0,Transit,2016
HD 50499 b,HD 50499,2447.1,3.833,13.5,519.96988,174.69,6102.0,Radial Velocity,2005
Proxima Cen b,Proxima Cen,11.18465,0.04848,1.02,1.055,218.0,2900.0,Radial Velocity,2016
K2-279 b,K2-279,7.122605,0.067,1.21,1.92,879.0,5558.0,Transit,2018
G 268-110 b,G 268-110,1.43263,0.01283,1.13,1.52,534.0,,Radial Velocity,2025
HD 156098 c,HD 156098,7841.5839,8.415,12.8,1661.6069118,177.18,6419.19,Radial Velocity,2022
Kepler-83 c,Kepler-83,20.09,0.11796,2.36,2.03,362.0,4082.0,Transit,2012
K2-212 b,K2-212,9.795647,0.0785,2.65,7.51,542.0,4349.0,Transit,2018
K2-48 b,K2-48,20.5065,0.1344,2.24,5.65,550.56,4899.0,Transit,2016
K2-158 c,K2-158,5.90279,0.0622,1.28,2.18,948.0,5503.0,Transit,2018
Kepler-158 b,Kepler-158,16.709184,0.111,2.12,5.14,500.0,4623.0,Transit,2014
HD 203387 c,HD 203387,2481.07227,5.067,12.6,2378.9456264,360.63,5174.32,Radial Velocity,2022
Kepler-353 b,Kepler-353,5.795278,0.051,0.89,0.64,534.0,3903.0,Transit,2014
Kepler-810 b,Kepler-810,4.59725385,0.055,1.93,4.38,1105.0,5803.0,Transit,2016
K2-117 b,K2-117,1.2916,0.0189,2.03,4.78,868.0,3778.0,Transit,2017
Kepler-566 b,Kepler-566,18.42794624,0.1247,2.15,5.27,526.0,5132.0,Transit,2016
TOI-4940 b,TOI-4940,25.867811,0.165,6.61,89.0,643.0,5504.0,Transit,2025
TOI-2154 b,TOI-2154,3.8240801,0.0513,16.28664896,292.40213444,1580.0,6280.0,Transit,2023
HD 28109 d,HD 28109,84.2899,0.411,3.11,5.8,561.0,6189.0,Transit,2022
Kepler-33 c,Kepler-33,13.17562,0.1189,3.2,0.39,1009.0,5904.0,Transit,2011
Kepler-1729 b,Kepler-1729,4.220970154,0.0418,3.89404186,14.4,595.0,3837.0,Transit,2021
Kepler-1471 c,Kepler-1471,11.6044881,0.0981,1.88,4.19,841.0,5533.0,Transit,2023
TOI-2497 b,TOI-2497,10.655669,0.1166,11.14172682,1531.93292174,1595.0,7360.0,Transit,2023
HD 20003 c,HD 20003,33.9239,0.1964,3.89,14.44,573.89,5494.0,Radial Velocity,2019
KELT-10 b,KELT-10,4.1662739,0.0525,15.681391,215.80657,1377.0,5948.0,Transit,2016
K2-46 b,K2-46,19.1541,0.13821,2.05,4.86,889.0,6256.0,Transit,2016
Kepler-119 c,Kepler-119,4.125103,0.049,0.92,0.721,1016.0,5595.0,Transit,2014
WASP-194 b,WASP-194,3.183387,0.047,15.47960235,373.13054982,1693.0,6405.0,Transit,2025
Kepler-430 b,Kepler-430,35.968,0.2244,3.25,10.6,667.0,5884.0,Transit,2015
Kepler-619 d,Kepler-619,11.67894236,0.1021,4.17,16.2,830.0,6122.0,Transit,2023
TOI-2768 b,TOI-2768,1.50801,0.027,2.63,7.41,855.0,4008.0,Transit,2024
Kepler-695 b,Kepler-695,3.040330424,0.0374,9.21,62.3,1021.0,5181.0,Transit,2016
Kepler-294 b,Kepler-294,3.701212,0.048,1.77,3.78,1087.0,5913.0,Transit,2014
Kepler-1208 b,Kepler-1208,11.08507637,0.0901,2.32,5.99,665.0,5001.0,Transit,2016
Kepler-192 d,Kepler-192,6.47027579,0.0686,1.02,1.04,926.0,5487.0,Transit,2016
47 UMa b,47 UMa,1078.0,2.1,13.2,804.08,215.23,5872.0,Radial Velocity,1996
Kepler-1670 b,Kepler-1670,20.4998,0.1528,3.3564801,11.2,731.0,5838.0,Transit,2020
K2-230 b,K2-230,2.86041,0.0409,1.96,4.5,1529.0,5945.0,Transit,2018
Kepler-1085 b,Kepler-1085,219.3217528,0.73361,7.22,41.2,313.0,6000.0,Transit,2016
Kepler-1404 b,Kepler-1404,15.9314739,0.1143,2.01,4.7,596.0,5261.0,Transit,2016
K2-350 b,K2-350,4.163873,,1.54,2.99,1158.0,5789.0,Transit,2021
Kepler-1811 b,Kepler-1811,76.42230225,0.3462,3.84829873,14.1,455.0,5561.0,Transit,2021
K2-225 b,K2-225,15.8723,0.1409,3.60929179,12.7,923.0,5520.0,Transit,2018
TOI-2227 b,TOI-2227,4.22175815648,,3.09885187,9.79,1164.0,5889.54,Transit,2026
HD 189567 c,HD 189567,33.688,0.197,2.54,7.0,634.41,5726.0,Radial Velocity,2021
Kepler-443 b,Kepler-443,177.6693,0.495,2.33,6.04,233.0,4723.0,Transit,2015
CFHTWIR-Oph 98 b,CFHTWIR-Oph 98 A,8040000.0,200.0,20.8487041,2479.0615746,1800.0,2320.0,Imaging,2020
HD 19615 b,HD 19615,402.0,1.1,12.6,2701.5414595,1113.92,4263.0,Radial Velocity,2022
Kepler-24 c,Kepler-24,12.33,0.10612,2.514,9.99,915.0,6028.0,Transit,2011
WASP-135 b,WASP-135,1.4013794,0.0243,14.5717,603.877,1403.66,5675.0,Transit,2015
psi1 Dra B b,psi1 Dra B,3117.0,4.43,13.5,486.2799,159.48,6212.0,Radial Velocity,2015
Kepler-1862 b,Kepler-1862,16.05730057,0.1199,2.203,5.49,645.0,5644.0,Transit,2021
NGTS-35 b,NGTS-35,25.241192,0.16,10.9,152.0,451.0,4717.0,Transit,2025
Kepler-479 b,Kepler-479,12.49341307,0.09636,2.12,5.14,649.0,5247.0,Transit,2016
HD 25463 b,HD 25463,7.0491423,0.076,2.54535814,8.7,1198.46,6353.0,Transit,2023
HD 37124 d,HD 37124,1862.0,2.807,14.0,221.20968,159.79,5698.64,Radial Velocity,2005
Kepler-170 c,Kepler-170,16.665863,0.131,2.86,8.55,702.0,5679.0,Transit,2014
Kepler-1128 b,Kepler-1128,61.6178167,0.302,3.65,12.9,424.0,5543.0,Transit,2016
K2-260 b,K2-260,2.62669762,0.04392,18.41635529,546.66486004,2090.0,6860.0,Transit,2018
Kepler-681 b,Kepler-681,26.39435646,0.1635,3.08,9.69,489.0,5021.0,Transit,2016
Kepler-1135 b,Kepler-1135,76.957857,0.3436,1.85,4.08,451.0,5656.0,Transit,2016
HD 156668 b,HD 156668,4.6455,0.05,1.87,4.15,887.48,4850.0,Radial Velocity,2010
Kepler-379 b,Kepler-379,20.09838,0.152,1.66,3.39,775.0,6054.0,Transit,2014
HD 87883 b,HD 87883,3006.0,3.77,12.7,2005.49724817,110.52,4980.0,Radial Velocity,2009
Kepler-1043 b,Kepler-1043,38.5053398,0.2159,2.55,7.04,532.0,5629.0,Transit,2016
Kepler-1547 b,Kepler-1547,0.692979676,0.01556,0.9,0.666,3186.0,6078.0,Transit,2016
Kepler-1876 b,Kepler-1876,6.99205,0.0758,0.853,2.4,1299.0,6104.0,Transit,2021
Kepler-376 b,Kepler-376,4.920199,0.057,1.07,1.24,1242.0,5900.0,Transit,2014
TOI-5160 b,TOI-5160,4.280773256,,2.39729851,6.33,1016.0,5622.14,Transit,2026
Kepler-306 e,Kepler-306,44.840975,0.227,2.27,5.77,390.0,4954.0,Transit,2014
HD 35843 c,HD 35843,46.9622,0.25,2.54,11.32,479.0,5666.0,Transit,2025
HD 203387 b,HD 203387,512.5352,1.771,13.1,1106.04285636,610.0,5174.32,Radial Velocity,2022
HD 217958 b,HD 217958,2560.19774,3.758,14.2,166.54208527,169.89,5930.64,Radial Velocity,2022
HD 1461 b,HD 1461,5.77152,0.0634,2.42,6.44,1185.14,5765.0,Radial Velocity,2010
HATS-76 b,HATS-76,1.9416423,0.02658,12.09449018,835.570882,939.8,4016.0,Transit,2021
HAT-P-33 b,HAT-P-33,3.47447,0.04995,20.73665,292.4036,1782.0,6446.0,Transit,2011
nu Oph b,nu Oph,529.93,1.765,12.0,7057.73298,620.57,4887.0,Radial Velocity,2012
Kepler-324 b,Kepler-324,4.385315,0.05,1.14,2414.4,935.0,5194.0,Transit,2014
Kepler-215 b,Kepler-215,9.360672,0.084,1.62,3.26,784.0,5739.0,Transit,2014
Kepler-195 c,Kepler-195,34.096863,0.197,1.55,3.02,469.0,5329.0,Transit,2014
HD 6061 b,HD 6061,5.2549,0.06,2.42763557,10.0,1075.31,5934.0,Transit,2023
CoRoT-26 b,CoRoT-26,4.20474,0.0526,14.12,165.26,1600.0,5590.0,Transit,2013
Kepler-396 c,Kepler-396,88.505,0.38946,5.3,17.9,390.0,5656.0,Transit,2013
Kepler-100 b,Kepler-100,6.88734,0.07309,1.34,4.01,1155.0,5837.0,Transit,2014
K2-240 c,K2-240,20.523,0.1159,1.8,3.89,389.0,3810.0,Transit,2018
TOI-5232 b,TOI-5232,4.0966692,0.05593,12.778238,743.71847238,1772.0,6500.0,Transit,2024
HD 133131 A c,HD 133131 A,3568.0,4.49,14.3,133.4886,128.96,5799.0,Radial Velocity,2016
Kepler-225 c,Kepler-225,18.794234,0.111,1.84,4.04,412.0,3682.0,Transit,2014
61 Vir d,61 Vir,123.01,0.476,5.11,22.9,382.51,5577.0,Radial Velocity,2009
Kepler-194 c,Kepler-194,17.308032,0.131,2.59,7.22,815.0,6089.0,Transit,2014
Kepler-176 e,Kepler-176,51.16579,0.25654,1.45,0.52075,398.0,5295.0,Transit,2016
Kepler-442 b,Kepler-442,112.3053,0.409,1.34,2.36,241.0,4402.0,Transit,2015
TOI-4529 b,TOI-4529,5.879577,,1.77,4.9,511.0,3697.0,Transit,2026
HD 156668 c,HD 156668,811.3,1.57,6.17,31.49679513,166.08,4903.69,Radial Velocity,2021
Kepler-462 c,Kepler-462,207.62,0.7584,4.0,6.0,453.0,7500.0,Transit,2018
KOI-3680 b,KOI-3680,141.241671,0.534,11.09691,613.4119,347.0,5830.0,Transit,2018
Kepler-1652 b,Kepler-1652,38.09722,0.1654,1.6,3.19,268.0,3638.0,Transit,2017
2MASS J0249-0557 c,2MASS J0249-0557 A,,1950.0,17.37392009,3616.88727166,1723.0,2859.0,Imaging,2018
K2-4 b,K2-4,10.003417,0.078,2.1,5.06,563.0,4014.73,Transit,2015
TOI-5082.01,TOI-5082,4.240122,0.051204842,2.54811,7.03,1164.91,5670.0,Transit,2024
GJ 3021 b,GJ 3021,133.71,0.49,13.1,1071.04,350.0,5540.0,Radial Velocity,2000
HATS-32 b,HATS-32,2.8126548,0.04024,14.000041,292.4036,1437.0,5700.0,Transit,2016
Kepler-148 c,Kepler-148,4.180043,0.05,3.6,12.6,957.0,5272.0,Transit,2014
KPS-1 b,KPS-1,1.706291,0.0269,11.54527,346.4347,1459.0,5165.0,Transit,2018
Kepler-446 d,Kepler-446,5.148921,0.0403,1.35,2.39,436.0,3359.0,Transit,2015
TOI-411 c,HD 22946,9.573083,0.1017,2.328,9.72,931.0,6169.0,Transit,2022
Kepler-361 b,Kepler-361,8.486616,0.086,1.45,2.7,1060.0,6169.0,Transit,2014
Kepler-47 c,Kepler-47,303.227,0.9638,4.65,3.17,267.82,5636.0,Transit,2012
Kepler-198 c,Kepler-198,49.567416,0.259,2.47,6.66,465.0,5574.0,Transit,2014
WASP-38 b,WASP-38,6.87188,0.07522,13.78707,1093.3352,1250.0,6180.0,Transit,2010
Kepler-515 b,Kepler-515,19.96371318,0.1333,1.46,2.73,564.0,5293.0,Transit,2016
TOI-3862 b,TOI-3862,1.55745774,0.02539,5.53,53.7,1539.0,5300.0,Transit,2026
Kepler-1343 b,Kepler-1343,3.35183158,0.0449,1.93,4.38,1294.0,5759.0,Transit,2016
Kepler-235 c,Kepler-235,7.824904,0.065,1.28,2.18,555.0,4255.0,Transit,2014
TOI-1696 b,TOI-1696,2.500311,0.0229,3.09,48.8,489.0,3185.0,Transit,2022
HD 95086 b,HD 95086,,55.7,12.9,1589.0,1000.0,7595.0,Imaging,2013
Kepler-1402 b,Kepler-1402,2.03387914,0.0322,0.76,0.363,1789.0,5416.0,Transit,2016
HD 73526 c,HD 73526,379.1,1.03,13.3,715.09,329.17,5601.0,Radial Velocity,2005
Kepler-252 b,Kepler-252,6.668391,0.058,1.23,2.04,587.0,4208.0,Transit,2014
Kepler-521 b,Kepler-521,22.20813214,0.17116,3.18,10.2,803.0,6406.0,Transit,2016
HD 95089 c,HD 95089,1785.0,3.33,13.1,1096.5135,292.91,4918.0,Radial Velocity,2016
HD 20781 d,HD 20781,29.158,0.1647,3.25,10.61,570.19,5256.0,Radial Velocity,2019
HD 204313 e,HD 204313,7325.64666,7.457,12.2,4868.17771002,106.81,5767.0,Radial Velocity,2022
HD 4203 b,HD 4203,431.88,1.17,13.3,708.7609,297.28,5596.0,Radial Velocity,2001
HD 94771 b,HD 94771,2164.0,3.48,14.2,169.0,200.79,5631.0,Radial Velocity,2023
Kepler-20 d,Kepler-20,77.611455,0.3474,2.606,13.4,430.0,5495.0,Transit,2011
EPIC 201841433 b,EPIC 201841433,4.1698,0.035,1.04,1.12,1032.49,5053.0,Transit,2019
Kepler-358 c,Kepler-358,83.488369,0.381,2.85,8.5,411.0,5908.0,Transit,2014
TOI-332 b,TOI-332,0.777038,0.0159,3.2,57.2,1871.0,5251.0,Transit,2023
TOI-904 b,TOI-904,10.8772,0.056,2.426,6.46,429.43,3770.2,Transit,2023
Kepler-271 b,Kepler-271,10.43547805,0.08784,1.23,2.04,759.0,5555.0,Transit,2014
Kepler-993 b,Kepler-993,22.08557563,0.13,2.97,9.11,352.0,3843.0,Transit,2016
Kepler-223 e,Kepler-223,19.72567,0.14481,4.6,4.8,751.0,5803.0,Transit,2014
GJ 160.2 b,GJ 160.2,5.2354,0.053,3.17,10.2,736.99,4347.0,Radial Velocity,2014
HAT-P-24 b,HAT-P-24,3.35524,0.04651,14.5717,238.3725,1637.0,6373.0,Transit,2010
Kepler-1103 b,Kepler-1103,19.79191978,0.15336,2.27,5.77,736.0,6092.0,Transit,2016
HD 111232 b,HD 111232,1169.13202,2.148,12.6,2531.50326176,172.05,5512.0,Radial Velocity,2003
Kepler-765 b,Kepler-765,27.6655226,0.1754,2.43,6.48,641.0,5901.0,Transit,2016
HD 5608 b,HD 5608,768.7,1.79,13.7,371.22357938,403.72,4807.0,Radial Velocity,2012
NGTS-24 b,NGTS-24,3.4678796,0.0479,13.60770257,165.27077164,1499.0,5820.0,Transit,2022
HD 47366 b,HD 47366,360.08,1.207,13.4,661.71874337,577.05,4866.0,Radial Velocity,2016
HD 122562 c,HD 122562,84.96276,0.406,10.1,73.10053361,552.02,4956.0,Radial Velocity,2022
HIP 39017 b,HIP 39017,31000.0,22.1,12.0,7500.7504052,91.06,7201.0,Imaging,2024
HD 167677 b,HD 167677,1820.0,2.877,13.2,905.81095995,151.9,5474.0,Radial Velocity,2023
EPIC 212737443 b,EPIC 212737443,13.603,0.098,2.586,7.2,536.0,4684.0,Transit,2019
TOI-159 b,TOI-159,3.7628396,0.056,18.18,1110.0,1891.0,7287.0,Transit,2026
HD 233604 b,HD 233604,192.0,0.747,12.7,2089.644,882.5,4791.0,Radial Velocity,2013
HIP 81208 C b,HIP 81208 C,104100.0,23.04,12.3,4703.8604236,2050.0,,Imaging,2023
Kepler-1003 b,Kepler-1003,3.554856915,0.04333,1.78,3.82,1157.0,6109.0,Transit,2016
Kepler-1123 b,Kepler-1123,4.33946454,0.0497,1.67,3.43,1061.0,5500.0,Transit,2016
TOI-1266 b,TOI-1266,10.8945,0.073,2.52,4.46,415.0,3563.0,Transit,2020
Kepler-208 c,Kepler-208,7.466623,0.079,1.39,2.51,1141.0,6092.0,Transit,2014
Kepler-1734 b,Kepler-1734,6.796850204,0.0714,3.08851092,9.74,985.0,6061.0,Transit,2021
Kepler-1243 b,Kepler-1243,16.8320729,0.1256,1.75,3.71,690.0,5667.0,Transit,2016
HD 219415 b,HD 219415,2093.3,3.2,13.8,317.83,221.26,4820.0,Radial Velocity,2012
TYC 0434-04538-1 b,TYC 0434-04538-1,193.2,0.66,12.7,1938.763,877.8,4679.0,Radial Velocity,2021
Kepler-483 b,Kepler-483,30.229104,0.19471,3.21,10.4,755.0,6346.0,Transit,2016
Kepler-398 b,Kepler-398,4.081423,0.044,0.93,0.749,755.0,4493.0,Transit,2014
Kepler-589 b,Kepler-589,16.54964934,0.1196,2.27,5.77,656.0,5296.0,Transit,2016
Kepler-1522 b,Kepler-1522,1.847889171,0.0288,1.73,3.64,1374.0,5706.0,Transit,2016
TOI-1238 b,TOI-1238,0.764597,0.0139,1.21,3.76,1133.0,4089.0,Transit,2022
Kepler-186 e,Kepler-186,22.407704,0.11,1.27,2.15,319.0,3788.0,Transit,2014
24 Sex c,24 Sex,883.0,2.08,13.9,273.32,377.31,5098.0,Radial Velocity,2010
HATS-61 b,HATS-61,7.817953,0.07908,13.394755,1080.622,1226.1,5542.0,Transit,2018
HD 121504 b,HD 121504,63.33,0.33,13.6,479.9233,523.32,6027.0,Radial Velocity,2003
HD 35843 b,HD 35843,9.8991,0.088,2.29,5.84,872.3,5666.0,Radial Velocity,2025
LP 714-47 b,LP 714-47,4.052037,0.0417,4.7,30.8,700.0,3950.0,Transit,2020
Kepler-801 b,Kepler-801,11.41928253,0.0795,2.0,4.66,419.0,4435.0,Transit,2016
Kepler-449 c,Kepler-449,33.6727,0.1979,2.764,8.07,661.0,5649.18,Transit,2015
TOI-2236 b,TOI-2236,3.5315902,0.05009,14.36991326,502.16888306,1688.0,6248.0,Transit,2022
HD 63454 b,HD 63454,2.81805,0.04,12.31,79.4575,1018.06,4812.0,Radial Velocity,2005
WISPIT 1 b,WISPIT 1,,338.0,12.4,3305.4154328,12.94,4670.0,Imaging,2025
Kepler-187 c,Kepler-187,10.640263,0.099,2.67,7.61,963.0,6105.0,Transit,2014
Kepler-1994 b,Kepler-1994,4.61225043,0.053,0.51,0.087,1032.0,5495.0,Transit,2023
HD 10442 b,HD 10442,1032.3,2.01,13.6,472.61321,234.49,4912.0,Radial Velocity,2014
K2-208 b,K2-208,4.19097,0.04878,1.67462172,3.45,1122.0,5500.0,Transit,2018
Kepler-752 b,Kepler-752,18.82747265,0.1353,2.81,8.3,632.0,5373.0,Transit,2016
Kepler-1760 b,Kepler-1760,38.3260994,0.2084,2.28995546,5.86,480.0,5229.0,Transit,2021
HATS-13 b,HATS-13,3.0440499,0.04057,13.585308,172.58169,1244.0,5523.0,Transit,2015
Kepler-1591 b,Kepler-1591,8.18504949,0.0794,1.27,2.15,892.0,6082.0,Transit,2016
Kepler-1057 b,Kepler-1057,14.08827448,0.1138,3.36,11.2,724.0,5987.0,Transit,2016
K2-111 b,K2-111,5.3518963,0.0565,1.837,5.35,1293.0,5775.0,Transit,2017
Kepler-1105 b,Kepler-1105,4.421572182,0.0471,2.01,4.7,729.0,4299.0,Transit,2016
Kepler-742 b,Kepler-742,8.360868238,0.0744,3.24,10.6,690.0,4642.0,Transit,2016
TOI-544 b,TOI-544,1.548352,0.0225,2.018,2.89,999.0,4169.0,Transit,2022
Kepler-1540 b,Kepler-1540,125.4131177,0.4426,2.49,6.76,266.0,4540.0,Transit,2016
Kepler-1095 b,Kepler-1095,4.27103091,0.0514,1.21,1.92,1108.0,5658.0,Transit,2016
HAT-P-28 b,HAT-P-28,3.257215,0.0434,13.585,198.953,1384.0,5680.0,Transit,2011
TOI-1232 c,TOI-1232,30.356,0.194,8.88,58.48042689,660.05,5823.0,Transit Timing Variations,2026
HD 105618 b,HD 105618,10.02245,0.091,5.44,25.42627256,1023.19,5671.0,Radial Velocity,2022
TOI-6080 b,TOI-6080,8.05562348084,,3.32424168,11.0,919.33,5775.46,Transit,2026
GJ 422 b,GJ 422,20.129,0.111,3.33,11.07,292.68,3323.0,Radial Velocity,2014
HD 48948 b,HD 48948,7.34013,0.0652,2.06,4.88,957.0,4593.0,Radial Velocity,2024
Kepler-1748 b,Kepler-1748,5.823520184,0.0615,2.71275017,7.81,955.0,5774.0,Transit,2021
Kepler-1347 b,Kepler-1347,14.00947528,0.104,1.03,1.08,617.0,5193.0,Transit,2016
HD 21693 b,HD 21693,22.6786,0.1455,2.8,8.23,656.39,5430.0,Radial Velocity,2019
Kepler-1383 b,Kepler-1383,13.9093583,0.11397,1.41,2.57,928.0,6370.0,Transit,2016
14 And b,14 And,186.76,0.775,13.1,1131.15130051,909.92,4888.0,Radial Velocity,2008
Kepler-1708 b,Kepler-1708,737.1131,1.64,9.96,1462.0106722,245.02,6157.0,Transit,2021
WASP-173 A b,WASP-173 A,1.38665318,0.0248,13.4508,1172.7927,1880.0,5800.0,Transit,2018
Kepler-800 b,Kepler-800,14.13176026,0.1106,2.85,8.5,675.0,5315.0,Transit,2016
HD 79498 b,HD 79498,1807.0,2.98,13.6,425.8922,164.53,5748.0,Radial Velocity,2011
HD 74156 c,HD 74156,2448.48726,3.678,12.5,2753.98314665,187.52,6068.0,Radial Velocity,2003
Kepler-654 b,Kepler-654,13.72465129,0.11664,2.07,4.94,831.0,5865.0,Transit,2016
WASP-192 b,WASP-192,2.8786765,0.0408,13.78707,731.009,1620.0,5910.0,Transit,2019
Kepler-788 b,Kepler-788,8.39846269,0.0835,2.55,7.04,984.0,6159.0,Transit,2016
Kepler-745 b,Kepler-745,9.93143556,0.0915,2.16,5.31,931.0,5849.0,Transit,2016
Kepler-203 c,Kepler-203,5.370647,0.061,2.47,749.9,1096.0,5821.0,Transit,2014
Kepler-864 b,Kepler-864,5.83376092,0.0687,2.4,6.35,1143.0,5754.0,Transit,2016
Kepler-618 b,Kepler-618,3.595769645,0.0449,2.6,7.27,1296.0,5860.0,Transit,2016
CoRoT-19 b,CoRoT-19,3.89713,0.0518,14.46,352.78,2000.0,6090.0,Transit,2011
TOI-782 b,TOI-782,8.0240015,0.0578,2.734,19.1,435.0,3370.0,Transit,2024
TOI-530 b,TOI-530,6.387597,0.052,9.30345398,127.1313628,565.0,3659.0,Transit,2021
Kepler-322 b,Kepler-322,1.653888,0.027,1.01,1.01,1373.0,5388.0,Transit,2014
Kepler-944 b,Kepler-944,43.3167737,0.2288,2.63,7.41,459.0,5409.0,Transit,2016
TOI-663 b,TOI-663,2.598902,0.0295,2.27,4.45,674.0,3681.0,Transit,2024
HATS-50 b,HATS-50,3.8297015,0.05046,12.66617,123.9537,1275.39,5990.0,Transit,2017
TOI-4308 b,TOI-4308,9.151201,,2.4189,6.43,763.05,5243.0,Transit,2023
WASP-175 b,WASP-175,3.0652907,0.04403,13.540472,314.6517,1571.0,6229.0,Transit,2019
HD 1605 c,HD 1605,2149.0,3.584,13.0,1150.5446,233.88,4915.0,Radial Velocity,2015
Kepler-1672 b,Kepler-1672,150.878,0.55374,2.97022762,9.11,423.0,6131.95,Transit,2020
TOI-6677 b,TOI-6677,5.45060661625,,5.83507112,28.7,334.0,6572.28,Transit,2026
tau Gem b,tau Gem,305.5,1.17,12.1,6547.0,1012.69,4388.0,Radial Velocity,2013
Kepler-211 c,Kepler-211,6.04045,0.062,1.29,18.3,841.0,5123.0,Transit,2014
Kepler-1134 b,Kepler-1134,17.13263989,0.1242,2.64,7.46,611.0,5281.0,Transit,2016
Kepler-1479 b,Kepler-1479,14.53261362,0.11341,1.83,4.01,746.0,5796.0,Transit,2016
HD 141937 b,HD 141937,662.37,1.54,12.4,3591.4609991,231.49,5870.0,Radial Velocity,2002
TOI-5489 b,TOI-5489,3.15222,,1.4,2.54,624.0,3547.0,Transit,2025
HD 112570 b,HD 112570,2615.0,3.9,13.1,1086.97315194,364.01,4750.0,Radial Velocity,2023
Kepler-336 b,Kepler-336,2.024823,0.033,1.02,1.04,1625.0,5867.0,Transit,2014
HD 99109 b,HD 99109,439.29999,1.11,14.3,139.8452,239.32,5282.0,Radial Velocity,2005
Kepler-1282 b,Kepler-1282,2.131946513,0.0335,1.55,3.02,1418.0,5504.0,Transit,2016
K2-35 b,K2-35,2.399964,0.031,1.32,2.3,979.0,4402.71,Transit,2016
TWA 7 b,TWA 7,,52.0,12.7,108.06165838,316.0,3509.0,Imaging,2025
K2-268 c,K2-268,9.327527,0.0819,2.69,7.7,696.0,5106.0,Transit,2018
HD 152581 b,HD 152581,686.5,1.66,13.4,594.02427,426.55,5027.0,Radial Velocity,2011
Kepler-194 b,Kepler-194,2.092281,0.032,1.51,2.89,1648.0,6089.0,Transit,2014
Kepler-157 d,Kepler-157,7.02573474,0.0706,1.46,2.73,969.0,5866.0,Transit,2016
Kepler-1371 b,Kepler-1371,3.4462039,0.04214,0.73,0.315,1015.0,5361.0,Transit,2016
Kepler-1104 b,Kepler-1104,5.03728015,0.06321,1.23,2.04,1321.0,6417.0,Transit,2016
Kepler-87 c,Kepler-87,191.2318,0.676,6.14,6.4,403.0,5600.0,Transit,2013
Kepler-74 b,Kepler-74,7.340711,0.0781,10.76,200.22,1078.0,6000.0,Transit,2013
TOI-4961 b,TOI-4961,7.479182,0.0726,12.34108775,572.0911326,919.0,5380.0,Transit,2025
LHS 3154 b,LHS 3154,3.71778,0.02262,3.69,13.15,343.83,2861.0,Radial Velocity,2023
Kepler-344 b,Kepler-344,21.963945,0.153,2.61,7.32,643.0,5774.0,Transit,2014
Kepler-1907 b,Kepler-1907,5.652450085,0.05444,0.86973029,0.589,856.0,5159.0,Transit,2021
Kepler-291 b,Kepler-291,3.546511,0.047,2.16,5.31,1212.0,6002.0,Transit,2014
TOI-2266 b,TOI-2266,2.326318,0.02,1.54,2.99,550.0,3200.0,Transit,2024
HAT-P-3 b,HAT-P-3,2.8997,0.03866,10.53646,206.5895,1189.0,5185.0,Transit,2007
Kepler-529 d,Kepler-529,35.86619949,0.2134,2.79502603,8.22,633.0,6078.0,Transit,2021
Kepler-299 e,Kepler-299,38.285489,0.22,1.87,4.16,534.0,5617.0,Transit,2014
Kepler-6 b,Kepler-6,3.2346996,0.04852,14.616536,212.31044,1460.0,5647.0,Transit,2009
Kepler-1265 b,Kepler-1265,6.49441289,0.0612,1.35,2.39,732.0,4630.0,Transit,2016
Kepler-296 d,Kepler-296,19.850291,0.118,2.09,5.02,403.0,3740.0,Transit,2014
TOI-4504 d,TOI-4504,40.5634,0.2219,13.6,450.23572136,521.86,5315.0,Transit Timing Variations,2024
Kepler-1497 b,Kepler-1497,8.74199772,0.0817,1.66,3.39,924.0,5675.0,Transit,2016
HD 183263 c,HD 183263,4667.97841,5.585,12.5,2958.98246917,134.6,5948.0,Radial Velocity,2008
TOI-1301.01,TOI-1301,6.096407209,0.059866,2.477,6.7,737.36,4820.0,Transit,2024
TOI-6383 A b,TOI-6383 A,1.79058695,0.02292,11.29,331.0,745.0,3444.0,Transit,2024
Kepler-373 b,Kepler-373,5.535309,0.06,1.36,2.42,1054.0,5787.0,Transit,2014
GJ 876 b,GJ 876,61.1166,0.208317,13.3,723.2235,190.6,3293.74,Radial Velocity,1998
TOI-564 b,TOI-564,1.651144,0.02734,11.43318,464.98529,1714.0,5640.0,Transit,2020
HD 331093 b,HD 331093,621.62,1.44,13.6,476.7426105,234.84,5544.0,Radial Velocity,2021
Kepler-58 d,Kepler-58,40.101371,0.236,2.94,245.343,583.0,6099.0,Transit,2014
HD 48265 c,HD 48265,10418.0,10.4,12.9,1414.33641115,124.28,5805.0,Radial Velocity,2026
NGTS-23 b,NGTS-23,4.0764326,0.0504,14.20177855,194.82881349,1327.0,6057.0,Transit,2022
Kepler-1461 b,Kepler-1461,29.3494775,0.1715,2.03,4.78,451.0,4919.0,Transit,2016
Kepler-122 e,Kepler-122,37.993273,0.227,2.6,27.7,618.0,6050.0,Transit,2014
HD 23596 b,HD 23596,1535.11912,2.694,12.4,3786.607641,219.49,6040.0,Radial Velocity,2003
Kepler-208 d,Kepler-208,11.131786,0.103,1.2,1.87,999.0,6092.0,Transit,2014
Kepler-1129 c,Kepler-1129,76.5369586,0.35367,2.73,7.9,503.0,5831.0,Transit,2016
HD 108874 b,HD 108874,394.48123,1.04,13.6,451.3186,271.33,5600.0,Radial Velocity,2002
HD 125271 b,HD 125271,14901.99295,10.817,12.4,3465.60094993,59.78,4703.93,Radial Velocity,2022
GPX-1 b,GPX-1,1.744579,0.0338,16.47720163,6261.2196179,2300.0,7000.0,Transit,2021
Kepler-489 b,Kepler-489,17.276296119,0.12109,7.72,46.1,538.0,5014.0,Transit,2016
Kepler-839 b,Kepler-839,37.8144514,0.2316,2.57,7.13,626.0,6058.0,Transit,2016
K2-259 b,K2-259,15.48043,0.1271,2.32,5.99,795.0,6059.0,Transit,2018
HD 171028 b,HD 171028,550.0,1.32,13.2,832.7146,374.07,5671.0,Radial Velocity,2007
NGTS-3 A b,NGTS-3 A,1.6753728,0.023,16.58932,756.4354,1434.44,5600.0,Transit,2018
TOI-6041 b,TOI-6041,26.04945,0.1651,4.55,28.9,605.6,5445.0,Transit,2025
HD 11506 c,HD 11506,223.92,0.771,14.0,127.1313628,374.44,6123.0,Radial Velocity,2008
Kepler-820 b,Kepler-820,127.8338098,0.56004,6.09,30.8,554.0,6260.0,Transit,2016
Kepler-416 c,Kepler-416,12.209,0.10454,2.352,6.13,791.0,5718.0,Transit Timing Variations,2014
HD 86065 b,HD 86065,25775.78859,15.947,12.5,2877.30056857,52.56,4927.56,Radial Velocity,2022
Kepler-861 b,Kepler-861,3.949631375,0.0463,2.28,5.82,966.0,5047.0,Transit,2016
HD 202206 c,HD 202206,1260.0,2.41,12.2,5689.157,182.65,5766.0,Radial Velocity,2004
K2-115 b,K2-115,20.2729914,0.1415,11.80305668,321.00669107,696.0,5870.0,Transit,2017
TOI-5573 b,TOI-5573,8.79758977,0.0712,9.75,112.0,528.0,3790.0,Transit,2025
HD 13931 b,HD 13931,4218.0,5.15,13.2,889.9195396,139.38,5867.0,Radial Velocity,2009
Kepler-1785 b,Kepler-1785,19.58550072,0.13917,2.70422447,7.77,666.0,5618.0,Transit,2021
HIP 19976 b,HIP 19976,50.65905,0.234,4.94,21.61233168,378.1,4316.0,Radial Velocity,2022
Kepler-1216 b,Kepler-1216,4.37034536,0.0519,1.39,2.51,1191.0,5743.0,Transit,2016
Kepler-1301 b,Kepler-1301,9.08237046,0.0815,1.4,2.54,734.0,5188.0,Transit,2016
K2-350 c,K2-350,19.991944,,2.74,7.95,687.0,5789.0,Transit,2016
Kepler-755 b,Kepler-755,1.269090374,0.02156,1.76,3.75,1331.0,5043.0,Transit,2016
Kepler-125 c,Kepler-125,5.774464,0.051,0.74,0.33,529.0,3810.0,Transit,2014
HD 73583 b,HD 73583,6.398042,0.0604,2.79,10.2,714.0,4511.0,Transit,2022
HD 18599 b,HD 18599,4.1374354,0.048,2.6,24.1,863.0,5145.0,Transit,2022
K2-73 c,K2-73,1000.0,,13.0,1142.0,186.1,5867.0,Radial Velocity,2025
TOI-2654 b,TOI-2654,2.96760425926,,7.94454164,48.4,819.0,4594.08,Transit,2026
Kepler-1552 b,Kepler-1552,184.771853,0.6011,2.47,6.66,268.0,5202.0,Transit,2016
HD 33142 d,HD 33142,89.9,0.452,9.32,63.5656814,736.04,5025.4,Radial Velocity,2022
2MASS J03590986+2009361 b,2MASS J03590986+2009361,,572.0,12.2,5720.911326,2369.0,2943.0,Imaging,2024
HD 24040 c,HD 24040,515.4,1.3,9.35,63.88350981,287.75,5776.49,Radial Velocity,2021
Kepler-1875 b,Kepler-1875,34.45859909,0.2039,3.22686692,10.5,559.0,6161.0,Transit,2021
Kepler-1642 b,Kepler-1642,12.2057513,0.1016,3.2,10.3,895.0,5355.0,Transit,2016
Kepler-653 b,Kepler-653,14.70748976,0.11945,1.95,4.46,819.0,5665.0,Transit,2016
TOI-4184 b,TOI-4184,4.9019804,0.0336,2.43,6.48,412.0,3238.0,Transit,2023
TOI-1230.01,TOI-1230,25.05713123288,,3.23968384,10.6,688.61,5696.0,Transit,2021
LSPM J2116+0234 b,LSPM J2116+0234,14.4399,0.0876,3.71,13.3,371.68,3475.0,Radial Velocity,2019
BD+20 274 b,BD+20 274,578.2,1.3,13.0,1334.886,755.7,4296.0,Radial Velocity,2012
Kepler-345 c,Kepler-345,9.387427,0.077,1.2,2.2,575.0,4504.0,Transit,2014
Kepler-481 b,Kepler-481,10.06082567,0.08926,2.5,6.8,899.0,5802.0,Transit,2016
HAT-P-35 b,HAT-P-35,3.646706,0.04978,14.930388,335.62848,1581.0,6096.0,Transit,2011
Kepler-22 b,Kepler-22,289.863876,0.812,2.1,9.1,279.0,5596.0,Transit,2011
TOI-2589 b,TOI-2589,61.6277,0.3,12.10569916,1112.3994245,592.0,5579.0,Transit,2023
HD 154088 b,HD 154088,18.56,0.134,2.46,6.6,689.99,5374.0,Radial Velocity,2021
Kepler-148 d,Kepler-148,51.84688575,0.2607,8.68,56.3,413.0,5172.0,Transit,2016
Kepler-343 c,Kepler-343,23.22182,0.167,2.02,4.74,746.0,5807.0,Transit,2014
Kepler-304 e,Kepler-304,1.499146953,0.02317,1.2,1.87,1137.0,4817.0,Transit,2016
Kepler-84 e,Kepler-84,27.434389,0.181,2.6,7.27,672.0,6031.0,Transit,2014
HD 137496 b,HD 137496,1.62116,0.02732,1.31,4.04,2130.0,5799.0,Transit,2021
CoRoT-9 b,CoRoT-9,95.272656,0.4021,11.948794,266.9772,420.0,5625.0,Transit,2009
Kepler-1526 b,Kepler-1526,3.908632005,0.0418,2.43,6.48,787.0,4601.0,Transit,2016
KOI-3503 b,KOI-3503,21.185,0.14247,1.19,9.2,785.0,6001.0,Transit,2021
WASP-182 b,WASP-182,3.3769848,0.0451,9.52765,47.03884,1479.0,5638.0,Transit,2019
Kepler-529 c,Kepler-529,12.8345022,0.1075,2.0,4.66,891.0,6087.0,Transit,2016
Kepler-49 c,Kepler-49,10.91,0.07821,2.444,8.38,443.0,4095.6,Transit,2012
Kepler-1424 b,Kepler-1424,29.6091744,0.19068,1.16,1.65,629.0,5838.0,Transit,2016
Kepler-1534 b,Kepler-1534,5.71668872,0.0599,1.89,4.23,955.0,5442.0,Transit,2016
CoRoT-23 b,CoRoT-23,3.6313,0.048,11.77,889.9,1660.0,5900.0,Transit,2011
K2-11 b,K2-11,39.93767,0.2257,7.55,44.4,734.0,5433.0,Transit,2015
TOI-3629 b,TOI-3629,3.936551,0.043,8.29464572,82.63538582,690.0,3870.0,Transit,2022
HD 31527 d,HD 31527,271.6737,0.8098,3.46,11.82,327.48,5898.0,Radial Velocity,2019
Kepler-126 c,Kepler-126,21.869741,0.162,1.58,1.27942148,790.0,6239.0,Transit,2014
Kepler-1349 b,Kepler-1349,2.12823928,0.03421,0.7,0.271,1668.0,6086.0,Transit,2016
Kepler-48 f,Kepler-48,5219.681854,5.719187877,13.8,298.5809968,95.68,5190.0,Radial Velocity,2023
XO-4 b,XO-4,4.12508,0.05524,14.01125,451.3186,1630.0,6397.0,Transit,2010
Kepler-304 d,Kepler-304,9.653471,0.08,2.75,8.0,611.0,4731.0,Transit,2014
TOI-1470 b,TOI-1470,2.527093,0.0285,2.18,7.32,734.0,3709.0,Transit,2023
HD 75289 b,HD 75289,3.50927,0.05,14.2,155.7367,1260.0,6117.0,Radial Velocity,1999
HD 204941 b,HD 204941,1733.0,2.55,10.1,73.1009,134.04,5026.0,Radial Velocity,2011
Kepler-394 d,Kepler-394,5.613580227,0.05904,1.50066814,2.86,1165.0,6398.0,Transit,2021
Kepler-1969 b,Kepler-1969,6.647520065,0.0717,1.68161001,3.47,999.0,6046.0,Transit,2021
Kepler-1750 b,Kepler-1750,205.9120026,0.6785,6.00434637,30.1,298.0,5644.0,Transit,2021
HD 68988 b,HD 68988,6.27711,0.07,13.4,626.1251,1179.39,5932.0,Radial Velocity,2001
Kepler-655 b,Kepler-655,46.4063358,0.25697,2.71,7.8,588.0,6170.0,Transit,2016
HD 4113 b,HD 4113,526.5239,1.28,13.5,541.26177712,251.65,5688.0,Radial Velocity,2007
Kepler-426 b,Kepler-426,3.21751883,0.0414,12.22,108.06,1300.0,5725.0,Transit,2014
K2-331 c,K2-331,22.996591,,2.72,7.85,673.0,5994.0,Transit,2021
HD 168863 b,HD 168863,14773.93272,10.961,12.7,2154.87659946,63.01,4905.0,Radial Velocity,2022
BD+60 1417 b,BD+60 1417,,1662.0,14.68376472,4767.426105,1303.0,4993.0,Imaging,2021
Kepler-552 b,Kepler-552,5.263415765,0.0612,3.95,14.8,1103.0,5863.0,Transit,2016
HD 34445 e,HD 34445,49.175,0.2687,4.26,16.8,637.76,5836.0,Radial Velocity,2017
WISPIT 1 c,WISPIT 1,,840.0,12.8,1684.4905571,8.21,4670.0,Imaging,2025
Kepler-1584 b,Kepler-1584,13.3997099,0.1168,1.61,3.22,886.0,6069.0,Transit,2016
Kepler-1542 c,Kepler-1542,2.89223021,0.0387,0.65,0.208,1287.0,5564.0,Transit,2016
Kepler-1568 b,Kepler-1568,20.925392,0.15157,1.3,2.24,729.0,5956.0,Transit,2016
TOI-2719 b,TOI-2719,3.37594,,5.98,29.9,1710.0,5762.0,Transit,2025
GJ 680 b,GJ 680,17281.66514,10.138,12.0,7977.4930157,36.57,3563.0,Radial Velocity,2022
YZ Cet b,YZ Cet,2.02087,0.01634,0.913,0.7,471.2,3151.0,Radial Velocity,2017
HD 164922 b,HD 164922,1207.0,2.16,13.3,116.0,159.4,5390.0,Radial Velocity,2005
HATS-23 b,HATS-23,2.1605156,0.03397,20.84874,467.2101,1654.0,5780.0,Transit,2017
HD 73267 c,HD 73267,17071.78045,12.688,12.8,1630.77755632,69.53,5387.0,Radial Velocity,2022
TOI-4487 A b,TOI-4487 A,3.9540709,0.05448,14.60530185,397.28550875,1639.0,6206.0,Transit,2025
Wendelstein-1 b,Wendelstein-1,2.663416,0.0282,11.5609626,188.15536,2198.0,4251.0,Transit,2020
TOI-2485 b,TOI-2485,11.23479,0.1093,12.1393261,766.60211768,1134.0,6016.4,Transit,2024
HD 28678 b,HD 28678,380.2,1.18,13.5,490.09386,561.84,4972.0,Radial Velocity,2011
TOI-4511 b,TOI-4511,10.98090968596,,2.75304932,8.01,1542.0,5418.77,Transit,2026
HD 29399 b,HD 29399,892.7,1.913,13.5,498.99059899,358.32,4845.0,Radial Velocity,2022
WASP-1 b,WASP-1,2.5199454,0.03889,16.623,271.415,1812.0,6110.0,Transit,2007
Kepler-342 d,Kepler-342,39.459357,0.242,2.49,6.76,658.0,6175.0,Transit,2014
Kepler-712 b,Kepler-712,21.02247699,0.13615,3.41,11.5,521.0,5148.0,Transit,2016
HD 46375 b,HD 46375,3.023573,0.0398,10.0,71.8,1221.4,5285.0,Radial Velocity,2000
HATS-7 b,HATS-7,3.185315,0.04012,6.310667,38.1396,1084.0,4985.0,Transit,2015
KOI-351 f,KOI-351,124.9144,0.48,2.88,8.65,407.0,6080.0,Transit,2013
Kepler-1615 b,Kepler-1615,47.3126192,0.2788,2.06,4.9,658.0,5865.0,Transit,2016
HD 59686 A b,HD 59686 A,299.36,1.086,12.7,2199.3836,783.08,4658.0,Radial Velocity,2016
TOI-4551 b,TOI-4551,9.95581,0.0994,11.85910158,473.56432643,1655.0,4896.0,Transit,2023
Kepler-542 b,Kepler-542,13.14497566,0.10703,1.57,3.09,698.0,5526.0,Transit,2016
HD 23472 c,HD 23472,29.79749,0.1646,1.87,3.41,467.0,4684.0,Transit,2019
WASP-41 b,WASP-41,3.0524,0.04022,12.3299,270.1555,1244.0,5545.0,Transit,2011
Kepler-327 d,Kepler-327,13.969457,0.09,1.73,3.64,387.0,3799.0,Transit,2014
Kepler-798 b,Kepler-798,13.71933369,0.1174,2.39,6.3,864.0,6224.0,Transit,2016
Kepler-1754 b,Kepler-1754,8.195949554,0.0718,2.43996509,6.53,672.0,4723.0,Transit,2021
TIC 4672985 b,TIC 4672985,69.048,0.33,11.5004142,4049.13390518,517.2,5757.0,Transit,2024
Kepler-172 b,Kepler-172,2.940309,0.04,2.35,6.12,1256.0,5526.0,Transit,2014
HATS-45 b,HATS-45,4.1876244,0.05511,14.414774,222.481,1518.0,6450.0,Transit,2018
Kepler-217 d,Kepler-217,3.88689525,0.0534,1.32,2.3,1574.0,6341.0,Transit,2016
HD 183263 b,HD 183263,624.87404,1.46,13.1,1103.1824007,263.26,5948.0,Radial Velocity,2004
TOI-2094 b,TOI-2094,18.793193,0.136,1.9,4.27,276.0,3435.0,Transit,2026
Kepler-1412 b,Kepler-1412,3.6146051,0.04608,0.83,0.498,1397.0,5880.0,Transit,2016
Kepler-183 c,Kepler-183,11.637071,0.103,2.27,35.7,857.0,5888.0,Transit,2014
Kepler-1311 c,Kepler-1311,2.53573424,0.03753,1.22,1.98,1671.0,5748.0,Transit,2016
Kepler-305 d,Kepler-305,16.74,0.12091,2.76,6.2,576.0,5090.0,Transit,2014
Kepler-659 b,Kepler-659,17.671796,0.1204,2.5,6.8,513.0,4870.0,Transit,2016
Kepler-1514 b,Kepler-1514,217.83184,0.753,12.419572,1678.1424,387.9,6145.0,Transit,2016
Kepler-1222 b,Kepler-1222,1.916944254,0.02801,0.79,0.418,1246.0,5239.0,Transit,2016
Kepler-186 d,Kepler-186,13.342996,0.0781,1.4,2.54,379.0,3788.0,Transit,2014
Kepler-310 c,Kepler-310,56.47542,0.281,3.38,11.4,417.0,5797.0,Transit,2014
HD 40956 b,HD 40956,578.6,1.4,13.2,858.141,580.56,4869.0,Radial Velocity,2017
K2-152 b,K2-152,32.6479,0.1716,2.29,5.86,337.0,4044.0,Transit,2018
HIP 5158 c,HIP 5158,9017.76,7.7,12.2,4780.1632,72.63,4813.0,Radial Velocity,2011
TOI-3321 b,TOI-3321,3.6525145,0.047,15.55806521,176.07693748,1616.0,5850.0,Transit,2024
Kepler-36 c,Kepler-36,16.21865,0.12692,3.679,7.13,928.0,5979.0,Transit,2012
TOI-4495 c,TOI-4495,5.18553,0.06323,4.03,23.2,1365.0,6210.0,Transit,2024
bet Cnc b,bet Cnc,605.2,1.7,12.6,2479.0,1039.74,4092.1,Radial Velocity,2014
HATS-60 b,HATS-60,3.560829,0.04708,12.923977,210.40346,1528.0,5688.0,Transit,2018
Kepler-1413 b,Kepler-1413,13.1829642,0.1066,1.82,3.97,661.0,5196.0,Transit,2016
TAP 26 b,TAP 26,10.79,0.0968,13.5,527.5978,774.52,4620.0,Radial Velocity,2017
Kepler-939 b,Kepler-939,14.878296,0.1153,1.75,3.71,692.0,5471.0,Transit,2016
Kepler-1868 b,Kepler-1868,211.0339966,0.62348,3.14950109,10.1,215.0,4658.0,Transit,2021
Kepler-898 b,Kepler-898,5.8706191,0.0545,1.49,2.83,616.0,4223.0,Transit,2016
Kepler-868 b,Kepler-868,5.03251791,0.0575,2.05,4.86,1047.0,5614.0,Transit,2016
HD 189567 b,HD 189567,14.288,0.111,2.85,8.5,845.16,5726.0,Radial Velocity,2021
Wolf 503 b,Wolf 503,6.00127,0.05706,2.043,6.26,790.0,4716.0,Transit,2018
Kepler-1291 b,Kepler-1291,8.63043276,0.0779,1.66,3.39,739.0,5216.0,Transit,2016
K2-113 b,K2-113,5.817685,0.0642,12.14,410.0007,1098.0,5660.0,Transit,2017
Kepler-153 b,Kepler-153,18.870227,0.129,2.92,8.85,621.0,5404.0,Transit,2014
HIP 54597 b,HIP 54597,3274.0,4.0,13.3,762.7881768,94.0,4799.0,Radial Velocity,2023
Kepler-334 b,Kepler-334,5.470319,0.061,1.12,1.46,1090.0,5828.0,Transit,2014
Kepler-139 c,Kepler-139,157.072878,0.586,3.38,13.0,350.0,5594.0,Transit,2014
HD 97037 b,HD 97037,6449.08337,6.925,12.1,6707.76852973,120.99,5874.1,Radial Velocity,2022
Kepler-1420 b,Kepler-1420,6.69960006,0.0671,1.28,2.18,806.0,5187.0,Transit,2016
TOI-615 b,TOI-615,4.6615983,0.0678,18.97680433,138.25535705,1666.0,6850.0,Transit,2023
Kepler-248 b,Kepler-248,6.308205,0.066,3.02,9.38,819.0,5190.0,Transit,2014
Kepler-295 d,Kepler-295,33.884054,0.192,1.36,2.42,533.0,5603.0,Transit,2014
Kepler-641 b,Kepler-641,9.48961571,0.0895,1.85,4.08,926.0,5713.0,Transit,2016
HD 164595 b,HD 164595,40.0,0.23,4.16,16.14,589.0,5790.0,Radial Velocity,2015
K2-352 b,K2-352,3.665912,,1.37,2.45,1160.0,5791.0,Transit,2021
Kepler-495 c,Kepler-495,5.896609783,0.0614,1.21936414,1.98,1000.0,5392.0,Transit,2021
Kepler-303 c,Kepler-303,7.061149,0.057,1.14,1.55,521.0,3944.0,Transit,2014
WASP-99 b,WASP-99,5.75251,0.0717,11.43318,772.3269,1480.0,6150.0,Transit,2014
HD 73583 c,HD 73583,18.87974,0.1242,2.39,9.7,498.0,4511.0,Transit,2022
Kepler-381 b,Kepler-381,5.629021,0.066,0.99,0.937,1576.0,6152.0,Transit,2014
Kepler-276 b,Kepler-276,14.12841,0.119,2.87,731.209,739.0,6105.0,Transit,2014
TOI-2992 b,TOI-2992,3.007812,0.0434,13.75341932,1058.36859531,1726.0,6000.0,Transit,2025
WASP-97 b,WASP-97,2.07276,0.03303,12.77826,432.2488,1555.0,5640.0,Transit,2014
GJ 514 b,GJ 514,140.43,0.422,2.13,5.2,202.0,3728.0,Radial Velocity,2022
Kepler-447 b,Kepler-447,7.79430132,0.0769,18.49,435.41,882.0,5493.0,Transit,2015
TOI-1346 c,TOI-1346,5.502558,,2.23,5.6,928.0,5099.0,Transit,2025
GJ 3323 b,GJ 3323,5.3636,0.03282,1.23,2.02,290.06,3159.0,Radial Velocity,2017
HD 284149 AB b,HD 284149 A,,431.16,12.0,8352.53053596,2395.0,6035.0,Imaging,2017
HD 75784 c,HD 75784,7900.0,8.4,12.8,1792.5612,149.31,4867.0,Radial Velocity,2018
Kepler-1959 b,Kepler-1959,6.38669014,0.0617,1.14315727,1.57,811.0,5071.0,Transit,2021
HAT-P-44 b,HAT-P-44,4.301219,0.0507,13.922,111.871,1108.0,5295.0,Transit,2014
Kepler-201 c,Kepler-201,151.884058,0.573,2.85,8.5,378.0,6065.0,Transit,2014
Kepler-1050 c,Kepler-1050,21.1284569,0.15264,1.48,2.79,935.0,6010.0,Transit,2016
HD 94834 b,HD 94834,1576.0,2.74,13.7,400.4658,286.45,4798.0,Radial Velocity,2018
81 Cet b,81 Cet,1005.57,2.104,13.1,1051.05854195,526.92,4734.0,Radial Velocity,2008
Kepler-536 b,Kepler-536,1.827082299,0.02835,3.1,9.8,1877.0,5524.0,Transit,2016
K2-155 c,K2-155,13.85,0.0946,2.6,7.27,583.0,4258.0,Transit,2018
TOI-2200 b,TOI-2200,2.93602836512,,6.96310517,38.7,1147.0,5036.17,Transit,2026
TOI-1233.01,HD 108236,14.175685,0.1074,2.539,6.98,708.0,5660.0,Transit,2021
K2-58 b,K2-58,7.05254,0.0692,2.68,7.65,920.17,5413.0,Transit,2016
Kepler-1361 b,Kepler-1361,3.57554956,0.04304,0.86,0.566,1061.0,5131.0,Transit,2016
K2-136 c,K2-136,17.30723,0.1185,3.0,18.1,470.0,4500.0,Transit,2017
HD 220773 b,HD 220773,3724.7,4.94,13.6,460.8,167.02,5940.0,Radial Velocity,2011
Kepler-736 b,Kepler-736,3.60147201,0.0428,2.93,8.91,996.0,5217.0,Transit,2016
Kepler-1927 b,Kepler-1927,73.75039673,0.38733,3.40627075,11.5,677.0,6056.0,Transit,2021
HD 48265 b,HD 48265,778.51,1.814,12.6,2351.9302118,283.0,5733.0,Radial Velocity,2008
BD-11 4672 b,BD-11 4672,1634.0,2.36,14.1,206.5895,114.17,4550.0,Radial Velocity,2014
Kepler-1318 b,Kepler-1318,213.257663,0.6085,3.11,9.85,202.0,4598.0,Transit,2016
TOI-5344 b,TOI-5344,3.792622,0.04041,10.60369574,130.94530368,689.0,3747.0,Transit,2023
61 Vir c,61 Vir,38.021,0.2175,4.46,18.2,565.87,5577.0,Radial Velocity,2009
WASP-113 b,WASP-113,4.54216874538,0.05885,15.793481,150.96925,1496.0,5890.0,Transit,2016
Kepler-102 f,Kepler-102,27.453592,0.1656,0.861,4.3,495.0,4909.0,Transit,2014
Kepler-223 d,Kepler-223,14.78869,0.11956,5.24,8.0,827.0,5803.0,Transit,2014
Kepler-683 b,Kepler-683,2.539183179,0.0355,1.97,4.54,1332.0,5703.0,Transit,2016
Kepler-1977 b,Kepler-1977,4.53702121,0.0486,1.66,3.39,798.0,4805.0,Transit,2023
WASP-28 b,WASP-28,3.40883495,0.0442,13.66374747,282.54945382,1456.0,6084.0,Transit,2014
Kepler-1741 b,Kepler-1741,2.757590055,0.0296,1.273,2.16,615.0,3683.0,Transit,2021
HATS-10 b,HATS-10,3.312846,0.04491,10.861521,167.17858,1407.0,5880.0,Transit,2015
Kepler-272 d,Kepler-272,10.937304,0.091,2.25,5.69,777.0,5297.0,Transit,2014
TOI-244 b,TOI-244,7.397225,0.0559,1.52,2.68,458.0,3433.0,Transit,2023
Kepler-1138 b,Kepler-1138,3.17060005,0.0415,1.7,3.53,1080.0,5582.0,Transit,2016
TOI-1736 b,TOI-1736,7.073076,0.073,3.18175535,12.3,1099.79,5636.0,Transit,2023
HD 184010 c,HD 184010,484.3,1.334,11.8,95.3485221,457.53,4971.0,Radial Velocity,2022
WASP-2 b,WASP-2,2.152175,0.03144,12.116929,295.89973,1311.0,5180.0,Transit,2007
Kepler-814 b,Kepler-814,6.1469851,0.0695,2.12,5.14,1164.0,6162.0,Transit,2016
HD 102272 b,HD 102272,127.58,0.51,12.9,1570.0802,1038.01,4790.0,Radial Velocity,2008
WASP-46 b,WASP-46,1.43036763,0.02335,13.159366,607.0553,1636.0,5600.0,Transit,2011
Kepler-5 b,Kepler-5,3.5484657,0.0538,15.984034,670.93913,1750.0,6297.0,Transit,2009
TOI-2714 b,TOI-2714,2.499387,0.036,13.72,228.0,1603.0,5665.0,Transit,2024
Kepler-595 c,Kepler-595,12.38602,0.0983,1.009,3.3,679.0,5138.5,Transit,2020
HD 137496 c,HD 137496,479.9,1.2163,12.6,2434.56559762,370.0,5799.0,Radial Velocity,2021
Kepler-419 b,Kepler-419,69.7546,0.37,10.8,794.5,613.0,6430.0,Transit,2014
Kepler-656 b,Kepler-656,1.260259094,0.02231,3.12,9.91,1569.0,5281.0,Transit,2016
Kepler-555 b,Kepler-555,16.21775407,0.1201,2.83,8.4,664.0,5894.0,Transit,2016
Kepler-1435 b,Kepler-1435,4.45343281,0.05456,0.86,0.566,1331.0,6356.0,Transit,2016
Kepler-418 b,Kepler-418,86.67856,0.39249,13.45,349.6112477,434.0,5820.0,Transit,2014
HIP 21152 b,HIP 21152,22000.0,17.0,12.0,7627.881768,1300.0,6655.0,Imaging,2022
TOI-6695 b,TOI-6695,80.389,0.402,9.52763359,66.74396547,599.0,6400.0,Transit,2025
HD 81688 b,HD 81688,183.93,0.648,13.5,525.68818518,958.66,4797.0,Radial Velocity,2007
Kepler-24 e,Kepler-24,18.998355,0.138,2.78,26.2118,792.0,5897.0,Transit,2014
Kepler-902 b,Kepler-902,40.1099547,0.223,2.54,6.99,556.0,5647.0,Transit,2016
Kepler-1350 c,Kepler-1350,1.766789062,0.0222,1.73,3.64,730.0,3827.0,Transit,2016
GJ 3998 b,GJ 3998,2.65033,0.03,1.39,2.5,733.5,3726.0,Radial Velocity,2016
Kepler-751 b,Kepler-751,17.44490636,0.1263,2.46,6.62,679.0,5387.0,Transit,2016
TOI-2525 b,TOI-2525,23.2856,0.1511,8.67575106,26.69758619,512.97,5096.0,Transit,2023
Kepler-1300 b,Kepler-1300,22.2419092,0.16005,1.37,2.45,954.0,6130.0,Transit,2016
Kepler-1771 b,Kepler-1771,88.64399719,0.3815,4.05537256,15.5,391.0,5661.0,Transit,2021
HD 5583 b,HD 5583,139.35,0.53,12.8,1837.0574,964.55,4830.0,Radial Velocity,2016
TOI-5110 b,TOI-5110,30.158577,0.2157,11.98240037,921.7023803,976.0,6160.0,Transit,2024
WASP-37 b,WASP-37,3.577469,0.0446,13.002,572.07,1232.5,5800.0,Transit,2010
KOI-134 b,KOI-134,67.1277,0.363,12.03844527,346.43296363,659.0,6160.0,Transit,2025
Kepler-590 b,Kepler-590,5.85296257,0.0647,4.02,15.2,1056.0,6000.0,Transit,2016
Kepler-293 c,Kepler-293,54.155743,0.286,3.83,14.0,466.0,5804.0,Transit,2014
HAT-P-40 b,HAT-P-40,4.45724,0.0608,17.03768,152.5584,1770.0,6080.0,Transit,2012
Kepler-610 b,Kepler-610,6.996926554,0.0719,4.19,16.3,888.0,5943.0,Transit,2016
XO-2 S d,XO-2 S,4696.0,5.46,13.0,1179.14338997,110.98,5325.0,Radial Velocity,2024
HD 128717 b,HD 128717,3420.0,4.85,12.1,6293.0024586,151.9,6210.0,Astrometry,2025
Kepler-1796 b,Kepler-1796,29.4557991,0.1879,2.75047868,8.0,598.0,6036.0,Transit,2021
G 261-6 b,G 261-6,5.4536,0.02971,1.1,1.37,322.3,2907.0,Radial Velocity,2025
Kepler-1367 b,Kepler-1367,1.574090272,0.0236,0.92,0.721,998.0,4106.0,Transit,2016
K2-290 c,K2-290,48.36685,0.305,11.276254,246.00042,676.0,6302.0,Transit,2019
HD 11755 b,HD 11755,433.70001,1.09,12.8,1789.3829,903.49,4312.0,Radial Velocity,2015
YZ Cet c,YZ Cet,3.05989,0.02156,1.05,1.14,410.3,3151.0,Radial Velocity,2017
AF Lep b,AF Lep,8905.0,8.996,13.0,1147.36054927,1400.0,6140.0,Imaging,2023
Kepler-669 b,Kepler-669,4.125546869,0.0529,4.83,20.8,1243.0,6038.0,Transit,2016
HIP 111909 b,HIP 111909,487.08,1.32,13.7,384.57237247,436.91,4891.0,Radial Velocity,2025
KOI-351 c,KOI-351,8.719375,0.089,1.19,1.81,987.0,6080.0,Transit,2013
TOI-5159 b,TOI-5159,5.83639428843,,1.54732112,3.01,866.29,5156.16,Transit,2026
HD 109271 c,HD 109271,30.93,0.196,5.27,24.154,716.68,5783.0,Radial Velocity,2013
Kepler-292 d,Kepler-292,7.055679,0.068,2.23,5.6,808.0,5299.0,Transit,2014
Kepler-1297 b,Kepler-1297,1.68189002,0.0283,0.97,0.871,1790.0,5818.0,Transit,2016
HD 126525 b,HD 126525,960.41,1.837,10.3,75.32571,198.47,5638.0,Radial Velocity,2018
GJ 682 b,GJ 682,17.478,0.08,1.93,4.4,281.93,3028.0,Radial Velocity,2014
Kepler-1857 b,Kepler-1857,8.94340992,0.08308,1.96065412,4.5,946.0,6074.0,Transit,2021
Kepler-242 c,Kepler-242,14.496481,0.109,2.0,4.66,613.0,5020.0,Transit,2014
K2-132 b,K2-132,9.1751,0.0916,14.5717,155.7367,1586.0,4840.0,Transit,2017
HD 217786 b,HD 217786,1301.36009,2.446,12.3,4402.55909376,207.3,5966.0,Radial Velocity,2011
OGLE-TR-132 b,OGLE-TR-132,1.689868,0.03035,13.45,375.02,2013.0,6210.0,Transit,2004
Kepler-1251 b,Kepler-1251,45.0904643,0.2478,1.84,4.04,487.0,5545.0,Transit,2016
K2-89 b,K2-89,1.096026,0.01462,0.615,0.17,830.07,3691.0,Transit,2016
HATS-43 b,HATS-43,4.3888497,0.04944,13.22662,82.95363,1003.0,5099.0,Transit,2018
Kepler-1130 b,Kepler-1130,5.45298175,0.05963,0.8,0.437,904.0,5403.0,Transit,2016
Kepler-1399 b,Kepler-1399,1.638653058,0.0276,1.25,2.1,1610.0,5735.0,Transit,2016
Kepler-517 b,Kepler-517,60.92832271,0.28682,2.67,7.61,467.0,5690.0,Transit,2016
Kepler-783 c,Kepler-783,7.05395,0.06903,2.33153725,6.04,840.0,5411.49,Transit,2020
Kepler-174 b,Kepler-174,13.98179,0.1,1.96,4.5,553.0,4880.0,Transit,2014
Kepler-758 b,Kepler-758,12.1097104,0.10754,2.48,6.71,1005.0,6228.0,Transit,2016
Kepler-539 c,Kepler-539,1000.0,2.42,13.3,762.792,253.0,5820.0,Transit Timing Variations,2016
Kepler-1487 b,Kepler-1487,7.31946363,0.0898,2.13,5.18,1682.0,6541.0,Transit,2016
Kepler-178 b,Kepler-178,9.576694,0.085,2.9,8.75,846.0,5676.0,Transit,2014
TOI-532 b,TOI-532,2.3266508,0.0296,5.82,61.5,867.0,3927.0,Transit,2021
GJ 1148 c,GJ 1148,532.58,0.912,9.71,68.06,99.38,3287.0,Radial Velocity,2017
TOI-5916 b,TOI-5916,2.367128,0.0262,11.35469745,226.61165419,683.0,3613.0,Transit,2026
Kepler-647 b,Kepler-647,16.2254649,0.12237,1.17,1.71,788.0,6020.0,Transit,2016
Kepler-302 b,Kepler-302,30.184104,0.193,4.06,15.5,634.0,5740.0,Transit,2014
Kepler-897 b,Kepler-897,8.0472642,0.077,2.39,6.3,855.0,5839.0,Transit,2016
TOI-2092 b,TOI-2092,4.30325528074,,2.94892961,9.0,1042.0,5842.06,Transit,2026
HD 136352 d,HD 136352,107.245,0.425,2.562,8.82,431.0,5664.0,Radial Velocity,2019
Kepler-1559 b,Kepler-1559,0.971915428,0.01835,0.72,0.299,1609.0,5316.0,Transit,2016
Kepler-815 b,Kepler-815,8.57503552,0.09473,4.11,15.8,1374.0,5028.0,Transit,2016
Kepler-1604 b,Kepler-1604,0.683684256,0.01406,1.41,2.57,2023.0,4976.0,Transit,2016
Kepler-435 b,Kepler-435,8.6001536,0.0948,22.31,266.97,1729.0,6161.0,Transit,2015
HD 22496 b,HD 22496,5.09071,0.051,2.22,5.57,573.0,4385.0,Radial Velocity,2021
HD 191939 d,HD 191939,38.353037,0.2132,2.995,2.8,540.0,5348.0,Transit,2020
HD 128311 c,HD 128311,921.538,1.74,13.0,1204.25787,158.23,4965.0,Radial Velocity,2005
Kepler-1954 b,Kepler-1954,5.883430004,0.0625,1.80235934,3.9,949.0,5840.0,Transit,2021
HD 564 b,HD 564,492.3,1.2,12.5,104.88,261.1,5902.0,Radial Velocity,2014
Kepler-1283 b,Kepler-1283,12.9460978,0.1062,1.91,4.31,764.0,6175.0,Transit,2016
Kepler-1702 b,Kepler-1702,18.5012,0.1275,1.60190793,3.2,555.0,5093.0,Transit,2020
Kepler-26 e,Kepler-26,46.827915,0.22,2.41,6.39,276.0,4486.0,Transit,2014
Kepler-366 c,Kepler-366,12.51616,0.11,1.79,3.86,848.0,6209.0,Transit,2014
K2-204 b,K2-204,7.055908,0.0738,3.17214154,10.2,1148.0,5783.0,Transit,2018
Kepler-1899 b,Kepler-1899,4.095779896,0.0457,1.55098292,3.02,851.0,4791.0,Transit,2021
Kepler-11 c,Kepler-11,13.0241,0.107,2.87,2.9,786.0,5663.0,Transit,2010
Kepler-57 b,Kepler-57,5.72,0.05988,3.135,25.06,850.0,5187.9,Transit,2012
Kepler-359 b,Kepler-359,25.563222,0.178,3.53,12.2,671.0,6248.0,Transit,2014
K2-233 d,K2-233,24.3681,0.1516,2.363,10.3,525.0,4796.0,Transit,2018
TOI-4513 b,TOI-4513,9.76042253684,,2.34587608,6.11,653.0,5623.93,Transit,2026
TOI-2567 b,TOI-2567,5.983944,0.0672,10.92875618,63.88350981,1352.0,5611.0,Transit,2022
G 264-012 c,G 264-012,8.0518,0.0525,1.76,3.75,387.0,3326.0,Radial Velocity,2021
Kepler-1587 b,Kepler-1587,9.4060467,0.08747,1.33,2.33,981.0,5933.0,Transit,2016
BD+48 740 b,BD+48 740,733.0,1.7,13.5,540.311,538.94,4534.0,Radial Velocity,2018
HD 10697 b,HD 10697,1075.3799,2.051,12.8,1825.2885414,259.25,5641.0,Radial Velocity,1999
Kepler-430 c,Kepler-430,110.979,0.4757,1.75,3.71,458.0,5884.0,Transit,2015
GJ 2126 b,GJ 2126,272.7,0.71,13.6,413.1769291,203.08,4159.0,Radial Velocity,2025
Kepler-350 b,Kepler-350,11.189562,0.104,1.85,16.9,1037.0,6186.0,Transit,2014
Kepler-1398 c,Kepler-1398,4.13827595,0.05087,1.03,1.08,1324.0,6126.0,Transit,2016
K2-97 b,K2-97,8.407115,0.0854,13.45077684,174.48779544,1566.0,4673.0,Transit,2016
Kepler-1886 b,Kepler-1886,24.2758007,0.16,2.58158428,7.18,580.0,5745.0,Transit,2021
HD 92788 c,HD 92788,11611.2975,10.5,13.0,1166.4361,91.27,5744.0,Radial Velocity,2019
Kepler-61 b,Kepler-61,59.87756,0.24861,2.15,5.27,273.0,4017.0,Transit,2013
K2-414 c,K2-414,6.669,0.0552,1.9287,4.38,762.62,4343.0,Transit,2022
TOI-206 b,TOI-206,0.7363104,0.0112,1.3,2.24,910.0,3383.0,Transit,2022
Kepler-1403 b,Kepler-1403,5.19492202,0.064,2.14,5.22,1238.0,6060.0,Transit,2016
Kepler-758 c,Kepler-758,4.75793986,0.05768,1.69,3.5,1372.0,6228.0,Transit,2016
Kepler-1206 b,Kepler-1206,1.216997663,0.0201,1.64,3.33,1314.0,4877.0,Transit,2016
Kepler-520 b,Kepler-520,19.67416124,0.14628,1.66,3.39,711.0,6112.0,Transit,2016
Kepler-241 c,Kepler-241,36.065978,0.189,2.57,7.13,397.0,4699.0,Transit,2014
Kepler-299 d,Kepler-299,15.054786,0.118,1.86,4.12,729.0,5617.0,Transit,2014
Kepler-1102 b,Kepler-1102,51.3285623,0.2731,2.66,7.56,546.0,5724.0,Transit,2016
Kepler-617 b,Kepler-617,1.682696148,0.0219,1.32,2.3,750.0,3712.0,Transit,2016
TOI-2141 b,TOI-2141,18.261608,0.1322,3.147,20.1,728.0,5635.0,Transit,2023
Kepler-1127 b,Kepler-1127,5.12330347,0.0556,1.96,4.5,994.0,5664.0,Transit,2016
Kepler-1934 b,Kepler-1934,1.419759989,0.02466,0.91307734,0.702,1700.0,5925.0,Transit,2021
TOI-4214 b,TOI-4214,3.4913885,0.05018,10.68215861,165.27077164,1642.0,6370.0,Transit,2025
HD 210193 b,HD 210193,649.918,1.487,14.3,153.1,235.69,5790.0,Radial Velocity,2019
TOI-7041 b,TOI-7041,9.691,,11.43316031,114.41822652,882.37,4700.0,Transit,2025
HD 100777 b,HD 100777,383.0,1.06,13.7,390.92894061,264.28,5533.0,Radial Velocity,2007
WASP-53 b,WASP-53,3.3098443,0.04101,12.038466,677.61356,1053.0,4953.0,Transit,2017
Kepler-391 b,Kepler-391,7.4175,0.083,2.5,1100.0,930.0,5038.0,Transit,2014
K2-319 b,K2-319,26.68,0.1516,2.79,8.2,641.0,5440.0,Transit,2020
K2-44 b,K2-44,5.657,0.06,2.433,6.5,1211.0,5912.0,Transit,2016
WASP-49 b,WASP-49,2.78174,0.0379,12.44199,117.5971,1400.0,5600.0,Transit,2012
HD 155918 c,HD 155918,17202.19446,13.183,12.8,1878.04805696,77.38,5771.84,Radial Velocity,2022
WASP-65 b,WASP-65,2.3114243,0.0334,12.464,492.62,1480.0,5600.0,Transit,2013
HD 2685 b,HD 2685,4.12688,0.0568,16.14096,371.8611,2061.0,6801.0,Transit,2019
HD 31527 b,HD 31527,16.5535,0.1254,3.22,10.47,832.2,5898.0,Radial Velocity,2019
Kepler-1527 b,Kepler-1527,160.129918,0.6276,4.77,20.4,450.0,6224.0,Transit,2016
TOI-139 b,TOI-139,11.07085,,2.4566,6.6,561.17,4570.0,Transit,2023
TOI-4087 b,TOI-4087,3.1774835,0.04469,13.04725353,232.01473711,1458.0,6060.0,Transit,2023
TOI-2406 b,TOI-2406,3.0766891,0.02267,2.86,15.6,449.0,3100.0,Transit,2021
K2-53 b,K2-53,12.20772,0.098,2.6,7.27,665.0,5263.0,Transit,2016
Kepler-1070 b,Kepler-1070,6.2216147,0.06753,1.73,3.64,1101.0,6261.0,Transit,2016
HD 101581 c,HIP 56998,6.20401,0.0573,0.99,0.937,747.0,4675.0,Transit,2025
HATS-64 b,HATS-64,4.908897,0.06562,18.819911,305.1168,1793.0,6554.0,Transit,2018
Kepler-275 b,Kepler-275,10.300682,0.098,2.34,6.08,1015.0,6165.0,Transit,2014
K2-37 b,K2-37,4.4434,0.05105,1.39,2.51,949.0,5352.0,Transit,2016
Kepler-286 d,Kepler-286,5.914323,0.061,1.33,2.33,919.0,5580.0,Transit,2014
Kepler-277 b,Kepler-277,17.324,0.14168,2.92,87.3,964.0,5946.0,Transit,2013
Kepler-461 b,Kepler-461,8.313783059,0.07895,2.58,7.18,886.0,5634.0,Transit,2016
Kepler-967 b,Kepler-967,13.22713379,0.1027,2.35,6.12,638.0,5178.0,Transit,2016
Kepler-1017 b,Kepler-1017,7.23400469,0.07196,1.99,4.62,831.0,5473.0,Transit,2016
Kepler-1055 b,Kepler-1055,2.295036233,0.0335,1.23,2.04,1304.0,5723.0,Transit,2016
HD 168443 b,HD 168443,58.11187,0.292,12.6,2424.3950886,641.03,5491.0,Radial Velocity,1998
TOI-4600 c,TOI-4600,482.8191,1.152,9.42,2946.26933289,191.0,5170.0,Transit,2023
Kepler-1409 b,Kepler-1409,0.764864926,0.01553,1.04,1.12,1733.0,5160.0,Transit,2016
GJ 317 c,GJ 317,6500.0,5.04,13.6,454.49462201,47.67,3496.0,Radial Velocity,2016
TOI-5380 b,TOI-5380,3.77229247873,,3.48093238,11.9,1479.0,6400.78,Transit,2026
GJ 3138 b,GJ 3138,1.22003,0.0197,1.18,1.78,902.98,3717.0,Radial Velocity,2017
Kepler-107 d,Kepler-107,7.95839,0.08377,0.86,7.7,1173.0,5854.0,Transit,2014
Kepler-467 b,Kepler-467,24.99324193,0.16848,2.25,5.69,712.0,5809.0,Transit,2016
Kepler-402 c,Kepler-402,6.124821,0.068,1.56,3.05,1140.0,6090.0,Transit,2014
Kepler-1109 b,Kepler-1109,37.6467384,0.2466,2.19,5.43,787.0,5893.0,Transit,2016
Kepler-1034 b,Kepler-1034,12.12400943,0.0965,2.26,5.73,675.0,5198.0,Transit,2016
Kepler-779 b,Kepler-779,7.09714223,0.0533,0.92,0.721,425.0,3804.0,Transit,2016
Kepler-1888 b,Kepler-1888,11.39169979,0.0956,1.32578716,2.32,886.0,5557.0,Transit,2021
HD 231701 b,HD 231701,141.63,0.567,13.7,359.1479,483.27,6101.0,Radial Velocity,2007
Kepler-1097 b,Kepler-1097,187.747029,0.5791,3.26,10.7,267.0,5211.0,Transit,2016
TOI-1386 c,TOI-1386,232.0,0.75,10.3,75.2,327.4,5735.0,Radial Velocity,2024
BEBOP-3 b,BEBOP-3,547.0,1.444,14.2,177.34825111,287.88,6033.0,Radial Velocity,2025
Kepler-1081 b,Kepler-1081,3.856918547,0.04662,1.01,1.01,972.0,5345.0,Transit,2016
K2-242 b,K2-242,6.51389,0.0494,2.54,6.99,416.0,3459.0,Transit,2018
WASP-70 A b,WASP-70 A,3.7130203,0.04853,13.047,187.512,1387.0,5763.0,Transit,2014
Kepler-158 c,Kepler-158,28.551383,0.158,1.9,4.27,418.0,4623.0,Transit,2014
Kepler-1990 b,Kepler-1990,1.73513619,0.0286,3.27,10.7,1554.0,5751.0,Transit,2023
Kepler-1071 b,Kepler-1071,6.1799844,0.0629,2.38,6.26,814.0,5215.0,Transit,2016
TOI-1855 b,TOI-1855,1.36414864,0.02398,18.49481816,360.09958513,1701.0,5359.0,Transit,2024
HD 45184 c,HD 45184,13.1354,0.11,2.91,8.81,884.78,5869.0,Radial Velocity,2019
K2-148 c,K2-148,6.9226,0.0616,1.73,3.64,630.02,4079.0,Transit,2018
Kepler-1233 b,Kepler-1233,45.1263042,0.263,2.6,7.27,604.0,6198.0,Transit,2016
HIP 116454 b,HIP 116454,9.1004157,0.0792,2.469,9.7,753.2,5048.0,Transit,2014
Kepler-1637 b,Kepler-1637,6.10960324,0.0596,0.89,0.64,1093.0,5789.0,Transit,2016
HD 13189 b,HD 13189,471.60001,1.25,12.4,3480.2385,1115.98,4175.0,Radial Velocity,2005
Kepler-1887 b,Kepler-1887,19.94750023,0.1421,2.92454357,8.88,625.0,5749.0,Transit,2021
TOI-1422 c,TOI-1422,34.5633,0.205,2.61,14.0,628.0,5840.0,Radial Velocity,2025
TOI-1749 c,TOI-1749,4.4929,0.0443,2.12,14.0,673.0,3985.0,Transit,2021
Kepler-804 b,Kepler-804,14.37457351,0.11287,1.94,4.42,779.0,5817.0,Transit,2016
Kepler-1565 b,Kepler-1565,1.538188437,0.0241,1.19,1.81,1234.0,4940.0,Transit,2016
TOI-5398 c,TOI-5398,4.77271,0.057,3.52,11.8,1242.0,6000.0,Transit,2023
Kepler-920 b,Kepler-920,6.53192704,0.065,2.42,6.44,907.0,5403.0,Transit,2016
TOI-1669 b,TOI-1669,500.0,1.27,14.1,191.0,241.72,5497.0,Radial Velocity,2023
HD 191806 b,HD 191806,1603.38923,2.749,12.5,2966.61035094,206.98,6010.0,Radial Velocity,2016
Kepler-99 b,Kepler-99,4.60358,0.05071,1.48,6.15,810.0,4782.0,Transit,2014
HD 222076 b,HD 222076,871.0,1.83,13.5,495.8148,346.88,4806.0,Radial Velocity,2016
Kepler-1991 b,Kepler-1991,13.26079792,0.1065,1.47,2.76,760.0,5478.0,Transit,2023
Kepler-134 c,Kepler-134,10.105785,0.092,1.26,2.13,892.0,5983.0,Transit,2014
Kepler-930 b,Kepler-930,71.4517775,0.34593,2.13,5.18,561.0,6335.0,Transit,2016
HD 154672 b,HD 154672,163.94,0.6,12.8,1706.7471,410.76,5743.0,Radial Velocity,2008
Kepler-371 c,Kepler-371,67.968015,0.313,1.78,3.82,443.0,5666.0,Transit,2014
Kepler-1610 c,Kepler-1610,44.9851885,0.2323,2.09,5.02,433.0,5295.0,Transit,2023
K2-86 b,K2-86,8.77683,0.077,1.96,4.5,830.49,5482.0,Transit,2016
Kepler-377 c,Kepler-377,27.014976,0.182,2.06,4.9,677.0,5949.0,Transit,2014
Kepler-1782 b,Kepler-1782,5.756229877,0.05825,2.22927435,5.6,773.0,4931.0,Transit,2021
Kepler-198 d,Kepler-198,1.31184443,0.02342,1.53,2.96,1562.0,5636.0,Transit,2016
TOI-1444 b,TOI-1444,0.4702743,0.0116,1.41792246,3.58,2130.02,5460.0,Transit,2021
K2-338 b,K2-338,3.850614,,1.03,1.08,783.0,4558.0,Transit,2021
HD 40979 b,HD 40979,264.14999,0.85,12.9,1484.2661,354.69,6165.0,Radial Velocity,2002
K2-326 b,K2-326,1.256,0.0198,2.28,5.82,1114.0,3924.0,Transit,2020
Kepler-329 c,Kepler-329,18.684737,0.113,1.93,4.38,402.0,4257.0,Transit,2014
Kepler-487 d,Kepler-487,2.418390036,0.03445,2.77513568,8.12,1226.0,5422.0,Transit,2021
Kepler-1575 b,Kepler-1575,2.55314213,0.0366,1.31,2.27,1312.0,5667.0,Transit,2016
Kepler-729 b,Kepler-729,3.166353714,0.0432,3.58,12.5,1273.0,5633.0,Transit,2016
Kepler-26 b,Kepler-26,12.28,0.08551,2.78,5.12,431.0,3914.0,Transit,2011
Kepler-797 b,Kepler-797,27.07237711,0.181,2.17,5.35,605.0,5680.0,Transit,2016
Kepler-199 c,Kepler-199,67.093408,0.316,3.25,10.6,420.0,5644.0,Transit,2014
HD 74156 b,HD 74156,51.63564,0.28,13.5,532.36258173,679.63,6068.0,Radial Velocity,2003
K2-275 b,K2-275,3.2809626,0.0277,2.34,6.08,1166.0,4841.0,Transit,2018
Kepler-82 c,Kepler-82,51.54,0.2626,5.34,13.9,450.0,5401.0,Transit,2012
HIP 65407 c,HIP 65407,67.3,0.316,13.9,249.17872,457.04,5460.0,Radial Velocity,2016
HIP 12961 b,HIP 12961,57.435,0.25,13.2,114.4188,303.32,3901.0,Radial Velocity,2010
Kepler-1572 b,Kepler-1572,5.49548621,0.05838,0.94,0.779,1293.0,5618.0,Transit,2016
KOI-1783.01,KOI-1783,134.4628,0.52661,8.86,71.0,412.0,5922.0,Transit,2020
HD 106252 b,HD 106252,1535.0,2.655,12.5,3178.28407,178.13,5874.0,Radial Velocity,2002
K2-128 b,K2-128,5.675819,0.056,1.42,2.6,803.1,4469.51,Transit,2017
HD 173416 b,HD 173416,322.03,1.158,13.4,585.12209729,771.03,4683.0,Radial Velocity,2008
TOI-1736 c,TOI-1736,571.25,1.37,12.5,2800.0,249.0,5636.0,Radial Velocity,2023
HD 99706 b,HD 99706,841.0,1.98,13.7,390.9309,391.46,4862.0,Radial Velocity,2011
Kepler-133 b,Kepler-133,8.129976,0.083,1.76,3.75,1041.0,5736.0,Transit,2014
HD 132406 b,HD 132406,908.0,1.98,12.8,1887.90073758,228.73,5766.0,Radial Velocity,2007
KIC 5437945 b,KIC 5437945,440.7813,1.19671,6.4,33.6,308.0,6340.0,Transit,2015
TOI-2969 b,TOI-2969,1.8237146,0.0261,12.32987877,368.68095212,1186.0,4738.0,Transit,2025
Kepler-1370 b,Kepler-1370,20.2641684,0.15763,1.84,4.04,770.0,6202.0,Transit,2016
Kepler-1429 b,Kepler-1429,4.48487493,0.055,1.29,2.21,1199.0,5902.0,Transit,2016
Kepler-1086 b,Kepler-1086,18.78425728,0.1198,2.44,6.53,433.0,4350.0,Transit,2016
Kepler-257 b,Kepler-257,2.382667,0.034,2.61,7.32,1237.0,5180.0,Transit,2014
HD 212301 b,HD 212301,2.24571,0.03,14.2,162.0933,1870.75,6239.0,Radial Velocity,2005
K2-189 b,K2-189,2.58812,0.0361,1.403,2.55,1203.0,5442.0,Transit,2018
Kepler-1091 b,Kepler-1091,1.434741564,0.0252,1.46,2.73,1664.0,5851.0,Transit,2016
TOI-1294 b,TOI-1294,3.915292,0.051,10.12369881,63.9,1392.74,5718.0,Transit,2024
Kepler-1680 b,Kepler-1680,8.77424,0.07642,1.35954736,2.42,771.0,5021.0,Transit,2020
HD 13724 c,HD 13724,142.22895,0.534,8.18,50.85254512,393.06,5835.31,Radial Velocity,2022
Kepler-318 b,Kepler-318,4.662715,0.056,4.71,19.9,1039.0,5746.0,Transit,2014
Kepler-1513 b,Kepler-1513,160.8842,0.56971,8.594,48.30991786,346.0,5491.0,Transit,2016
TOI-1478 b,TOI-1478,10.1802117,0.0818,11.99360935,279.68899816,918.0,5597.0,Transit,2021
Kepler-29 b,Kepler-29,10.33974,0.08482,2.55,5.0,777.0,5378.0,Transit,2011
HD 185269 b,HD 185269,6.83776,0.077,13.8,321.0083,1455.61,5923.0,Radial Velocity,2006
Kepler-47 b,Kepler-47,49.4643,0.2877,3.05,2.07,490.2,5636.0,Transit,2012
HATS-16 b,HATS-16,2.686502,0.03744,14.5717,1039.3041,1592.0,5738.0,Transit,2016
K2-3 c,K2-3,24.646729,0.1357,1.582,2.68,371.8,3844.0,Transit,2015
KOI-351 b,KOI-351,7.008151,0.074,1.31,2.27,1062.0,6080.0,Transit,2013
Kepler-1629 b,Kepler-1629,3.87595807,0.0485,0.77,0.381,1081.0,5776.0,Transit,2016
Kepler-918 b,Kepler-918,4.85386933,0.0569,1.74,3.68,1052.0,6028.0,Transit,2016
Kepler-1860 b,Kepler-1860,12.73719978,0.10625,1.13863767,1.55,697.0,5420.0,Transit,2021
K2-80 c,K2-80,5.605,0.0596,1.47,2.76,1002.42,5441.0,Transit,2016
HATS-3 b,HATS-3,3.547851,0.0485,15.48,340.382,1648.0,6351.0,Transit,2013
K2-289 b,K2-289,13.156969,0.107,9.1,61.0,753.0,5529.0,Transit,2019
TOI-5108 b,TOI-5108,6.753581,0.073,6.6,32.0,1180.0,5808.0,Transit,2025
Kepler-1718 b,Kepler-1718,135.1880035,0.48418,2.5685207,7.12,345.0,5731.0,Transit,2021
HD 73344 d,HD 73344,5823.0,6.7,13.2,810.46243785,126.51,6148.0,Radial Velocity,2025
Kepler-561 c,Kepler-561,5.350161983,0.05947,2.68,7.65,989.0,5646.0,Transit,2016
HD 125612 d,HD 125612,2822.72698,3.982,12.7,2281.37230545,147.48,5900.0,Radial Velocity,2009
HD 109988 b,HD 109988,17132.15854,12.518,12.1,6935.33366915,65.91,5185.97,Radial Velocity,2022
HD 28109 b,HD 28109,22.891054,0.1357,2.69,6.2,867.0,6189.0,Transit,2022
Kepler-154 e,Kepler-154,3.93276465,0.04766,1.5,2.86,1140.0,5769.0,Transit,2016
Kepler-166 d,Kepler-166,1.554003928,0.02449,1.73,3.64,1313.0,5350.0,Transit,2016
NGTS-17 b,NGTS-17,3.24253,0.0391,13.89913607,242.82090295,1457.0,5650.0,Transit,2021
Kepler-585 b,Kepler-585,2.752359753,0.03841,2.83,8.4,1178.0,5593.0,Transit,2016
Kepler-1987 d,Kepler-1987,5.644914154,0.0571,2.66,7.56,744.0,4769.0,Transit,2023
Qatar-4 b,Qatar-4,1.8053564,0.02803,12.722215,1938.763,1385.0,5215.0,Transit,2017
HD 224018 d,HD 224018,138.0731,0.53,2.4,4.2,411.0,5784.0,Transit,2025
K2-126 b,K2-126,7.385655,0.0656,1.97,4.54,601.0,4339.0,Transit,2017
HD 125612 b,HD 125612,557.69994,1.349,13.2,945.22168242,253.38,5900.0,Radial Velocity,2007
K2-203 b,K2-203,9.6952,0.0824,1.26549392,2.14,738.4,5026.0,Transit,2018
Kepler-1556 b,Kepler-1556,8.82713457,0.0829,1.96,4.5,797.0,5608.0,Transit,2016
HATS-40 b,HATS-40,3.2642736,0.04997,17.71022,505.3497,2101.0,6460.0,Transit,2018
HD 75898 c,HD 75898,6717.0,7.39,12.6,2698.36317543,135.2,6122.0,Radial Velocity,2024
Kepler-1209 b,Kepler-1209,25.369116,0.17515,1.51,2.89,755.0,6210.0,Transit,2016
TOI-5126 b,TOI-5126,5.4588385,0.06519,4.74,20.2,1442.0,6150.0,Transit,2023
TOI-1266 d,TOI-1266,32.509,0.1513,1.74,3.68,288.0,3563.0,Transit Timing Variations,2025
Kepler-1943 b,Kepler-1943,4.850180149,0.05975,1.54869189,3.02,1098.0,6032.0,Transit,2021
Gl 378 b,Gl 378,3.822,0.039435,3.66,13.02,830.0,3879.0,Radial Velocity,2019
HD 192263 b,HD 192263,24.3556,0.15,14.2,177.9848,486.0,4976.0,Radial Velocity,1999
Kepler-1674 b,Kepler-1674,62.5611,0.3017,3.2057749,10.4,417.0,5473.91,Transit,2020
HD 147379 b,HD 147379,86.58,0.3193,4.94,21.6,276.66,4090.0,Radial Velocity,2017
HD 136352 c,HD 136352,27.59221,0.1721,2.916,11.24,677.0,5664.0,Radial Velocity,2019
Kepler-584 b,Kepler-584,35.1810304,0.2281,4.21,16.5,664.0,6195.0,Transit,2016
HD 28185 b,HD 28185,385.92,1.034,12.8,1859.29618095,271.95,5602.0,Radial Velocity,2001
Kepler-1644 b,Kepler-1644,21.0907758,0.142,1.88,4.19,606.0,5499.0,Transit,2016
Kepler-1786 b,Kepler-1786,78.5460968,0.35722,3.16305828,10.1,501.0,5808.0,Transit,2021
HD 142415 b,HD 142415,386.29999,1.06,13.5,530.7761,283.72,5940.0,Radial Velocity,2003
K2-153 b,K2-153,7.51574,0.0614,2.0,4.66,497.0,3845.0,Transit,2018
TOI-2641 b,TOI-2641,4.880974,0.0607,18.10250383,122.6817651,1387.0,6100.0,Transit,2023
Kepler-850 b,Kepler-850,7.19303878,0.0744,1.78,3.82,995.0,5932.0,Transit,2016
WASP-10 b,WASP-10,3.0927616,0.03781,12.106,1001.12,1370.0,4675.0,Transit,2008
Kepler-127 d,Kepler-127,48.630408,0.28,2.64,7.46,590.0,6106.0,Transit,2014
CoRoT-12 b,CoRoT-12,2.828042,0.04016,16.14,291.438,1442.0,5675.0,Transit,2010
Kepler-357 d,Kepler-357,49.499875,0.246,3.43,11.6,402.0,5036.0,Transit,2014
Kepler-563 b,Kepler-563,22.18432708,0.1418,3.09,9.75,546.0,5066.0,Transit,2016
HD 110113 c,HD 110113,6.744,0.068,2.11384817,10.5,990.0,5732.0,Radial Velocity,2021
Kepler-1022 b,Kepler-1022,10.99469878,0.0805,2.36,6.17,512.0,4445.0,Transit,2016
HD 20781 e,HD 20781,85.5073,0.3374,3.83,14.03,398.38,5256.0,Radial Velocity,2019
G 264-012 b,G 264-012,2.30538,0.02279,1.39,2.5,587.0,3326.0,Radial Velocity,2021
Kepler-595 b,Kepler-595,25.3029092,0.1582,3.708,17.4,535.0,5138.5,Transit,2016
Kepler-433 b,Kepler-433,5.33408384,0.0679,16.25,896.24,1776.0,6360.0,Transit,2015
Kepler-1340 b,Kepler-1340,0.665026916,0.01523,1.55,3.02,2174.0,6331.0,Transit,2016
Kepler-1115 b,Kepler-1115,23.5540725,0.2134,1.7,3.53,1381.0,8480.0,Transit,2016
Kepler-104 c,Kepler-104,23.668205,0.153,3.13,7.14430805,668.0,5711.0,Transit,2014
Kepler-182 b,Kepler-182,9.825792,0.096,2.58,7.18,935.0,6250.0,Transit,2014
Kepler-1336 c,Kepler-1336,5.77721211,0.06272,1.71,3.57,1260.0,5512.0,Transit,2016
TOI-216.02,TOI-216,17.16073,0.1293,8.0,18.75187601,628.0,5026.0,Transit,2019
WASP-186 b,WASP-186,5.026799,0.06,12.44199,1341.2426,1378.4,6361.0,Transit,2020
WASP-190 b,WASP-190,5.367753,0.0663,12.89035,317.83,1500.0,6400.0,Transit,2019
Kepler-325 b,Kepler-325,4.544439,0.053,2.91,8.8,1017.0,5752.0,Transit,2014
Kepler-1618 b,Kepler-1618,6.10826019,0.07109,1.26,2.13,1267.0,6620.0,Transit,2016
K2-239 d,K2-239,10.115,0.0685,1.1,1.37,399.0,3420.0,Transit,2018
WASP-64 b,WASP-64,1.5732918,0.02648,14.247,403.945,1689.0,5400.0,Transit,2012
Kepler-136 c,Kepler-136,16.399235,0.133,1.99,4.62,847.0,6165.0,Transit,2014
Kepler-238 b,Kepler-238,2.090876,0.034,1.73,3305.02,1642.0,5751.0,Transit,2014
Kepler-880 c,Kepler-880,11.8061737,0.1216,2.87,8.6,1407.0,6900.0,Transit,2023
HD 142 b,HD 142,351.43394,1.039,12.7,2256.5816897,358.19,6245.0,Radial Velocity,2001
EPIC 249893012 d,EPIC 249893012,35.747,0.22,3.94,10.18,752.0,5430.0,Transit,2020
HD 114783 b,HD 114783,493.7,1.16,13.7,349.6,210.79,5135.0,Radial Velocity,2001
TOI-4495 b,TOI-4495,2.56699,0.03957,2.483,7.7,1735.0,6210.0,Transit,2026
Kepler-273 c,Kepler-273,8.014927,0.073,1.98,4.58,865.0,5626.0,Transit,2014
HIP 54373 c,HIP 54373,15.144,0.099,3.57,12.44,463.2,4021.0,Radial Velocity,2019
Kepler-398 c,Kepler-398,11.419412,0.087,1.01,1.01,536.0,4493.0,Transit,2014
Kepler-940 b,Kepler-940,59.6225257,0.3059,3.34,11.1,486.0,5769.0,Transit,2016
Kepler-1705 b,Kepler-1705,9.03502,0.08,2.03,4.47,789.0,6312.0,Transit,2021
Kepler-677 b,Kepler-677,6.57531678,0.067,5.38,25.0,1015.0,5723.0,Transit,2016
Kepler-67 b,Kepler-67,15.7259,0.1171,2.94,8.96,602.0,5331.0,Transit,2013
HD 108236 e,HD 108236,19.590025,0.1367,3.083,9.71,636.0,5660.0,Transit,2020
Kepler-534 c,Kepler-534,7.378689766,0.0761,1.227,2.02,933.0,5936.0,Transit,2021
Kepler-524 c,Kepler-524,1.88897906,0.03046,0.96,0.84,1574.0,6014.0,Transit,2016
Kepler-1246 b,Kepler-1246,11.32271513,0.0848,1.36,2.42,554.0,4611.0,Transit,2016
GJ 625 b,GJ 625,14.628,0.078361,1.49,2.82,335.59,3499.0,Radial Velocity,2017
TOI-2447 b,TOI-2447,69.33684,0.347,9.60609646,124.90656395,414.0,5730.0,Transit,2024
Kepler-1982 b,Kepler-1982,3.82315697,0.0511,0.77,0.381,1282.0,6202.0,Transit,2023
HD 154391 b,HD 154391,5163.0,7.46,12.5,2892.2385037,253.57,4909.0,Radial Velocity,2023
TOI-2583 A b,TOI-2583 A,4.5207265,0.0571,14.4595851,79.45710175,1456.0,5936.0,Transit,2023
Kepler-1345 b,Kepler-1345,44.6169557,0.26412,2.36,6.17,693.0,6449.0,Transit,2016
TOI-4137 b,TOI-4137,3.8016122,0.05222,13.57407563,457.67290608,1570.0,6202.0,Transit,2022
Kepler-160 b,Kepler-160,4.309397,0.05511,1.715,3.59,1134.0,5471.0,Transit,2014
Kepler-346 c,Kepler-346,23.851549,0.168,3.07,9.64,654.0,6033.0,Transit,2014
HD 50499 c,HD 50499,8619.9,9.02,13.2,931.2419,116.69,6099.0,Radial Velocity,2019
Kepler-922 b,Kepler-922,0.938466832,0.01795,1.42,2.6,1876.0,5671.0,Transit,2016
Kepler-791 b,Kepler-791,14.5539759,0.1256,3.05,9.53,939.0,6383.0,Transit,2016
WASP-177 b,WASP-177,3.071722,0.03957,17.71022,161.45764,1142.0,5017.0,Transit,2019
HATS-67 b,HATS-67,1.6091788,0.03032,18.887165,460.8535,2193.0,6594.0,Transit,2018
Kepler-1780 b,Kepler-1780,109.4449997,0.4276,3.60600667,12.7,340.0,5403.0,Transit,2021
TOI-1062 b,TOI-1062,4.11296,0.052,2.265,10.15,1077.0,5328.0,Transit,2021
K2-125 b,K2-125,21.750264,0.121,2.18,5.39,321.22,3654.47,Transit,2017
TOI-3082 b,TOI-3082,1.926907,,3.6621,13.0,1032.78,4263.0,Transit,2023
HD 330075 b,HD 330075,3.38773,0.04,14.3,152.5584,990.0,5000.0,Radial Velocity,2004
Kepler-1996 c,Kepler-1996,92.7297248,0.3608,2.81,8.3,276.0,4580.0,Transit,2023
Kepler-1623 b,Kepler-1623,4.36128348,0.0518,1.31,2.27,1000.0,5772.0,Transit,2016
HD 27442 b,HD 27442,428.1,1.271,13.5,495.8,369.62,4846.0,Radial Velocity,2000
Kepler-39 b,Kepler-39,21.08721,0.164,13.9,6388.1,897.0,6350.0,Transit,2011
Kepler-107 b,Kepler-107,3.1800218,0.04544,1.536,3.8,1592.0,5854.0,Transit,2014
Kepler-1645 b,Kepler-1645,16.1779561,0.1285,1.78,3.82,754.0,5812.0,Transit,2016
K2-412 b,K2-412,5.9382,0.0586,2.116,5.13,1100.64,5590.0,Transit,2022
Kepler-360 c,Kepler-360,7.186434,0.075,2.1,5.06,860.0,6053.0,Transit,2014
Kepler-1661 b,Kepler-1661,175.06,0.633,3.87,17.0,243.0,5100.0,Transit,2020
Kepler-1828 b,Kepler-1828,10.2737999,0.0924,2.11598626,5.13,799.0,5806.0,Transit,2021
HD 101930 b,HD 101930,70.46,0.3,10.6,79.4575,417.04,5108.0,Radial Velocity,2005
K2-157 d,K2-157,66.5,0.309,5.16,23.3,429.1,5334.0,Radial Velocity,2025
K2-15 b,K2-15,11.8104,0.091,2.48,6.71,676.0,5131.0,Transit,2015
Kepler-54 d,Kepler-54,20.995694,0.126,1.53,12.0946,328.0,4252.0,Transit,2014
Kepler-535 b,Kepler-535,4.903321551,0.06011,2.36,6.17,1247.0,6123.0,Transit,2016
Kepler-1530 b,Kepler-1530,2.5904434,0.03553,1.64,3.33,1484.0,5477.0,Transit,2016
Kepler-969 b,Kepler-969,34.1731714,0.19726,2.07,4.94,465.0,5214.0,Transit,2016
Kepler-1324 b,Kepler-1324,4.115844679,0.0466,1.51,2.89,895.0,4776.0,Transit,2016
HIP 67851 c,HIP 67851,3128.41,4.55,12.7,2204.77565936,255.43,4840.0,Radial Velocity,2015
HD 115404 A c,HD 115404 A,15319.22517,11.364,12.5,3279.67133183,61.22,5019.17,Radial Velocity,2022
TOI-5322 b,TOI-5322,5.4233207,0.0604,16.6117094,184.02264765,1350.0,5692.0,Transit,2025
HD 290327 b,HD 290327,2443.0,3.43,13.3,772.3269,139.7,5505.0,Radial Velocity,2009
Kepler-274 b,Kepler-274,11.634788,0.101,1.54,2.99,961.0,6023.0,Transit,2014
TOI-163 b,TOI-163,4.231306,0.058,16.690201,387.7526,1669.0,6495.0,Transit,2019
Kepler-183 b,Kepler-183,5.687945,0.064,2.06,4.9,1088.0,5888.0,Transit,2014
Kepler-368 b,Kepler-368,26.84768,0.186,3.26,10.7,800.0,5502.0,Transit,2014
K2-84 b,K2-84,6.4215,0.0665,2.41,6.39,1019.22,5652.0,Transit,2016
Kepler-1385 b,Kepler-1385,2.88879862,0.04262,0.85,0.543,1423.0,5732.0,Transit,2016
Kepler-527 b,Kepler-527,13.28535633,0.11646,2.84,8.45,1157.0,6388.0,Transit,2016
HD 80883 b,HD 80883,6383.78352,6.462,12.8,1748.0562385,88.66,5177.91,Radial Velocity,2022
Kepler-232 c,Kepler-232,11.379349,0.101,3.83,14.0,806.0,5847.0,Transit,2014
Kepler-1160 b,Kepler-1160,7.97034958,0.0755,2.14,5.22,839.0,5519.0,Transit,2016
gam Psc b,gam Psc,555.1,1.32,13.6,425.89006538,666.07,4742.0,Radial Velocity,2021
HD 190647 b,HD 190647,1176.45,2.231,13.4,630.89255,214.19,5656.0,Radial Velocity,2007
HD 37605 b,HD 37605,55.01292,0.277,13.2,854.9627,465.76,5329.0,Radial Velocity,2004
Kepler-949 c,Kepler-949,20.99757968,0.1394,2.97,9.11,582.0,5211.0,Transit,2023
K2-117 c,K2-117,5.444017,0.0492,2.06,4.9,537.0,3778.0,Transit,2017
Kepler-1194 b,Kepler-1194,16.22371307,0.1212,1.51,2.89,676.0,5590.0,Transit,2016
HD 135344 A b,HD 135344 A,,16.5,16.25302201,3178.28407,1585.0,9540.0,Imaging,2025
Kepler-1901 b,Kepler-1901,3.484129906,0.0453,1.47418907,2.77,1132.0,5696.0,Transit,2021
Kepler-1524 b,Kepler-1524,70.9674603,0.3392,3.54,12.3,438.0,6179.0,Transit,2016
Kepler-364 b,Kepler-364,25.745718,0.178,1.55,3.02,753.0,6108.0,Transit,2014
Kepler-444 f,Kepler-444,9.740486,0.0811,0.741,0.332,673.0,5046.0,Transit,2015
Kepler-833 b,Kepler-833,18.7546998,0.1139,2.02,4.74,382.0,4339.0,Transit,2016
Kepler-620 b,Kepler-620,12.91375431,0.1053,3.32,11.0,849.0,6155.0,Transit,2016
TOI-2989 b,TOI-2989,3.122832,0.0384,12.55405838,953.485221,1001.0,4672.0,Transit,2025
HD 177830 b,HD 177830,410.10001,1.14,13.5,537.1327,399.64,4901.0,Radial Velocity,1999
Kepler-147 b,Kepler-147,12.610584,0.113,1.53,2.96,953.0,6012.0,Transit,2014
K2-107 b,K2-107,3.313959,0.0475,15.98,266.9772,1649.0,6061.0,Transit,2017
Kepler-150 b,Kepler-150,3.428054,0.044,1.25,2.1,1131.0,5560.0,Transit,2014
Kepler-62 d,Kepler-62,18.16406,0.12,1.95,14.0,510.0,4925.0,Transit,2013
TOI-3912 b,TOI-3912,3.4936264,0.0463,14.28024141,129.03833324,1512.0,5725.0,Transit,2023
Kepler-292 f,Kepler-292,20.834237,0.141,2.35,6.12,563.0,5299.0,Transit,2014
Kepler-316 c,Kepler-316,6.827766,0.058,1.16,1.65,577.0,4204.0,Transit,2014
Kepler-491 b,Kepler-491,4.225384512,0.05191,8.92,59.0,1111.0,5582.0,Transit,2016
XO-6 b,XO-6,3.7650007,0.0815,23.20263,1398.452,1577.0,6720.0,Transit,2016
K2-261 b,K2-261,11.6334681,0.1086,9.26982704,68.96876432,1036.0,5490.0,Transit,2018
HD 164922 d,HD 164922,12.458,0.103,1.83,4.0,787.68,5390.0,Radial Velocity,2020
TYC 2187-512-1 b,TYC 2187-512-1,691.9,1.22,12.5,104.88337431,114.69,3734.0,Radial Velocity,2022
Kepler-700 b,Kepler-700,80.8720639,0.3577,5.99,30.0,452.0,5692.0,Transit,2016
Kepler-1133 b,Kepler-1133,11.55562343,0.0983,1.97,4.54,703.0,5569.0,Transit,2016
HATS-34 b,HATS-34,2.1061607,0.03166,16.02887,299.07803,1445.0,5380.0,Transit,2016
CoRoT-10 b,CoRoT-10,13.2406,0.1055,10.87,874.0,600.0,5075.0,Transit,2010
Kepler-824 b,Kepler-824,4.51436633,0.055,1.87,4.16,1231.0,6035.0,Transit,2016
Kepler-1236 b,Kepler-1236,31.0571618,0.1803,2.14,5.22,480.0,5337.0,Transit,2016
GJ 328 b,GJ 328,3771.0,4.11,13.3,797.74930157,73.57,3897.0,Radial Velocity,2013
HR 5183 b,HR 5183,27000.0,18.0,13.1,1052.01202717,171.0,5794.0,Radial Velocity,2019
Kepler-104 b,Kepler-104,11.427548,0.094,3.1,19.6,852.0,5711.0,Transit,2014
HAT-P-51 b,HAT-P-51,4.21802091,0.05042,13.50682174,97.57332095,1168.2,5453.0,Transit,2015
HD 134060 b,HD 134060,3.2696,0.0444,3.16,10.1,1473.18,5966.0,Radial Velocity,2019
Kepler-141 c,Kepler-141,7.010606,0.067,1.41,2.57,738.0,4910.0,Transit,2014
WASP-174 b,WASP-174,4.2337005,0.05503,16.10730527,104.88337431,1528.0,6399.0,Transit,2018
TOI-4773 b,TOI-4773,1.7452851,0.03216,15.22179579,1687.66884117,2255.0,6740.0,Transit,2025
Kepler-48 c,Kepler-48,9.67395,0.08633,2.71,14.61,736.0,5194.0,Transit,2012
Kepler-1950 b,Kepler-1950,10.77690029,0.0871,1.52696349,2.95,752.0,5455.0,Transit,2021
HIP 35965 b,HIP 35965,26125.56497,15.898,12.6,2589.98368864,48.85,4836.0,Radial Velocity,2022
Kepler-1978 b,Kepler-1978,10.84969477,0.0914,2.67,7.61,676.0,5251.0,Transit,2023
Kepler-948 b,Kepler-948,7.76846622,0.0749,1.85,4.08,841.0,5679.0,Transit,2016
Kepler-144 c,Kepler-144,10.104665,0.094,1.35,2.39,1046.0,6075.0,Transit,2014
HD 48948 d,HD 48948,151.92,0.4894,3.24,10.59,349.0,4593.0,Radial Velocity,2024
TOI-2145 b,TOI-2145,10.261128,0.1117,12.24020692,1805.26535176,1484.0,6206.0,Transit,2023
Kepler-1397 b,Kepler-1397,47.449955,0.25861,1.72,3.61,551.0,6026.0,Transit,2016
Kepler-1984 b,Kepler-1984,1.992812339,0.0238,6.81,37.3,675.0,3638.0,Transit,2023
HD 213885 b,HD 213885,1.008035,0.02012,1.745,8.83,2128.0,5978.0,Transit,2019
HD 213472 b,HD 213472,17000.0,13.0,13.1,1112.3994245,91.76,5729.54,Radial Velocity,2021
Kepler-381 c,Kepler-381,13.391635,0.117,1.12,1.46,1180.0,6152.0,Transit,2014
Kepler-572 b,Kepler-572,17.20523483,0.1192,2.58,7.18,553.0,5212.0,Transit,2016
Kepler-306 d,Kepler-306,17.326644,0.12,2.47,6.66,535.0,4954.0,Transit,2014
HD 10180 f,HD 10180,122.744,0.4929,5.24,23.9,427.54,5911.0,Radial Velocity,2010
WASP-22 b,WASP-22,3.53269,0.047,13.78707,212.9461,1502.0,6000.0,Transit,2010
Kepler-1254 c,Kepler-1254,3.60084276,0.0422,1.3,2.24,927.0,4985.0,Transit,2016
Kepler-1922 b,Kepler-1922,13.22259998,0.1077,2.29064904,5.86,740.0,5931.0,Transit,2021
TOI-1814 b,TOI-1814,6.36861010462,,5.18536642,23.5,977.83,4872.84,Transit,2026
Kepler-862 b,Kepler-862,3.148664534,0.039,2.21,5.52,1097.0,5333.0,Transit,2016
TOI-2095 b,TOI-2095,17.66484,0.101,1.25,4.1,347.0,3759.0,Transit,2023
Teegarden's Star c,Teegarden's Star,11.416,0.0455,1.02,1.05,209.0,3034.0,Radial Velocity,2019
CoRoT-22 b,CoRoT-22,9.75598,0.092,4.88,12.2,885.0,5939.0,Transit,2014
HD 219077 b,HD 219077,5478.68861,5.935,12.5,3057.50927534,146.68,5362.0,Radial Velocity,2012
Kepler-458 c,KIC 9663113,20.74028413,0.17012,4.2,16.4,798.0,6117.21,Transit,2016
Kepler-1001 b,Kepler-1001,14.30511983,0.11147,3.15,10.1,693.0,5491.0,Transit,2016
TOI-2000 b,TOI-2000,3.09833,0.04271,2.7,11.0,1488.0,5611.0,Transit,2023
Kepler-320 c,Kepler-320,17.934937,0.142,1.37,2.45,1002.0,6435.0,Transit,2014
HD 86728 b,HD 86728,31.1515,0.1916,3.03,9.43,687.36,5610.0,Radial Velocity,2025
Kepler-28 b,Kepler-28,5.91,0.05687,1.959,1.63,585.0,4499.3,Transit,2011
HD 219828 b,HD 219828,3.83483,0.049,4.59,19.06970442,1602.83,5891.0,Radial Velocity,2007
Kepler-1933 b,Kepler-1933,4.943290234,0.05605,1.17984089,1.76,1058.0,5661.0,Transit,2021
Kepler-178 d,Kepler-178,96.678988,0.397,3.95,14.8,392.0,5676.0,Transit,2014
Kepler-107 c,Kepler-107,4.901452,0.06064,1.597,10.0,1378.0,5854.0,Transit,2014
TOI-1774.01,TOI-1774,16.70988,,2.78,8.5,824.0,5746.0,Transit,2021
HD 156279 c,HD 156279,4818.25358,5.486,12.5,3098.82696825,109.42,5453.0,Radial Velocity,2016
Kepler-1166 b,Kepler-1166,33.2406882,0.1975,1.69,3.5,486.0,5446.0,Transit,2016
TOI-929 b,TOI-929,5.83015366944,,2.68983343,7.7,774.0,4457.16,Transit,2026
TOI-1448 b,TOI-1448,8.112245,0.0567,2.749,19.5,426.0,3412.0,Transit,2024
TOI-5340 b,TOI-5340,4.9394392,0.0628,15.07607904,270.15414595,1566.0,5990.0,Transit,2025
EPIC 220674823 c,EPIC 220674823,13.340603,0.1078,2.712,7.9,838.0,5578.0,Transit,2016
Kepler-207 d,Kepler-207,5.868075,0.068,3.31,11.0,1254.0,5920.0,Transit,2014
Kepler-1767 b,Kepler-1767,59.65829849,0.2873,3.01299077,9.34,393.0,5243.0,Transit,2021
Kepler-1889 b,Kepler-1889,37.30369949,0.2082,2.94360686,8.98,493.0,5646.0,Transit,2021
WASP-81 b,WASP-81,2.7164762,0.03908,16.017661,231.69807,1623.0,5870.0,Transit,2017
Kepler-1190 b,Kepler-1190,10.45843441,0.0845,1.33,2.33,609.0,4730.0,Transit,2016
GJ 887 e,GJ 887,4.4249,0.0417,1.12,1.46,544.0,3688.0,Radial Velocity,2026
CoRoT-27 b,CoRoT-27,3.57532,0.0476,11.287,3302.11,1500.0,5900.0,Transit,2014
Kepler-1431 b,Kepler-1431,5.86601526,0.0648,1.47,2.76,1064.0,5806.0,Transit,2016
HD 21411 b,HD 21411,84.288,0.362,9.52,65.9,408.17,5605.0,Radial Velocity,2019
HD 106906 b,HD 106906,,650.0,12.4,3496.0,1800.0,6516.0,Imaging,2013
K2-237 b,K2-237,2.18053332,0.03552,16.06246934,434.15360396,1759.0,6180.0,Transit,2018
Kepler-413 b,Kepler-413,66.262,0.3553,4.347,67.0,334.96,4700.0,Transit,2014
Kepler-1804 b,Kepler-1804,12.28849983,0.1017,1.59615726,3.18,913.0,5109.0,Transit,2021
Kepler-821 b,Kepler-821,1.92279873,0.029,1.31,2.27,1215.0,5191.0,Transit,2016
Kepler-160 c,Kepler-160,13.699429,0.1192,3.76,13.6,771.0,5471.0,Transit,2014
Kepler-1075 b,Kepler-1075,1.52372816,0.0208,1.42,2.6,818.0,3959.0,Transit,2016
Kepler-106 d,Kepler-106,23.9802,0.16063,0.95,8.1,649.0,5858.0,Transit,2014
Kepler-919 b,Kepler-919,11.04603384,0.0981,2.25,5.69,869.0,6113.0,Transit,2016
Kepler-450 d,Kepler-450,7.51464,0.0827,0.837,17.6,1199.0,6197.21,Transit,2015
HD 73344 b,HD 73344,15.611,0.131,2.884,10.48,911.0,6252.6,Transit,2024
HATS-69 b,HATS-69,2.2252577,0.03211,10.592505,183.38791,1295.7,5137.0,Transit,2018
WASP-36 b,WASP-36,1.53736596,0.02677,14.874343,750.39663,1733.0,5959.0,Transit,2011
Kepler-1783 b,Kepler-1783,8.277440071,0.07595,1.31946731,2.3,1088.0,5129.0,Transit,2021
HD 115954 b,HD 115954,3700.0,5.0,12.6,2685.65003915,144.9,5957.0,Radial Velocity,2021
LHS 1678 c,LHS 1678,3.694284,0.0327,0.941,1.4,510.9,3490.0,Transit,2021
Kepler-189 b,Kepler-189,10.399931,0.088,1.21,1.92,678.0,5235.0,Transit,2014
Kepler-556 b,Kepler-556,11.72292176,0.09833,2.24,5.65,766.0,5740.0,Transit,2016
Kepler-109 c,Kepler-109,21.22265,0.1546,2.65,8.2,859.0,5950.0,Transit,2014
K2-316 c,K2-316,5.26,0.0582,1.83,4.01,423.0,3436.0,Transit,2020
GJ 393 b,GJ 393,7.02679,0.05402,1.17,1.71,485.0,3579.0,Radial Velocity,2021
HD 108236 f,HD 108236,29.54115,0.1758,2.017,4.72,609.59,5660.0,Transit,2021
TIC 9344899 b,TIC 9344899,8.5821566,0.0815,9.16,6170.0,923.0,5800.0,Transit,2026
Kepler-101 c,Kepler-101,6.02976,0.0684,1.25,3.78,1413.0,5667.0,Transit,2014
Kepler-1108 b,Kepler-1108,4.51005748,0.0511,1.46,2.73,1063.0,5406.0,Transit,2016
Kepler-2001 c,Kepler-2001,14.092583189,0.1084,1.82,3.97,597.0,5081.0,Transit,2023
XO-1 b,XO-1,3.94153,0.0488,12.77826,263.7989,1210.0,5750.0,Transit,2006
Kepler-1154 b,Kepler-1154,5.1856142,0.0631,2.34,6.08,1314.0,6327.0,Transit,2016
Kepler-837 b,Kepler-837,16.56059504,0.1144,2.56,7.08,701.0,5403.0,Transit,2016
K2-88 b,K2-88,4.6122,0.0345,1.23,2.04,464.6,3537.0,Transit,2016
Kepler-140 b,Kepler-140,3.25427,0.045,1.61,3.22,1301.0,6077.0,Transit,2014
Kepler-328 b,Kepler-328,34.921,0.2199,2.3,28.5,602.0,6064.0,Transit,2013
Kepler-625 b,Kepler-625,7.75192492,0.08137,1.99,4.62,852.0,5789.0,Transit,2016
HD 217107 c,HD 217107,5138.7,5.922,12.9,1388.91013859,123.27,5622.0,Radial Velocity,2005
Kepler-427 b,Kepler-427,10.290994,0.091,13.79,92.17,1100.0,5800.0,Transit,2014
Kepler-1874 b,Kepler-1874,56.57320023,0.2633,2.21110724,5.52,356.0,4701.0,Transit,2021
HD 15906 c,HD 15906,21.583298,0.141,2.93,8.91,532.0,4757.0,Transit,2023
Kepler-1688 b,Kepler-1688,5.62012,0.0577,1.26174569,2.13,772.0,4632.11,Transit,2020
Kepler-1182 b,Kepler-1182,11.17394617,0.0981,2.41,6.39,796.0,5924.0,Transit,2016
Kepler-1678 b,Kepler-1678,147.974,0.5302,3.30422249,10.9,329.0,5754.0,Transit,2020
HD 93385 c,HD 93385,13.18,0.112,2.56,7.1,937.43,5977.0,Radial Velocity,2021
TOI-5634 A b,TOI-5634 A,2.2035373,0.0272,10.42,588.0,837.0,3896.0,Transit,2024
TOI-871 b,TOI-871,14.362565,0.1054,1.664,3.41,621.0,4929.0,Transit,2024
GJ 251 c,GJ 251,53.647,0.196,1.8,3.88,216.0,3342.0,Radial Velocity,2025
Kepler-511 c,Kepler-511,26.62949944,0.17177,4.20964327,16.5,742.0,5866.0,Transit,2021
Kepler-1191 b,Kepler-1191,5.60014851,0.0587,1.51,2.89,952.0,5308.0,Transit,2016
Kepler-1125 b,Kepler-1125,17.6700642,0.1348,1.84,4.04,778.0,5683.0,Transit,2016
TOI-4527.01,TOI-4527,0.3994445,0.008332353,0.9086617,0.689,1362.93,3702.0,Transit,2024
TOI-883 b,TOI-883,10.05771848538,,7.17166228,40.7,861.0,5713.15,Transit,2026
Kepler-247 c,Kepler-247,9.439452,0.084,4.09,15.7,686.0,5100.0,Transit,2014
Kepler-1997 b,Kepler-1997,26.7575866,0.1815,2.28,5.82,660.0,6215.0,Transit,2023
HD 98219 b,HD 98219,433.8,1.26,13.4,624.21812,453.77,4925.0,Radial Velocity,2011
Kepler-281 c,Kepler-281,36.337373,0.215,5.31,161.124,513.0,5723.0,Transit,2014
K2-70 b,K2-70,13.97896,0.1112,2.89,8.7,783.99,5622.0,Transit,2016
Kepler-759 b,Kepler-759,41.805985,0.2329,2.27,5.77,533.0,5860.0,Transit,2016
HIP 8152 c,HIP 8152,19.60562,0.139,2.52442508,10.7,650.68,5618.0,Transit,2023
TOI-4329 b,TOI-4329,2.9223,,16.81347105,143.02278315,2027.12,6000.0,Transit,2022
Kepler-171 c,Kepler-171,11.463462,0.098,2.56,7.08,752.0,5642.0,Transit,2014
Kepler-136 b,Kepler-136,11.5789,0.106,2.05,19.8,951.0,6165.0,Transit,2014
Kepler-1577 b,Kepler-1577,6.30560247,0.0657,1.13,1.51,1125.0,4862.0,Transit,2016
TOI-942 c,TOI-942,10.156272,0.08598,4.67,794.575,772.63,4969.0,Transit,2020
HD 86264 b,HD 86264,1488.79123,2.763,12.5,3117.26101586,247.01,6210.0,Radial Velocity,2009
TOI-1680 b,TOI-1680,4.8026345,0.03144,1.466,2.75,404.0,3225.0,Transit,2023
Kepler-244 d,Kepler-244,20.050401,0.14,2.31,15.2,622.0,5554.0,Transit,2014
TOI-2093 b,TOI-2093,12.836,0.097,3.25,10.6,535.0,4426.0,Radial Velocity,2025
HD 27894 b,HD 27894,18.01939,0.125,14.1,196.73578393,627.88,4875.0,Radial Velocity,2005
K2-272 b,K2-272,14.4536756,0.1007,3.13,9.96,747.0,5397.0,Transit,2018
Kepler-835 b,Kepler-835,11.41909375,0.107,2.79,8.2,921.0,5954.0,Transit,2016
TIC 150070085 b,TIC 150070085,10.47423,,3.62,12.8,945.06,5999.0,Transit,2026
TOI-1883 b,TOI-1883,4.508,0.0423,5.65,13.7,544.0,3554.0,Transit,2024
Kepler-146 c,Kepler-146,76.732171,0.364,3.13,9.96,473.0,5948.0,Transit,2014
Kepler-166 b,Kepler-166,7.650254,0.072,2.27,5.77,772.0,5413.0,Transit,2014
HATS-11 b,HATS-11,3.619188,0.0507,18.03,263.7989,1596.0,6563.0,Transit,2016
2MASS J01225093-2439505 b,2MASS J01225093-2439505,,52.0,11.209,7786.5,1600.0,3530.0,Imaging,2013
HD 153950 b,HD 153950,499.39999,1.28,13.2,937.5985,295.3,6124.0,Radial Velocity,2008
Kepler-1341 b,Kepler-1341,132.9968322,0.47267,2.99,9.22,241.0,4662.0,Transit,2016
TOI-5704 b,TOI-5704,3.771116,,3.2274,10.5,949.07,4590.0,Transit,2023
TOI-4562 c,TOI-4562,3990.0,5.219,12.8,1833.86990839,138.11,6096.0,Transit Timing Variations,2024
Kepler-524 b,Kepler-524,7.97419807,0.07955,1.91,4.31,974.0,6014.0,Transit,2016
TOI-1859 b,TOI-1859,63.48347,0.337,9.75181321,68.6,615.0,6341.0,Transit,2023
Kepler-973 b,Kepler-973,49.6077331,0.2489,1.96,4.5,402.0,5213.0,Transit,2016
Kepler-1451 b,Kepler-1451,35.622233,0.2101,3.35,11.2,523.0,5782.0,Transit,2016
Kepler-112 b,Kepler-112,8.408878,0.076,2.36,6.17,809.0,5544.0,Transit,2014
HD 23127 b,HD 23127,1211.17,2.37,13.5,485.32641,223.4,5843.0,Radial Velocity,2006
K2-273 b,K2-273,11.7195663,0.0729,3.05,9.53,849.0,5161.0,Transit,2018
Kepler-291 c,Kepler-291,5.700786,0.065,1.88,4.19,1035.0,6002.0,Transit,2014
K2-316 b,K2-316,1.133,0.0147,1.33,2.33,841.0,3436.0,Transit,2020
Kepler-613 b,Kepler-613,15.77979614,0.1232,2.29,5.86,713.0,5723.0,Transit,2016
K2-211 b,K2-211,0.669561,0.01419,1.33162691,2.33,1873.0,5117.0,Transit,2018
TOI-6016 b,TOI-6016,4.023687,0.055,13.67495645,371.85923619,1890.0,6110.0,Transit,2024
HD 106270 b,HD 106270,1888.0,3.34,12.4,3623.2438398,237.07,5509.0,Radial Velocity,2011
TOI-4030 b,TOI-4030,2.50900199461,,5.8462559,28.8,1384.0,5640.37,Transit,2026
Kepler-1920 b,Kepler-1920,30.2541008,0.2043,2.95415848,9.03,660.0,6277.0,Transit,2021
CoRoT-14 b,CoRoT-14,1.51214,0.027,12.22,2415.4,1952.0,6035.0,Transit,2010
HD 220197 b,HD 220197,1728.0,2.729,9.32,63.566,164.22,5683.0,Radial Velocity,2018
TOI-5720 b,TOI-5720,1.4344555,0.018288,1.09,4.3,708.0,3325.0,Transit,2024
Kepler-203 d,Kepler-203,11.32972,0.1,1.44,33.9,855.0,5821.0,Transit,2014
Kepler-1171 b,Kepler-1171,1.44259224,0.0284,2.56,7.08,2700.0,7044.0,Transit,2016
HD 65216 b,HD 65216,577.6,1.301,13.6,411.58985,222.56,5612.0,Radial Velocity,2003
HD 154345 b,HD 154345,3280.0,4.158,13.7,376.9444907,119.21,5468.0,Radial Velocity,2006
Teegarden's Star d,Teegarden's Star,26.13,0.0791,0.954,0.82,159.0,3034.0,Radial Velocity,2024
Qatar-1 b,Qatar-1,1.4200242,0.02332,12.811887,411.27202,1418.0,5013.0,Transit,2010
TOI-908 b,TOI-908,3.183792,0.041657,3.186,16.137,1317.0,5626.0,Transit,2023
HD 185283 b,HD 185283,4060.0,4.6,13.6,413.1769291,93.97,4848.0,Radial Velocity,2023
HD 12661 c,HD 12661,1708.0,2.8145,13.2,899.45439181,174.06,5748.0,Radial Velocity,2002
HD 175167 b,HD 175167,1175.0,2.4,12.3,4703.8604236,232.03,5635.0,Radial Velocity,2009
HAT-P-31 b,HAT-P-31,5.00542,0.061,12.21781,721.4741,1450.0,6065.0,Transit,2011
Kepler-1475 b,Kepler-1475,82.177374,0.373,2.92,8.85,441.0,6214.0,Transit,2016
K2-133 c,K2-133,4.86784,0.04341,1.603,3.2,570.6,3655.0,Transit,2017
Kepler-323 b,Kepler-323,1.678328,0.02778,1.381,3.9,1838.0,6004.0,Transit,2014
Kepler-40 b,Kepler-40,6.87349,0.08,13.11,699.2,1620.0,6510.0,Transit,2010
GJ 896 A b,GJ 896 A,284.39,0.63965,13.3,718.29219982,126.7,3345.0,Astrometry,2022
K2-63 b,K2-63,20.257,0.1627,3.22,10.5,1033.44,6771.0,Transit,2016
TOI-2498 b,TOI-2498,3.738252,0.0491,6.06,34.62,1443.0,5905.0,Transit,2023
WASP-197 b,WASP-197,5.167228,0.065,14.44837612,403.32424848,1665.0,6050.0,Transit,2025
HD 177565 b,HD 177565,44.505,0.246,4.0,15.1,539.21,5627.0,Radial Velocity,2017
TOI-6651 b,TOI-6651,5.056973,0.0633,5.09,61.0,1493.0,5940.0,Transit,2024
KOI-351 g,KOI-351,210.73514,0.71704,7.718,15.0,342.0,6031.13,Transit,2013
Kepler-1931 b,Kepler-1931,38.5760994,0.23329,2.65323514,7.53,619.0,6167.0,Transit,2021
HIP 74890 b,HIP 74890,822.3,2.1,13.3,762.792,387.66,4850.0,Radial Velocity,2016
Kepler-287 c,Kepler-287,44.851896,0.246,3.26,66.0,513.0,5806.0,Transit,2014
2MASS J21252752-8138278 b,2MASS J21252752-8138278,,7493.0,12.4,3813.940884,1616.0,3592.0,Imaging,2024
GJ 180 b,GJ 180,17.133,0.092,2.43,6.49,344.43,3371.0,Radial Velocity,2014
Kepler-512 b,Kepler-512,34.43587975,0.21395,2.69,7.7,652.0,5997.0,Transit,2016
HD 191939 e,HD 191939,101.12,0.407,13.0,112.2,390.0,5348.0,Radial Velocity,2022
Kepler-1753 b,Kepler-1753,16.00460052,0.1179,2.22678077,5.59,583.0,5180.0,Transit,2021
GJ 3634 b,GJ 3634,2.64561,0.0287,2.83,8.4,656.45,3517.0,Radial Velocity,2010
K2-318 b,K2-318,7.01,0.0911,1.66,3.39,456.0,3851.0,Transit,2020
TYC 8998-760-1 b,TYC 8998-760-1,,146.0,12.1,6928.6592726,17.82,4573.0,Imaging,2020
Kepler-739 b,Kepler-739,12.53248465,0.1054,3.32,11.0,775.0,5601.0,Transit,2016
Kepler-415 c,Kepler-415,8.708,0.0695,2.01,4.7,543.0,4362.0,Transit Timing Variations,2014
Kepler-893 b,Kepler-893,6.33855761,0.0699,3.03,9.43,1034.0,5820.0,Transit,2016
HD 117207 b,HD 117207,2621.75,3.787,13.4,669.34662514,147.2,5732.0,Radial Velocity,2004
HATS-51 b,HATS-51,3.3488702,0.04639,15.80469,244.09344,1553.0,5758.0,Transit,2017
GJ 15 A c,GJ 15 A,7600.0,5.4,6.67,36.0,46.14,3607.0,Radial Velocity,2018
HD 204313 b,HD 204313,2041.11539,3.185,12.9,1466.7780983,163.43,5767.0,Radial Velocity,2010
Kepler-261 b,Kepler-261,10.381227,0.088,2.18,5.39,672.0,5098.0,Transit,2014
TOI-1782.02,TOI-1782,1.829024227,0.025739,1.839,4.04,974.95,4336.0,Transit,2024
WASP-119 b,WASP-119,2.49979,0.0363,15.6926,390.9309,1600.0,5650.0,Transit,2016
Kepler-382 c,Kepler-382,12.162701,0.097,1.59,3.15,882.0,5600.0,Transit,2014
K2-246 b,K2-246,5.76918,0.0602,3.49,12.0,977.0,5610.0,Transit,2018
TOI-1453 b,TOI-1453,4.3135225,,1.173,2.32,944.2,4975.0,Transit,2025
BD+20 2457 b,BD+20 2457,379.63,1.45,12.1,6807.63,1159.67,4137.0,Radial Velocity,2009
Kepler-1400 b,Kepler-1400,9.06689421,0.0771,1.62,3.26,725.0,5044.0,Transit,2016
Kepler-18 b,Kepler-18,3.504725,0.0447,2.0,6.9,1165.0,5345.0,Transit,2011
HD 103949 b,HD 103949,120.878,0.439,3.35,11.2,302.65,4792.0,Radial Velocity,2019
K2-155 b,K2-155,6.342,0.0562,1.8,3.89,708.0,4258.0,Transit,2018
K2-238 b,K2-238,3.20466,0.046,14.5717,273.3338,1587.0,5630.0,Transit,2018
Kepler-705 b,Kepler-705,56.0560538,0.232,2.11,5.1,265.0,3722.0,Transit,2016
TIC 434398831 b,TIC 434398831,3.685504,0.04641,3.51,12.1,1250.0,5638.0,Transit,2025
K2-276 b,K2-276,18.718269,0.1291,3.77,13.7,583.0,5139.0,Transit,2018
Kepler-1363 b,Kepler-1363,2.94194094,0.0363,1.25,2.1,988.0,4839.0,Transit,2016
Kepler-725 b,Kepler-725,39.64372,0.2238,10.8,81.6,514.0,5395.0,Transit,2016
HD 83443 c,HD 83443,8241.0,8.0,13.6,476.7426105,89.95,5442.0,Radial Velocity,2022
Kepler-172 d,Kepler-172,14.627119,0.118,2.25,5.69,736.0,5526.0,Transit,2014
Kepler-1204 b,Kepler-1204,85.7350285,0.3877,3.05,9.53,448.0,5825.0,Transit,2016
TOI-5614 b,TOI-5614,4.17221328949,,3.21759316,10.4,817.0,4553.0,Transit,2026
Kepler-1903 b,Kepler-1903,17.0678997,0.1321,2.28642395,5.85,769.0,6347.0,Transit,2021
K2-68 b,K2-68,8.05428,0.0708,1.58,3.12,706.64,4746.0,Transit,2016
Kepler-716 c,Kepler-716,3.96999,0.04548,1.39281536,2.52,992.0,5012.0,Transit,2020
HD 131496 b,HD 131496,896.0,2.01,13.4,572.094,347.3,4846.0,Radial Velocity,2011
Kepler-1065 b,Kepler-1065,3.609308907,0.0455,3.73,13.4,1092.0,5635.0,Transit,2016
Kepler-356 b,Kepler-356,4.612696,0.057,1.57,3.09,1294.0,6133.0,Transit,2014
Kepler-466 b,Kepler-466,51.07926307,0.26769,2.85,8.5,503.0,5927.0,Transit,2016
K2-84 c,K2-84,27.86,0.1768,2.03,4.78,625.08,5652.0,Transit,2016
Kepler-1052 c,Kepler-1052,180.921729,0.6135,2.3,5.9,302.0,5818.0,Transit,2023
KOI-13 b,KOI-13,1.763588,0.03641,16.948008,2949.4624,2550.0,7650.0,Transit,2011
Kepler-23 c,Kepler-23,10.74,0.09501,3.005,7.81,1008.0,5828.0,Transit,2011
Kepler-511 b,Kepler-511,296.637865,0.85672,6.35,33.1,332.0,5770.0,Transit,2016
Kepler-1967 b,Kepler-1967,7.281690121,0.06686,0.73022577,0.315,1086.0,4970.0,Transit,2021
Kepler-793 b,Kepler-793,4.24153639,0.0491,1.37,2.45,1177.0,5745.0,Transit,2016
HD 128311 b,HD 128311,453.019,1.084,13.5,562.24127,200.47,4965.0,Radial Velocity,2002
HD 216770 b,HD 216770,118.45,0.46,14.1,181.1631,370.18,5399.0,Radial Velocity,2003
HD 112300 b,HD 112300,466.63,1.33,12.2,5031.22368281,1240.35,3657.0,Radial Velocity,2023
TOI-444 b,TOI-444,17.9636,0.133,2.77,8.1,609.0,5225.0,Transit,2023
Kepler-130 c,Kepler-130,27.50868,0.178,2.9,8.75,683.0,5879.0,Transit,2014
NGTS-20 b,NGTS-20,54.18915,0.313,11.99360935,947.12865286,688.0,5980.0,Transit,2022
Kepler-1717 b,Kepler-1717,30.65279961,0.2014,2.98929758,9.21,780.0,6200.0,Transit,2021
Kepler-579 b,Kepler-579,9.66857723,0.0854,2.0,4.66,730.0,5636.0,Transit,2016
Kepler-664 b,Kepler-664,2.525593315,0.0374,2.66,7.56,1406.0,5754.0,Transit,2016
Kepler-1417 b,Kepler-1417,20.3505213,0.14062,1.0,0.972,695.0,5839.0,Transit,2016
TOI-4363 b,TOI-4363,2.11867592279,,1.76689273,3.77,884.71,4278.45,Transit,2026
TOI-2373 b,TOI-2373,13.33668,0.112,10.42435205,2955.8041851,860.0,5651.0,Transit,2023
TOI-5386 A b,TOI-5386 A,3.62156552,0.04856,14.70618268,155.10026262,1488.0,6094.0,Transit,2025
Kepler-1484 b,Kepler-1484,30.4549136,0.1939,2.11,5.1,624.0,5730.0,Transit,2016
Kepler-159 b,Kepler-159,10.139623,0.082,2.38,6.26,447.0,4625.0,Transit,2014
Kepler-1712 b,Kepler-1712,13.81499958,0.0903,2.28372556,5.83,391.0,3732.0,Transit,2021
Kepler-660 b,Kepler-660,9.27358194,0.0759,2.57,7.13,649.0,4779.0,Transit,2016
Kepler-616 b,Kepler-616,9.99761851,0.0927,2.43,6.48,860.0,5753.0,Transit,2016
Kepler-157 c,Kepler-157,13.5405,0.11,2.24,5.65,779.0,5774.0,Transit,2014
Kepler-166 c,Kepler-166,34.260281,0.195,2.38,6.26,468.0,5413.0,Transit,2014
Kepler-164 b,Kepler-164,5.03503,0.058,1.41,2.57,1141.0,5888.0,Transit,2014
Kepler-91 b,Kepler-91,6.24658,0.0731,15.322703,257.4423,2040.0,4550.0,Transit,2013
Kepler-331 b,Kepler-331,8.457496,0.065,1.82,3.97,540.0,4347.0,Transit,2014
TOI-1246 e,TOI-1246,37.92548,0.212,3.5141875,14.5,463.98,5213.0,Transit,2022
HD 141399 e,HD 141399,5000.0,5.0,14.1,209.7678,142.24,5600.0,Radial Velocity,2014
HD 208527 b,HD 208527,875.5,2.1,12.5,3146.4,959.79,4035.0,Radial Velocity,2012
HD 219134 h,HD 219134,2247.0,3.11,12.7,108.0622,117.88,4913.0,Radial Velocity,2015
Kepler-254 b,Kepler-254,5.826662,0.064,3.87,14.3,1013.0,5957.0,Transit,2014
HD 20782 b,HD 20782,597.0643,1.3649,13.6,472.83,253.34,5782.13,Radial Velocity,2006
Kepler-152 c,Kepler-152,88.255055,0.356,2.39,6.3,326.0,5088.0,Transit,2014
K2-353 b,K2-353,15.466805,,5.55,26.3,735.0,5698.0,Transit,2021
CoRoT-16 b,CoRoT-16,5.35227,0.0618,13.11,170.032,1195.53,5650.0,Transit,2011
WASP-116 b,WASP-116,6.6132,0.065,13.67495645,203.41018048,1414.0,6250.0,Transit,2025
Kepler-1113 b,Kepler-1113,42.3004954,0.2415,2.81,8.3,558.0,5931.0,Transit,2016
Kepler-1466 b,Kepler-1466,31.1750448,0.17981,1.55,3.02,585.0,5884.0,Transit,2016
Gliese 12 b,Gliese 12,12.761418,0.067,0.93,0.95,314.6,3328.0,Transit,2024
Kepler-326 b,Kepler-326,2.248329,0.032,1.52,44.6,1127.0,5105.0,Transit,2014
HIP 8152 b,HIP 8152,10.751014,0.093,2.53625843,8.9,794.96,5618.0,Transit,2023
Kepler-25 d,Kepler-25,122.4,0.4164221832,10.0,71.9,544.68,6354.0,Radial Velocity,2014
GJ 581 b,GJ 581,5.3686,0.0399,4.79,20.5,464.32,3500.0,Radial Velocity,2005
HD 153557 d,HD 153557,40654.64809,21.449,11.9,8725.66108578,43.47,4837.0,Radial Velocity,2022
GJ 3998 d,GJ 3998,41.78,0.189,2.34,6.07,292.23,3726.0,Radial Velocity,2025
Kepler-1415 b,Kepler-1415,0.63642408,0.01416,1.29,2.21,1846.0,5267.0,Transit,2016
Kepler-501 b,Kepler-501,5.640677572,0.0627,4.3,17.1,1125.0,5904.0,Transit,2016
HAT-P-69 b,HAT-P-69,4.7869491,0.06555,18.786284,1137.8314,1930.0,7394.0,Transit,2019
HD 205158 b,HD 205158,25.33798,0.177,13.9,124.58873554,963.25,6133.55,Radial Velocity,2022
KOI-7913 b,KOI-7913 A,24.278553,0.1456,2.34,6.08,432.0,4324.0,Transit,2022
Kepler-1177 b,Kepler-1177,106.247547,0.4301,1.9,4.27,377.0,5712.0,Transit,2016
HD 221287 b,HD 221287,456.1,1.25,13.1,982.05,290.13,6304.0,Radial Velocity,2007
HIP 38594 b,HIP 38594,60.722,0.256,2.77,8.1,308.29,4086.3,Radial Velocity,2020
Kepler-961 b,Kepler-961,16.87727414,0.12585,2.55,7.04,642.0,5582.0,Transit,2016
TOI-5153 b,TOI-5153,20.33003,0.158,11.88151954,1036.12060682,906.0,6300.0,Transit,2022
Kepler-226 b,Kepler-226,3.940997,0.047,1.55,24.0,1018.0,5571.0,Transit,2014
Kepler-1485 b,Kepler-1485,19.9157725,0.14732,1.47,2.76,728.0,6087.0,Transit,2016
Kepler-389 c,Kepler-389,14.51143,0.11,1.46,2.73,636.0,5376.0,Transit,2014
Kepler-241 b,Kepler-241,12.718092,0.094,2.33,6.04,562.0,4699.0,Transit,2014
Kepler-1239 b,Kepler-1239,5.19104016,0.0625,2.9,8.75,1183.0,6564.0,Transit,2016
Kepler-937 c,Kepler-937,153.343364,0.5545,2.67,7.61,377.0,6095.0,Transit,2016
HD 208487 b,HD 208487,129.36,0.53,14.3,146.20106722,437.59,6134.0,Radial Velocity,2004
Kepler-460 c,KIC 5437945,220.1303357,0.75318,5.52,26.1,389.0,6146.0,Transit,2016
OGLE-TR-111 b,OGLE-TR-111,4.0144463,0.0473,11.421971,174.799,1019.0,5040.0,Transit,2004
TOI-5926 b,TOI-5926,3.81122794237,,7.56807148,44.6,987.0,5388.92,Transit,2026
Kepler-1696 b,Kepler-1696,65.9409,0.3244,2.80982017,8.29,454.0,5712.0,Transit,2020
Kepler-1965 b,Kepler-1965,41.86869812,0.22971,1.35415138,2.4,492.0,5852.0,Transit,2021
Kepler-58 e,Kepler-58,4.45814897,0.0533,1.61,597.796,1212.0,6100.0,Transit,2023
Kepler-1266 c,Kepler-1266,4.86631012,0.0506,1.68023962,3.46,881.0,4996.0,Transit,2021
HD 159243 b,HD 159243,12.62,0.11,13.7,359.13,942.13,6123.0,Radial Velocity,2013
Kepler-949 b,Kepler-949,8.689307296,0.07739,2.91,8.8,782.0,5403.0,Transit,2016
CT Cha b,CT Cha,,440.0,24.66,5403.0,2600.0,4403.0,Imaging,2007
Kepler-1622 b,Kepler-1622,10.8118737,0.10136,1.47,2.76,922.0,6436.0,Transit,2016
Kepler-1725 b,Kepler-1725,16.71990013,0.13263,2.8125177,8.31,767.0,6020.0,Transit,2021
Kepler-1826 b,Kepler-1826,1.615360022,0.0213,1.47519116,2.78,806.0,3821.0,Transit,2021
Kepler-1847 b,Kepler-1847,11.12969971,0.0989,2.74516914,7.97,843.0,6122.0,Transit,2021
Kepler-1401 b,Kepler-1401,11.20066445,0.0975,1.68,3.46,808.0,5964.0,Transit,2016
GJ 581 e,GJ 581,3.1481,0.02799,1.38,2.48,554.37,3500.0,Radial Velocity,2009
Kepler-1853 b,Kepler-1853,48.88819885,0.2395,1.51862272,2.92,386.0,4821.0,Transit,2021
Kepler-155 c,Kepler-155,52.661793,0.242,2.24,5.65,286.0,4508.0,Transit,2014
Kepler-770 d,Kepler-770,4.15244722,0.0616,1.4,2.54,1941.0,5598.0,Transit,2016
Kepler-913 c,Kepler-913,5.939119816,0.0699,3.8580709,14.2,1357.0,6068.0,Transit,2021
HD 73256 c,HD 73256,2690.0,3.8,12.2,5085.254512,133.92,5570.0,Radial Velocity,2023
Kepler-445 d,Kepler-445,8.15275,0.0439,1.25,2.1,305.0,3157.0,Transit,2015
Kepler-163 c,Kepler-163,21.347262,0.152,2.26,5.73,648.0,5776.0,Transit,2014
Kepler-1491 c,Kepler-1491,61.569765,0.3045,2.44,6.53,530.0,5626.0,Transit,2023
Kepler-46 c,Kepler-46,57.011,0.2799,13.5,119.499,455.0,5155.0,Transit Timing Variations,2012
WASP-48 b,WASP-48,2.14363,0.03444,16.8135,254.264,2035.0,5920.0,Transit,2011
Kepler-56 b,Kepler-56,10.5016,0.1028,6.51,22.1,1378.0,4840.0,Transit,2012
Kepler-312 b,Kepler-312,1.772419,0.031,1.29,2.21,1685.0,6115.0,Transit,2014
Kepler-1530 d,Kepler-1530,9.20761013,0.08276,3.27870115,10.8,972.0,5678.0,Transit,2021
Kepler-450 b,Kepler-450,28.454851,0.20092,6.14,19.4,769.0,6197.21,Transit,2015
HIP 75092 b,HIP 75092,926.4,2.02,13.5,568.91284853,353.19,4891.0,Radial Velocity,2021
Kepler-1749 b,Kepler-1749,14.53409958,0.0956,1.61301783,3.23,420.0,3957.0,Transit,2021
Kepler-1815 b,Kepler-1815,12.19139957,0.0984,2.7489262,7.99,763.0,5516.0,Transit,2021
K2-111 c,K2-111,15.6748,0.11565,3.34,11.1,923.0,5775.0,Radial Velocity,2020
Kepler-717 b,Kepler-717,4.40840023,0.052,2.42,6.44,1139.0,5485.0,Transit,2016
K2-188 c,K2-188,7.810253,0.0785,2.83,8.4,1026.0,5977.0,Transit,2018
Kepler-304 c,Kepler-304,5.315946,0.054,2.17,5.35,746.0,4731.0,Transit,2014
HAT-P-43 b,HAT-P-43,3.3326414,0.0444,13.63,210.395,1353.0,5693.0,Transit,2012
TOI-375 c,TOI-375,115.5,0.524,13.4,669.34662514,596.0,5259.9,Radial Velocity,2026
Kepler-560 b,Kepler-560,18.47764449,0.0899,1.72,3.61,298.0,3556.0,Transit,2016
Kepler-1972 c,Kepler-1972,11.3295,0.10493,0.868,2.11,1215.0,5818.0,Transit,2022
Kepler-1566 b,Kepler-1566,0.539915238,0.01198,0.79,0.418,1871.0,5254.0,Transit,2016
kap And b,kap And,,55.0,15.91675259,5498.4314411,1791.0,11327.0,Imaging,2012
Kepler-1432 b,Kepler-1432,23.9109011,0.1696,2.22,5.56,709.0,6031.0,Transit,2016
PZ Tel b,PZ Tel,44000.0,27.0,11.9,8581.366989,53.77,5169.0,Imaging,2023
Kepler-1840 b,Kepler-1840,131.1900024,0.46206,2.77771129,8.13,284.0,4898.0,Transit,2021
Kepler-704 b,Kepler-704,3.76182115,0.047,2.61,7.32,1121.0,5616.0,Transit,2016
TOI-172 b,TOI-172,9.47725,0.0914,10.816685,1722.6386,1198.0,5645.0,Transit,2019
HD 82943 c,HD 82943,220.078,0.74345,13.4,622.603,360.95,5935.0,Radial Velocity,2003
HD 68475 b,HD 68475,7832.0,7.27,12.8,1639.99458012,79.88,5022.0,Radial Velocity,2026
Kepler-671 b,Kepler-671,4.280958588,0.0503,2.69,7.7,1012.0,5624.0,Transit,2016
Kepler-1806 b,Kepler-1806,9.033320427,0.0813,2.35560189,6.15,729.0,5311.0,Transit,2021
Kepler-1388 c,Kepler-1388,5.53608151,0.0519,2.26,5.73,566.0,4098.0,Transit,2016
CoRoT-11 b,CoRoT-11,2.99433,0.0436,16.03,740.51,1657.0,6440.0,Transit,2010
TOI-1235 b,TOI-1235,3.444714,0.03845,1.69,6.69,775.0,3997.0,Transit,2020
HD 1397 b,HD 1397,11.53533,0.1097,11.500434,131.89945,1228.3,5521.0,Transit,2018
Kepler-1519 b,Kepler-1519,240.7989397,0.7655,7.06,39.6,342.0,5644.0,Transit,2016
Kepler-121 c,Kepler-121,41.008011,0.216,2.27,5.77,425.0,5311.0,Transit,2014
Kepler-1801 c,Kepler-1801,116.583183,0.4572,2.91,8.8,371.0,5738.0,Transit,2023
TOI-2000 c,TOI-2000,9.127055,0.0878,8.14,81.7,1038.0,5611.0,Transit,2023
Kepler-1726 b,Kepler-1726,18.39629936,0.12794,2.50861954,6.84,582.0,5316.0,Transit,2021
K2-154 c,K2-154,7.95486,0.0677,2.07,4.94,552.0,4097.0,Transit,2018
WASP-11 b,WASP-11,3.72247,0.0435,12.44199,251.0857,992.0,4800.0,Transit,2008
Kepler-286 e,Kepler-286,29.221289,0.176,1.77,3.78,539.0,5580.0,Transit,2014
HD 82886 b,HD 82886,705.0,1.58,13.3,740.5439,435.78,4953.0,Radial Velocity,2011
Kepler-275 c,Kepler-275,16.088134,0.132,3.38,11.4,875.0,6165.0,Transit,2014
K2-183 c,K2-183,10.787992,0.0932,2.3,5.9,787.0,5482.0,Transit,2018
NGTS-21 b,NGTS-21,1.5433897,0.0236,14.90794433,750.07504052,1357.0,4660.0,Transit,2022
HD 108202 b,HD 108202,2990.0,3.7,13.1,953.485221,93.04,4556.03,Radial Velocity,2023
BD-210397 c,BD-210397,6240.0,5.9,12.9,1525.5763536,69.51,4051.0,Radial Velocity,2023
TOI-1739 b,TOI-1739,8.303341406,0.073872,1.946,4.45,755.55,4814.0,Transit,2024
Kepler-648 b,Kepler-648,17.4211749,0.13324,3.22,10.5,674.0,5741.0,Transit,2016
1RXS J160929.1-210524 b,1RXS J160929.1-210524,,330.0,18.647,3000.0,1700.0,4060.0,Imaging,2008
Kepler-1462 b,Kepler-1462,65.6488341,0.3094,3.82,14.0,390.0,5756.0,Transit,2016
TOI-2518 b,TOI-2518,6.89797425216,,2.26838675,5.77,1095.0,5751.2,Transit,2026
Kepler-124 b,Kepler-124,3.410493,0.039,0.73,0.315,892.0,4984.0,Transit,2014
Kepler-428 b,Kepler-428,3.52563254,0.0433,12.11,403.63,1070.0,5150.0,Transit,2014
GJ 674 b,GJ 674,4.6938,0.039,3.33,11.09,530.8,3600.0,Radial Velocity,2007
TOI-5800 b,TOI-5800,2.6278838,0.0344,2.46,9.5,1108.0,4850.0,Transit,2025
HAT-P-50 b,HAT-P-50,3.1220109,0.0453,14.437192,429.0705,1862.0,6280.0,Transit,2015
K2-233 c,K2-233,7.06024,0.0664,1.272,4.6,794.0,4796.0,Transit,2018
Kepler-1937 b,Kepler-1937,9.688599586,0.0915,3.0229133,9.39,1014.0,6457.0,Transit,2021
Kepler-1946 b,Kepler-1946,3.035190105,0.0394,2.48812698,6.75,1143.0,5505.0,Transit,2021
TOI-4465 b,TOI-4465,101.94054,0.416,14.01122587,1872.00931723,427.0,5545.0,Transit,2025
TOI-2274 b,TOI-2274,2.67963,0.05,2.45,6.57,771.46,3943.0,Transit,2024
K2-73 b,K2-73,7.49556,0.07619,2.58,9.2,968.0,5867.0,Transit,2016
TOI-2420 b,TOI-2420,5.842641,0.0684,15.02003414,294.62693329,1571.6,5707.0,Transit,2024
TOI-3540 A b,TOI-3540 A,3.119999,0.04289,23.53885947,375.03752026,1498.0,5810.0,Transit,2022
CoRoT-29 b,CoRoT-29,2.85057,0.0386,10.0881,270.1555,1224.75,5260.0,Transit,2015
Kepler-328 c,Kepler-328,71.312,0.354,5.4,39.4,475.0,6064.0,Transit,2013
HD 109286 b,HD 109286,520.1,1.259,13.2,950.30693693,259.4,5694.0,Radial Velocity,2021
HD 108874 c,HD 108874,1624.0,2.659,13.8,314.64,168.21,5551.0,Radial Velocity,2005
HD 285968 b,HD 285968,8.7836,0.066,2.83,8.4,450.0,3703.49,Radial Velocity,2008
WASP-50 b,WASP-50,1.9551,0.0293,13.069694,466.828704,1394.84,5400.0,Transit,2011
Kepler-285 b,Kepler-285,2.633867,0.036,1.34,2.36,1131.0,5411.0,Transit,2014
Kepler-1607 b,Kepler-1607,13.6473676,0.11978,0.92,0.721,913.0,6116.0,Transit,2016
HD 134606 e,HD 134606,4.3203,0.0527,1.33,2.34,1260.39,5576.0,Radial Velocity,2024
Kepler-1050 b,Kepler-1050,15.3787546,0.12353,1.6,3.19,1039.0,6010.0,Transit,2016
Kepler-1145 b,Kepler-1145,3.97076766,0.0443,1.4,2.54,958.0,5064.0,Transit,2016
Kepler-957 b,Kepler-957,5.907413537,0.0559,5.5,25.9,769.0,4963.0,Transit,2016
TOI-3856 b,TOI-3856,2.04360352,0.0325,13.59649359,171.62733978,1544.0,5622.0,Transit,2025
CoRoT-3 b,CoRoT-3,4.2568,0.05783,11.32,6883.91,1695.0,6740.0,Transit,2008
Kepler-562 b,Kepler-562,18.009314436,0.1333,5.21,23.7,658.0,5575.0,Transit,2016
K2-294 b,K2-294,2.50387,,1.66,3.39,1425.0,5612.0,Transit,2019
HD 93351 b,HD 93351,2.45946,0.035,1.69,3.49611248,1330.76,5408.0,Radial Velocity,2022
HIP 65426 b,HIP 65426,,92.0,16.8135,2860.47,1500.0,8840.0,Imaging,2017
XO-7 b,XO-7,2.8641424,0.04421,15.389957,225.34147,1743.0,6250.0,Transit,2019
TOI-5734 b,TOI-5734,6.1841876,0.05921,2.1,9.1,688.0,4750.0,Transit,2026
Kepler-1740 b,Kepler-1740,8.172400475,0.0779,3.32321414,11.0,858.0,5705.0,Transit,2021
HIP 34222 b,HIP 34222,159.986,0.492,13.9,263.79757781,218.98,4050.0,Radial Velocity,2021
Kepler-1852 b,Kepler-1852,7.970940113,0.0762,1.88610592,4.22,760.0,5237.0,Transit,2021
Kepler-1774 b,Kepler-1774,59.77080154,0.29496,3.18179549,10.2,522.0,6214.0,Transit,2021
Kepler-1277 b,Kepler-1277,40.8365012,0.21857,1.6,3.19,496.0,5578.0,Transit,2016
Kepler-249 c,Kepler-249,7.113702,0.058,1.51,2.89,429.0,3568.0,Transit,2014
HATS-24 b,HATS-24,1.3484978,0.0238,15.636555,718.2958,2166.0,6125.0,Transit,2017
HD 67087 c,HD 67087,2374.0,3.86,12.9,1540.0,193.42,6330.0,Radial Velocity,2015
Kepler-185 b,Kepler-185,1.6329,0.026,1.17,1.71,1237.0,5208.0,Transit,2014
Kepler-1294 b,Kepler-1294,115.6862258,0.4684,3.19,10.3,401.0,5776.0,Transit,2016
Kepler-401 d,Kepler-401,184.256405,0.66886,2.27,5.77,380.0,6184.0,Transit,2016
K2-290 b,K2-290,9.21165,0.0923,3.06,10.9,1230.0,6302.0,Transit,2019
Kepler-1362 b,Kepler-1362,136.205626,0.4626,2.6,7.27,248.0,4857.0,Transit,2016
Kepler-49 e,Kepler-49,18.596108,0.116,1.56,1.03815,371.0,4252.0,Transit,2014
WASP-154 b,WASP-154,3.811678,0.044,10.76062147,198.96058278,994.0,4774.0,Transit,2025
HD 2952 b,HD 2952,312.08,1.117,13.9,284.77425267,731.02,4853.0,Radial Velocity,2013
Kepler-774 b,Kepler-774,11.0895723,0.1082,3.17,10.2,1422.0,6403.0,Transit,2016
Kepler-77 b,Kepler-77,3.57878087,0.04501,10.761,136.661,1440.0,5520.0,Transit,2013
TOI-756 b,TOI-756,1.2392495,0.018,2.81,9.83,934.0,3657.0,Transit,2025
Qatar-3 b,Qatar-3,2.5079204,0.03783,12.285064,1369.8473,1681.0,6007.0,Transit,2017
Kepler-1567 b,Kepler-1567,153.979578,0.552,2.73,7.9,330.0,5655.0,Transit,2016
Kepler-1406 b,Kepler-1406,11.62905828,0.0987,1.1,1.37,854.0,5892.0,Transit,2016
Kepler-758 e,Kepler-758,8.1934719,0.0829,1.53,2.96,1144.0,6228.0,Transit,2016
Kepler-293 b,Kepler-293,19.254196,0.144,3.07,9.64,657.0,5804.0,Transit,2014
HD 135625 b,HD 135625,4055.0,5.4,13.3,731.0053361,146.04,6040.64,Radial Velocity,2023
HD 153557 b,HD 153557,7.29903,0.068,4.77,20.34101805,772.12,4837.0,Radial Velocity,2022
GJ 2030 c,GJ 2030,25533.11353,16.761,12.3,4069.15709482,96.71,5485.0,Radial Velocity,2022
Kepler-1212 b,Kepler-1212,12.94130146,0.1082,2.14,5.22,795.0,6051.0,Transit,2016
Kepler-679 b,Kepler-679,12.39358604,0.0983,3.01,9.32,677.0,5403.0,Transit,2016
TOI-4794 b,TOI-4794,3.5658116,0.0492,14.35870428,308.29355479,1673.0,6390.0,Transit,2025
Kepler-1170 b,Kepler-1170,9.98969327,0.088,2.41,6.39,705.0,5069.0,Transit,2016
Kepler-245 e,Kepler-245,3.219821056,0.04053,1.75,1806.36,998.0,5174.0,Transit,2016
TOI-1836 c,TOI-1836,1.7727471,0.03089,2.59987579,8.0,2007.6,6237.0,Transit,2024
HD 219828 c,HD 219828,4789.87297,5.657,12.2,5102.41724598,149.17,5891.0,Radial Velocity,2016
Kepler-487 c,Kepler-487,38.6519976,0.21864,2.68,7.65,487.0,5444.0,Transit,2016
HD 162020 b,HD 162020,8.4282,0.08,12.5,3127.4472,650.0,4723.0,Radial Velocity,2002
TOI-2322 b,TOI-2322,11.30717,0.0924,0.994,2.31,603.1,4664.0,Transit,2025
K2-85 b,K2-85,0.68453862616,0.013,1.4,3.2,1355.0,4232.0,Transit,2016
Kepler-473 b,Kepler-473,14.55731705,0.12048,4.08,15.6,879.0,5816.0,Transit,2016
TOI-2133 b,TOI-2133,3.8266472,0.041,2.37,6.21,798.0,4250.0,Transit,2026
Kepler-7 b,Kepler-7,4.8854892,0.06067,18.180998,140.16303,1630.0,5933.0,Transit,2009
Kepler-1360 b,Kepler-1360,40.5286413,0.2866,3.4,11.5,933.0,6778.0,Transit,2016
TOI-4406 b,TOI-4406,30.08364,0.201,11.2089807,95.3485221,904.0,6219.0,Transit,2023
HD 108147 b,HD 108147,10.8985,0.102,10.9,82.95,890.0,6255.73,Radial Velocity,2002
Kepler-611 b,Kepler-611,2.437033302,0.0351,1.65,3.36,1513.0,5761.0,Transit,2016
Kepler-1635 b,Kepler-1635,469.63111,1.12664,3.64,12.9,200.0,5347.0,Transit,2016
11 Com b,11 Com,323.21,1.178,12.2,4914.89848585,803.26,4874.0,Radial Velocity,2007
HD 136352 b,HD 136352,11.57797,0.0964,1.664,4.72,905.0,5664.0,Radial Velocity,2019
Kepler-1388 e,Kepler-1388,37.6327084,0.1861,2.46,6.62,299.0,4098.0,Transit,2016
CoRoT-6 b,CoRoT-6,8.886593,0.0855,13.068,940.74,1017.0,6090.0,Transit,2009
Kepler-1162 c,Kepler-1162,59.284064,0.2832,1.81,3.93,401.0,5225.0,Transit,2023
HD 134606 f,HD 134606,26.915,0.1784,2.24,5.63,685.04,5576.0,Radial Velocity,2024
Kepler-1991 c,Kepler-1991,22.79020351,0.1528,2.57,7.13,634.0,5478.0,Transit,2023
Kepler-316 b,Kepler-316,2.240508,0.027,1.06,1.2,837.0,4204.0,Transit,2014
Kepler-1560 b,Kepler-1560,3.03195744,0.04175,0.89,0.64,1269.0,5815.0,Transit,2016
Kepler-1440 b,Kepler-1440,39.859484,0.23431,1.26,2.13,597.0,5698.0,Transit,2016
Kepler-220 d,Kepler-220,28.122397,0.163,0.98,0.904,401.0,4632.0,Transit,2014
HD 191939 b,HD 191939,8.8803256,0.0804,3.41,10.0,880.0,5348.0,Transit,2020
Kepler-1068 b,Kepler-1068,16.92344113,0.13038,3.63,12.8,702.0,5806.0,Transit,2016
TOI-1273 b,TOI-1273,4.631296,0.0549,11.09689089,70.55790635,1211.0,5690.0,Transit,2024
Kepler-1317 b,Kepler-1317,0.568874427,0.0128,1.56,3.05,1796.0,5144.0,Transit,2016
HAT-P-56 b,HAT-P-56,2.79083,0.0423,16.92559,734.1873,1840.0,6566.0,Transit,2015
Kepler-462 b,Kepler-462,84.6866,0.4172,3.0,53.9,611.0,7500.0,Transit,2016
TOI-1107 b,TOI-1107,4.0782387,0.0561,14.57167491,1064.72516345,1728.0,6311.0,Transit,2022
Kepler-1728 b,Kepler-1728,4.782999992,0.0535,2.95501875,9.04,886.0,5170.0,Transit,2021
Kepler-32 c,Kepler-32,8.7522,0.09,2.0,158.9,451.0,3900.0,Transit,2011
HD 8574 b,HD 8574,227.0,0.76,13.4,645.1949,394.03,6064.0,Radial Velocity,2002
Kepler-62 e,Kepler-62,122.3874,0.427,1.61,36.0,270.0,4925.0,Transit,2013
TOI-6002 b,TOI-6002,10.904821,0.05722,1.65,3.36,321.4,3229.0,Transit,2024
Kepler-1370 c,Kepler-1370,7.44142113,0.08084,1.27,2.15,1075.0,6202.0,Transit,2016
KELT-2 A b,KELT-2 A,4.11379,0.05497,15.13215,540.311,2080.0,6327.0,Transit,2012
HATS-71 b,HATS-71,3.7955202,0.03745,11.478016,117.5971,586.8,3405.0,Transit,2020
HATS-47 b,HATS-47,3.9228038,0.04269,12.520453,117.27927,852.9,4512.0,Transit,2020
Kepler-1619 b,Kepler-1619,23.6225913,0.15413,0.76,0.363,797.0,5852.0,Transit,2016
Kepler-591 b,Kepler-591,81.1694299,0.3554,3.39,11.4,436.0,5677.0,Transit,2016
Kepler-145 b,Kepler-145,22.951,0.17308,2.65,37.1,873.0,6022.0,Transit,2013
PH1 b,PH1,138.317,0.652,6.18,169.0,481.0,6407.0,Transit,2012
K2-72 c,K2-72,15.189034,0.078,1.16,1.65,333.81,3360.47,Transit,2016
KELT-6 b,KELT-6,7.8457,0.07939,14.5717,165.2716,1313.0,6102.0,Transit,2014
BD-13 2130 b,BD-13 2130,714.29999,1.66,12.5,3108.3774,744.77,4545.0,Radial Velocity,2007
Kepler-1746 b,Kepler-1746,321.2120056,0.94082,8.93504475,59.1,310.0,6018.0,Transit,2021
Kepler-269 c,Kepler-269,8.127899,0.081,1.69,3.5,875.0,5847.0,Transit,2014
Kepler-206 d,Kepler-206,23.44281,0.163,1.19,1.81,681.0,5764.0,Transit,2014
HD 89307 b,HD 89307,2166.0,3.27,13.4,642.01338214,166.55,5955.0,Radial Velocity,2009
HD 14787 b,HD 14787,676.6,1.7,13.7,356.28743,409.43,4946.0,Radial Velocity,2018
TOI-2524 b,TOI-2524,7.18585,0.073,11.2089807,203.41018048,1100.0,5831.0,Transit,2023
HD 2638 b,HD 2638,3.4442,0.04,14.3,133.4886,1212.27,5186.0,Radial Velocity,2005
Kepler-995 b,Kepler-995,28.26731672,0.1701,2.7,7.75,517.0,5206.0,Transit,2016
Kepler-236 c,Kepler-236,23.968127,0.132,2.0,4.66,329.0,3750.0,Transit,2014
TOI-2328 b,TOI-2328,17.10197,0.127,9.97599282,50.85254512,842.0,5525.0,Transit,2025
HIP 67537 b,HIP 67537,2523.64713,4.807,12.3,4309.11754211,323.2,4985.0,Radial Velocity,2017
Kepler-305 c,Kepler-305,8.291,0.07568,3.3,6.0,728.0,5080.0,Transit,2013
HD 77338 b,HD 77338,5.7361,0.06,4.12,15.9,1035.54,5341.0,Radial Velocity,2012
KOI-3503 c,KOI-3503,31.828,0.18688,1.21,10.36,686.0,6001.0,Transit,2021
TOI-2152 A b,TOI-2152,3.3773512,0.05064,14.35870428,899.45439181,1802.0,6630.0,Transit,2023
HD 83443 b,HD 83443,2.985628,0.0406,14.1,127.76701961,1262.68,5442.0,Radial Velocity,2002
HD 133131 A b,HD 133131 A,649.0,1.44,13.6,451.3186,227.72,5799.0,Radial Velocity,2016
HD 66428 c,HD 66428,10478.84437,9.408,13.5,560.64930995,95.52,5716.0,Radial Velocity,2021
Kepler-607 b,Kepler-607,0.638163204,0.0137,0.87,0.59,1874.0,5196.0,Transit,2016
Kepler-860 b,Kepler-860,5.101379454,0.058,3.24,10.6,1050.0,5836.0,Transit,2016
HD 196067 b,HD 196067,3413.7,4.71,12.4,3623.2438398,176.42,6072.0,Radial Velocity,2012
Kepler-1039 b,Kepler-1039,0.934884242,0.01714,1.46,2.73,2080.0,4870.0,Transit,2016
Kepler-228 c,Kepler-228,4.134444,0.052,2.7,7.75,1160.0,6043.0,Transit,2014
Kepler-378 b,Kepler-378,16.092361,0.112,0.75,0.347,503.0,4661.0,Transit,2014
HD 4208 b,HD 4208,832.97,1.662,13.9,257.4423,196.68,5717.0,Radial Velocity,2001
HD 148156 b,HD 148156,1027.0,2.45,13.9,270.144,213.76,6308.0,Radial Velocity,2009
HD 168746 b,HD 168746,6.404,0.07,11.1,85.8141,900.0,5570.0,Radial Velocity,2002
HD 20781 c,HD 20781,13.8905,0.1004,2.17,5.33,730.3,5256.0,Radial Velocity,2019
Kepler-1779 b,Kepler-1779,16.34359932,0.1264,3.03295685,9.44,730.0,5730.0,Transit,2021
K2-32 d,K2-32,31.71701,0.18422,3.484,6.7,550.0,5271.0,Transit,2016
HD 100508 b,HD 100508,5681.0,6.11,13.7,381.3940884,106.66,5419.0,Radial Velocity,2026
HD 184010 b,HD 184010,286.6,0.94,12.1,98.52680617,545.04,4971.0,Radial Velocity,2022
Kepler-1220 b,Kepler-1220,7.42693741,0.0734,1.52,2.92,899.0,5842.0,Transit,2016
Kepler-1119 b,Kepler-1119,8.3265153,0.0812,1.92,4.35,938.0,6083.0,Transit,2016
Kepler-146 b,Kepler-146,31.158799,0.2,3.71,13.3,639.0,5948.0,Transit,2014
HD 82943 b,HD 82943,441.47,1.18306,13.5,534.25,286.13,5935.0,Radial Velocity,2003
TOI-2084 b,TOI-2084,6.0784247,0.05006,2.47,6.66,527.0,3551.0,Transit,2023
HD 109749 b,HD 109749,5.239891,0.0615,11.1,85.8141,1250.83,5824.0,Radial Velocity,2005
HD 4760 b,HD 4760,434.0,1.14,12.3,4417.837,1198.67,4076.0,Radial Velocity,2021
TOI-2093 c,TOI-2093,53.81149,0.257,2.3,15.8,329.0,4426.0,Transit,2025
HAT-P-7 b,HAT-P-7,2.20474,0.03809,16.92559,584.8072,2733.0,6389.0,Transit,2008
2MASS J02192210-3925225 b,2MASS J02192210-3925225,,156.0,16.14096,4417.837,6.27,3064.0,Imaging,2015
TOI-2015 c,TOI-2015,5.582796,0.041232,2.93,8.91,448.0,3297.0,Transit Timing Variations,2025
HIP 113103 c,HIP 113103,14.245648,0.10479,2.4,6.35,585.0,4930.0,Transit,2023
Kepler-1254 b,Kepler-1254,9.99113313,0.0833,1.55,3.02,660.0,4985.0,Transit,2016
TOI-5788 c,TOI-5788,16.213362,0.1197,2.272,6.4,667.0,5615.0,Transit,2026
Kepler-30 b,Kepler-30,29.33434,0.18,3.9,11.3,524.0,5498.0,Transit,2012
Kepler-909 b,Kepler-909,13.93290318,0.11873,1.47,2.76,852.0,6154.0,Transit,2016
Kepler-1488 b,Kepler-1488,39.8189932,0.24153,1.86,4.12,650.0,5820.0,Transit,2016
Kepler-557 b,Kepler-557,3.705989551,0.0469,2.67,7.61,1281.0,6068.0,Transit,2016
K2-342 b,K2-342,11.561052,,2.03,4.78,861.0,5920.0,Transit,2021
K2-195 b,K2-195,15.852975,0.1208,3.13,9.96,720.0,5713.0,Transit,2018
Kepler-842 b,Kepler-842,1.21956827,0.0204,1.6,3.19,1252.0,4848.0,Transit,2016
TOI-5292 A b,TOI-5292 A,2.02191,0.0279,12.64373023,412.85910069,809.0,3919.0,Transit,2026
Kepler-81 c,Kepler-81,12.04,0.08347,2.37,4.3,502.0,4385.0,Transit,2012
Kepler-196 b,Kepler-196,20.739886,0.138,1.9,4.27,536.0,5128.0,Transit,2014
Kepler-179 b,Kepler-179,2.735926,0.036,1.64,3.33,1075.0,5302.0,Transit,2014
TIC 365102760 b,TIC 365102760,4.21285367,0.0622,6.21,19.2,1676.12,4900.0,Transit,2024
K2-146 b,K2-146,2.6446,0.0248,2.05,5.77,534.0,3385.0,Transit,2018
WASP-158 b,WASP-158,3.656333,0.0517,11.99363,886.7457,1590.0,6350.0,Transit,2018
KIC 3526061 b,KIC 3526061,3552.0,5.14,12.1,5768.58558705,248.63,4829.0,Radial Velocity,2022
Kepler-711 b,Kepler-711,23.58914398,0.1429,3.41,11.5,487.0,5222.0,Transit,2016
TOI-1347 b,TOI-1347,0.84742346,0.0171,1.8,11.1,1400.0,5464.0,Transit,2024
Kepler-738 b,Kepler-738,24.58721573,0.1552,2.5,6.8,530.0,5327.0,Transit,2016
Kepler-131 b,Kepler-131,16.092,0.12789,2.41,16.13,718.0,5685.0,Transit,2014
HIP 29442 d,TOI-469,6.429575,0.0673,1.538,5.14,920.0,5289.0,Radial Velocity,2023
Kepler-1941 b,Kepler-1941,31.33510017,0.2054,2.64976949,7.51,666.0,6404.0,Transit,2021
Kepler-1850 b,Kepler-1850,1.385800004,0.0206,0.72909663,0.313,1008.0,4239.0,Transit,2021
K2-28 b,K2-28,2.260455,0.0214,2.32,5.99,568.0,3214.0,Transit,2016
HD 34445 b,HD 34445,1049.0,2.07,13.9,260.6206,231.47,5879.0,Radial Velocity,2009
TOI-2796 b,TOI-2796,4.8084983,0.0569,17.26183028,139.84449908,1205.0,5764.0,Transit,2023
TOI-6054.02,TOI-6054,12.563636,0.1079,2.82,9.3,1143.0,6047.0,Transit,2024
TOI-2184 b,TOI-2184,6.90683,,11.39953337,206.58846455,1676.05,5966.0,Transit,2022
WASP-26 b,WASP-26,2.7566,0.04,13.56289,270.1555,1650.0,6034.0,Transit,2010
Kepler-92 d,Kepler-92,49.3568,0.28682,2.067,11.8666806,637.0,5904.34,Transit,2015
TOI-2005 b,TOI-2005,17.305904,0.16,11.99360935,2034.1018048,1221.39,7130.0,Transit,2025
K2-199 c,K2-199,7.3744897,0.0662,2.85,12.4,694.0,4491.0,Transit,2018
Kepler-341 b,Kepler-341,5.195528,0.06,1.18,1.76,1085.0,6012.0,Transit,2014
Kepler-197 e,Kepler-197,25.209715,0.164,0.91,0.693,691.0,6004.0,Transit,2014
TOI-1260 d,TOI-1260,16.608164,0.1116,3.12,11.84,499.0,4227.0,Transit,2022
Kepler-194 d,Kepler-194,52.814973,0.275,2.4,6.35,562.0,6089.0,Transit,2014
K2-239 c,K2-239,7.775,0.0576,1.0,0.972,427.0,3420.0,Transit,2018
KIC 9663113 b,KIC 9663113,572.3847,1.55346,4.6,19.2,264.0,6065.0,Transit,2015
HAT-P-58 b,HAT-P-58,4.0138379,0.04994,14.93036229,118.2321674,1622.0,6078.0,Transit,2021
Kepler-1879 b,Kepler-1879,10.61340046,0.0957,2.06512018,4.92,987.0,5865.0,Transit,2021
WASP-58 b,WASP-58,5.01718,0.0562,16.02887,308.2951,1270.0,5800.0,Transit,2012
HD 88986 b,HD 88986,146.05,0.58,2.49,17.2,460.0,5861.0,Radial Velocity,2023
Kepler-1694 b,Kepler-1694,3.89526,0.0449,1.17986031,1.76,956.0,4954.0,Transit,2020
Kepler-20 c,Kepler-20,10.8540774,0.0936,2.894,11.1,828.0,5495.0,Transit,2011
Kepler-114 c,Kepler-114,8.041,0.06482,1.6,2.8,507.0,4660.0,Transit,2013
K2-79 b,K2-79,10.995039,0.0987,4.15,5.9,1033.0,5897.0,Transit,2016
GJ 1061 b,GJ 1061,3.2073,0.021,1.04,1.11,388.11,2953.0,Radial Velocity,2020
HD 18143 c,HD 18143,28982.41764,17.53,12.5,3177.64841319,54.55,5078.0,Radial Velocity,2022
Kepler-392 b,Kepler-392,5.341853,0.059,1.0,0.972,1125.0,5938.0,Transit,2014
HD 213519 b,HD 213519,11.12214,0.099,2.99,9.2170238,931.36,5840.0,Radial Velocity,2022
24 Boo b,24 Boo,30.33,0.194,13.9,280.64248338,1840.86,4816.0,Radial Velocity,2018
TOI-4930 b,TOI-4930,6.78130241498,,6.93277225,38.4,1169.0,5624.72,Transit,2026
Kepler-411 b,Kepler-411,3.005156,0.0375,2.401,25.6,1138.0,4974.0,Transit,2013
TOI-954 b,TOI-954,3.6849729,0.04963,9.550068,55.30242,1526.0,5710.0,Transit,2020
Kepler-347 b,Kepler-347,12.79836,0.11,1.97,4.54,908.0,6088.0,Transit,2014
TOI-4559 b,TOI-4559,3.965991,0.0359,1.415,2.59,554.16,3558.0,Transit,2024
TOI-5319 b,TOI-5319,4.07853,0.0506,2.83,8.4,695.0,3580.0,Transit,2024
Kepler-1721 b,Kepler-1721,4.592380047,0.0519,3.11856756,9.9,924.0,5351.0,Transit,2021
HD 224538 b,HD 224538,1202.05199,2.375,12.7,2075.73732612,236.74,6097.0,Radial Velocity,2016
Kepler-819 b,Kepler-819,33.1995648,0.1894,2.76,8.05,485.0,5279.0,Transit,2016
HAT-P-20 b,HAT-P-20,2.875317,0.0361,9.718,2302.899,970.0,4595.0,Transit,2010
Kepler-749 b,Kepler-749,17.31716585,0.1054,3.1,9.8,454.0,5009.0,Transit,2016
Kepler-1446 b,Kepler-1446,0.689967832,0.01405,0.82,0.477,1539.0,4865.0,Transit,2016
HATS-66 b,HATS-66,3.1414391,0.04714,15.815899,1694.0339,1998.0,6626.0,Transit,2018
GJ 238 b,GJ 238,1.7446999,0.02123,0.566,0.126,758.0,3485.0,Transit,2024
HIP 4845 b,HIP 4845,34.15,0.176,3.89,14.4,358.21,4010.0,Radial Velocity,2020
HATS-53 b,HATS-53,3.8537768,0.04753,15.02006,189.10885,1312.0,5644.0,Transit,2017
HAT-P-22 b,HAT-P-22,3.21222,0.0414,12.89035,785.0401,1463.0,5302.0,Transit,2010
Qatar-5 b,Qatar-5,2.8792319,0.04127,12.408363,1373.0256,1415.0,5747.0,Transit,2017
Kepler-1354 b,Kepler-1354,76.613377,0.3521,2.97,9.11,466.0,6168.0,Transit,2016
TOI-5422 b,TOI-5422,5.377219,0.0619,9.10169233,8899.195396,1369.0,5820.0,Transit,2026
Kepler-607 c,Kepler-607,39.67679977,0.21507,2.76001201,8.05,473.0,5244.0,Transit,2021
GJ 9689 b,GJ 9689,18.27,0.1139,3.07,9.65,453.04,3836.0,Radial Velocity,2020
Kepler-1715 b,Kepler-1715,35.59730148,0.22429,4.14042267,16.0,646.0,6212.0,Transit,2021
K2-16 b,K2-16,7.6188,0.0667,2.02,4.74,658.0,4742.0,Transit,2015
WASP-161 b,WASP-161,5.4060425,0.0673,12.811887,791.3967,1557.0,6400.0,Transit,2018
Kepler-259 b,Kepler-259,8.115317,0.079,2.8,8.25,879.0,5938.0,Transit,2014
Kepler-823 b,Kepler-823,4.16809082,0.0507,1.57,3.09,1277.0,5643.0,Transit,2016
Kepler-1727 b,Kepler-1727,9.029299736,0.0796,3.17321625,10.2,757.0,5349.0,Transit,2021
HD 79181 b,HD 79181,273.1,0.9,14.1,203.41018048,821.87,4862.0,Radial Velocity,2021
Kepler-197 d,Kepler-197,15.677563,0.119,1.22,1.98,810.0,6004.0,Transit,2014
GJ 3323 c,GJ 3323,40.54,0.1264,1.32,2.31,147.8,3159.0,Radial Velocity,2017
Kepler-1092 b,Kepler-1092,58.6017925,0.2996,2.07,4.94,508.0,5862.0,Transit,2016
Kepler-184 d,Kepler-184,29.022358,0.179,2.49,6.76,559.0,5788.0,Transit,2014
K2-90 c,K2-90,2.900706,0.035,1.3,2.24,908.07,4421.98,Transit,2016
Kepler-601 b,Kepler-601,5.378868441,0.05494,1.9,4.27,833.0,5160.0,Transit,2016
Kepler-781 b,Kepler-781,13.2140732,0.1019,2.89,8.7,629.0,5162.0,Transit,2016
Kepler-1150 b,Kepler-1150,2.787868386,0.0382,1.02,1.04,1432.0,4754.0,Transit,2016
Kepler-390 c,Kepler-390,13.060022,0.101,0.79,0.418,630.0,5166.0,Transit,2014
K2-62 c,K2-62,16.19697,0.1148,1.99,4.62,495.0,4455.0,Transit,2016
K2-72 b,K2-72,5.577212,0.04,1.08,1.28,466.13,3360.47,Transit,2016
HD 155358 b,HD 155358,194.3,0.63,13.8,314.6517,421.43,5905.0,Radial Velocity,2007
TOI-2104 b,TOI-2104,5.904370457,,1.52898127,2.95,846.0,4856.13,Transit,2026
DS Tuc A b,DS Tuc A,8.138268,,5.7,413.179,850.0,5428.0,Transit,2019
Kepler-222 d,Kepler-222,28.081912,0.18,3.69,13.2,522.0,5433.0,Transit,2014
TOI-2257 b,TOI-2257,35.189346,0.145,2.194,5.45,256.0,3430.0,Transit,2021
K2-285 d,K2-285,10.45582,0.1178,2.48,6.5,619.9,4975.0,Transit,2018
HD 140901 c,HD 140901,14386.0,11.8,13.4,572.0911326,76.76,5610.0,Radial Velocity,2022
Kepler-104 d,Kepler-104,51.755394,0.257,3.58,5.54022107,515.0,5711.0,Transit,2014
GJ 3293 c,GJ 3293,122.6196,0.36175,4.87,21.09,176.62,3466.0,Radial Velocity,2015
Kepler-38 b,Kepler-38,105.599,0.4632,4.3,122.0,475.0,5623.0,Transit,2012
Kepler-1918 b,Kepler-1918,47.0564003,0.2524,2.29763023,5.89,497.0,5889.0,Transit,2021
Kepler-20 e,Kepler-20,6.0984882,0.0637,0.821,0.76,1004.0,5495.0,Transit,2011
TOI-1438 c,TOI-1438,9.428089,0.083,2.75,10.6,794.0,5230.0,Transit,2025
HIP 97233 b,HIP 97233,1062.26506,2.491,12.1,6098.17364511,354.42,5020.0,Radial Velocity,2014
Kepler-247 d,Kepler-247,20.477912,0.14,3.94,14.7,530.0,5100.0,Transit,2014
K2-114 b,K2-114,11.390931,0.0944,10.59248676,638.83509807,701.4,4899.0,Transit,2017
TOI-1518 b,TOI-1518,1.90261131,0.03712,21.05046575,581.62598481,2546.0,7299.0,Transit,2021
Kepler-85 d,Kepler-85,17.91323,0.13,1.2,8.69679,626.0,5436.0,Transit,2014
NGTS-25 b,NGTS-25,2.823093,0.0388,11.46678726,203.09235207,1101.0,5321.0,Transit,2022
Kepler-813 b,Kepler-813,19.12947337,0.1439,2.14,5.22,817.0,5743.0,Transit,2016
GJ 649 b,GJ 649,600.1,1.112,10.8,81.99972901,120.74,3734.0,Radial Velocity,2009
MASCARA-1 b,MASCARA-1,2.14877381,0.040352,17.90074218,1175.971,2594.3,7490.0,Transit,2017
TOI-277 b,TOI-277,3.994,0.0269,2.65,7.51,587.92,4031.0,Transit,2022
TOI-2525 c,TOI-2525,49.2519,0.249,10.13291855,208.8132634,399.96,5096.0,Transit,2023
Kepler-438 b,Kepler-438,35.23319,0.166,1.12,1.46,288.0,3748.0,Transit,2015
Kepler-693 b,Kepler-693,15.37563332,0.1121,10.18,73.8,600.0,4881.0,Transit,2016
TOI-2025 b,TOI-2025,8.8720982,0.0892,11.89272852,1144.1822652,1166.0,5977.0,Transit,2022
TOI-1248 b,TOI-1248,4.3601561,0.051,6.8084859,27.4,952.09,5205.0,Transit,2024
TIC 139270665 c,TIC 139270665,1010.0,2.0,12.9,1554.18091023,200.0,5844.0,Radial Velocity,2024
Kepler-387 b,Kepler-387,6.791636,0.068,1.03,1.08,994.0,5774.0,Transit,2014
K2-263 b,K2-263,50.819172,0.2573,2.513,15.4,482.0,5368.0,Transit,2018
HD 192310 c,HD 192310,525.8,1.18,5.25,24.0,185.0,5166.0,Radial Velocity,2011
WASP-110 b,WASP-110,3.7784022,,13.19297028,154.78243421,1158.0,5392.0,Transit,2021
Kepler-1423 b,Kepler-1423,23.955378,0.1586,1.06,1.2,741.0,4939.0,Transit,2016
Kepler-1869 b,Kepler-1869,8.167360306,0.07976,1.11955354,1.46,865.0,5808.0,Transit,2021
Kepler-8 b,Kepler-8,3.5224991,0.0474,15.871944,187.5197,1680.0,6213.0,Transit,2010
KOI-142 b,KOI-142,10.91647,0.09586,3.438,9.5,758.0,5466.0,Transit,2013
Kepler-1998 b,Kepler-1998,3.03267135,0.0405,0.6,0.156,1187.0,5640.0,Transit,2023
TOI-6695 c,TOI-6695,242.4,0.838,13.6,460.85119015,415.0,6400.0,Radial Velocity,2025
Kepler-80 c,Kepler-80,9.52355,0.0792,2.74,6.74,495.0,4540.0,Transit,2012
HD 73267 b,HD 73267,1257.99159,2.229,13.0,1321.53051631,165.89,5387.0,Radial Velocity,2008
EPIC 211822797 b,EPIC 211822797,21.1701963,0.1195,1.92,4.35,431.0,4057.0,Transit,2016
Kepler-307 b,Kepler-307,10.4208,0.09359,2.43,7.44,797.0,5367.0,Transit,2013
K2-285 e,K2-285,14.76289,0.18041,1.95,10.7,500.9,4975.0,Transit,2018
HD 18742 b,HD 18742,766.0,1.82,13.1,1080.622,399.93,4940.0,Radial Velocity,2011
KOI-351 e,KOI-351,91.93913,0.42,2.66,7.56,450.0,6080.0,Transit,2013
TOI-4640 b,TOI-4640,2.68566015238,,2.84326517,8.46,1378.86,5743.01,Transit,2026
Kepler-432 b,Kepler-432,52.501129,0.301,12.834305,1719.4603,812.0,4995.0,Transit,2015
Kepler-1213 b,Kepler-1213,5.34982412,0.06026,1.19,1.81,1156.0,6050.0,Transit,2016
K2-8 c,K2-8,5.06416,0.0532,2.41,6.39,801.0,4870.0,Transit,2016
K2-268 d,K2-268,4.528598,,1.49,2.83,888.0,5106.0,Transit,2021
Kepler-1655 b,Kepler-1655,11.8728787,0.1029,2.213,5.4,938.0,6148.0,Transit,2018
HD 191939 g,HD 191939,284.0,0.812,3.74,13.5,278.0,5348.0,Radial Velocity,2022
K2-87 b,K2-87,9.726618,0.094,7.6,44.9,979.0,5747.0,Transit,2016
TOI-1438 b,TOI-1438,5.13967,0.0553,3.04,9.4,971.0,5230.0,Transit,2025
Kepler-849 b,Kepler-849,394.62508,1.137,8.08167508,298.75870258,362.7,5950.0,Transit,2016
Kepler-1938 b,Kepler-1938,13.06260014,0.0938,1.82828927,4.0,527.0,4522.0,Transit,2021
K2-220 b,K2-220,13.68186,0.1104,2.37,6.21,761.0,5612.0,Transit,2018
TOI-1453 c,TOI-1453,6.5886982,,2.224,2.95,819.8,4975.0,Transit,2025
TOI-3919 b,TOI-3919,7.433234,0.0795,12.31866979,1233.17421916,1198.0,6100.0,Transit,2024
K2-223 b,K2-223,0.50557,0.0127,0.89,0.64,2271.0,5859.0,Transit,2018
TOI-6086 b,TOI-6086,1.3888725,0.01541,1.18,1.76,634.0,3200.0,Transit,2024
TOI-2322 c,TOI-2322,20.225528,0.1362,1.874,18.1,496.8,4664.0,Transit,2025
Kepler-1237 b,Kepler-1237,84.5733226,0.3778,2.86,8.55,366.0,5472.0,Transit,2016
HD 178911 B b,HD 178911 B,71.484,0.34,12.6,2552.1749,480.24,5588.0,Radial Velocity,2001
Kepler-260 b,Kepler-260,8.187399,0.075,2.01,4.7,782.0,5250.0,Transit,2014
TOI-1683.01,TOI-1683,3.0575356,0.036507593,2.6382,7.45,929.25,4402.0,Transit,2024
TOI-6281 b,TOI-6281,1.05426244177,,1.92416074,4.36,2240.0,4533.23,Transit,2026
TYC 4282-00605-1 b,TYC 4282-00605-1,101.54,0.422,12.4,3426.2074,1285.1,4300.0,Radial Velocity,2017
TOI-2136 b,TOI-2136,7.851928,0.057,2.19,6.37,395.0,3342.0,Transit,2022
HD 1690 b,HD 1690,533.0,1.36,12.5,2793.7257,841.73,4374.0,Radial Velocity,2010
Kepler-196 d,Kepler-196,122.0800018,0.4545,2.66065673,7.56,297.0,5132.0,Transit,2021
Kepler-251 e,Kepler-251,99.640161,0.404,2.77,8.1,360.0,5526.0,Transit,2014
K2-357 b,K2-357,16.3488637,0.145,3.72,13.4,735.0,5794.0,Transit,2021
HD 13167 b,HD 13167,2613.0,4.1,13.1,1052.0173,208.79,5671.0,Radial Velocity,2018
Kepler-175 c,Kepler-175,34.035257,0.213,3.1,9.8,583.0,6064.0,Transit,2014
HD 4732 b,HD 4732,371.74,1.129,13.4,631.2072163,498.53,4898.0,Radial Velocity,2012
TOI-406.01,TOI-406,13.175682,0.0809,2.08,6.57,368.0,3392.0,Transit,2024
Kepler-27 d,Kepler-27,6.546289921,0.06578,2.7061946,7.78,810.0,5251.0,Transit,2021
BD+55 362 b,BD+55 362,265.59,0.78,14.0,228.83645304,259.06,5012.0,Radial Velocity,2021
TOI-663 c,TOI-663,4.6955507,0.0437,2.26,3.65,553.0,3681.0,Transit,2024
K2-403 b,K2-403,33.589979,,5.333,24.6,949.0,5511.0,Transit,2022
Kepler-58 c,Kepler-58,15.5741568,0.12307,2.86,53.0,799.0,5843.0,Transit,2012
Kepler-235 e,Kepler-235,46.183669,0.213,2.22,5.56,306.0,4255.0,Transit,2014
Kepler-1325 b,Kepler-1325,33.8786838,0.2004,2.86,8.55,564.0,5550.0,Transit,2016
WISPIT 2 c,WISPIT 2,,14.0,17.93436912,3178.28407,2050.0,4530.0,Imaging,2026
Kepler-1143 b,Kepler-1143,2.888904849,0.0371,1.67,3.43,976.0,5053.0,Transit,2016
TOI-3693 b,TOI-3693,9.088516,0.0813,12.59889431,324.18497514,801.0,5321.0,Transit,2022
Kepler-221 c,Kepler-221,5.690586,0.059,2.93,9.3,860.0,5243.0,Transit,2014
HD 163607 b,HD 163607,75.2203,0.362,13.9,249.051588,587.13,5522.0,Radial Velocity,2012
TOI-2081 b,TOI-2081,10.50534,0.0752,2.04,4.82,488.0,3800.0,Transit,2022
Kepler-1660 AB b,Kepler-1660 A,239.5044,0.8,12.9,1586.59940774,415.08,6305.24,Eclipse Timing Variations,2023
TOI-2158 b,TOI-2158,8.60077,0.075,10.76062147,260.61929374,1188.0,5673.0,Transit,2022
K2-158 b,K2-158,10.06049,0.0887,2.64,7.46,794.0,5503.0,Transit,2018
Kepler-1323 b,Kepler-1323,0.929906678,0.01911,1.52,2.92,2291.0,6169.0,Transit,2016
K2-389 b,K2-389,8.58289,,2.33,6.04,932.0,5773.0,Transit,2022
K2-184 b,K2-184,16.9780102,0.1685,1.47,2.76,533.0,5245.0,Transit,2018
HIP 77900 b,HIP 77900,,3319.0,12.1,6674.396547,2507.0,13646.0,Imaging,2024
7 CMa c,7 CMa,996.0,2.153,13.9,276.5121,350.0,4826.0,Radial Velocity,2019
Kepler-217 b,Kepler-217,5.374943,0.065,2.23,5.6,1413.0,6171.0,Transit,2014
Kepler-1132 b,Kepler-1132,62.8916228,0.2881,2.35,6.12,384.0,5298.0,Transit,2016
HN Peg b,HN Peg,,773.0,11.7768,6991.57,10.77,6186.0,Imaging,2006
Kepler-1447 b,Kepler-1447,56.6747285,0.2836,2.9,8.75,522.0,5722.0,Transit,2016
Kepler-1878 b,Kepler-1878,4.445879936,0.0521,2.92019781,8.86,1063.0,5918.0,Transit,2021
Kepler-341 e,Kepler-341,42.473269,0.242,1.99,4.62,539.0,6012.0,Transit,2014
Kepler-107 e,Kepler-107,14.749143,0.12638,2.903,14.1,955.0,5854.0,Transit,2014
Kepler-1452 b,Kepler-1452,42.913751,0.25764,2.7,7.75,810.0,6101.0,Transit,2016
NGTS-4 b,NGTS-4,1.3373508,0.019,3.18,20.6,1650.0,5143.0,Transit,2019
K2-38 b,K2-38,4.01593,0.04994,1.54,7.3,1266.0,5731.0,Transit,2016
TOI-2443 b,TOI-2443,15.66858,0.105,2.363,4.8,519.0,4375.0,Transit,2023
Kepler-1020 b,Kepler-1020,96.9151496,0.37594,2.28,5.82,325.0,5227.0,Transit,2016
HD 1666 b,HD 1666,270.0,0.94,12.7,2040.0,436.47,6317.0,Radial Velocity,2015
GJ 685 b,GJ 685,24.16,0.1344,2.95,9.0,368.84,3816.0,Radial Velocity,2019
TOI-2453 b,TOI-2453,4.44143463188,,3.24380341,10.6,550.78,3720.23,Transit,2026
L 363-38 b,L 363-38,8.781,0.048,2.0,4.67,330.0,3129.0,Radial Velocity,2023
TOI-1648 b,TOI-1648,7.331602,0.0694,2.54,7.4,799.0,4850.0,Transit,2025
TOI-1470 c,TOI-1470,18.08816,0.106,2.47,7.24,373.0,3709.0,Transit,2023
HD 187123 b,HD 187123,3.0965828,0.0426,14.2,166.218,1450.9,5790.0,Radial Velocity,1998
NGTS-13 b,NGTS-13,4.119027,0.0549,12.800678,1538.2972,1605.0,5819.0,Transit,2021
HD 130322 b,HD 130322,10.70871,0.0925,13.7,365.49,720.0,5387.0,Radial Velocity,1999
K2-38 c,K2-38,10.56103,0.09514,2.29,8.3,916.0,5731.0,Transit,2016
TOI-3261 b,TOI-3261,0.8831331,0.01714,3.82,30.3,1722.0,5068.0,Transit,2024
Kepler-915 b,Kepler-915,4.59489604,0.05655,1.5,2.86,1319.0,6173.0,Transit,2016
OGLE-TR-10 b,OGLE-TR-10,3.101278,0.0434,14.011,197.046,1702.0,5950.0,Transit,2004
K2-77 b,K2-77,8.2000844,0.0753,2.4996027,603.877,806.0,5160.0,Transit,2016
K2-123 b,K2-123,30.951524,0.1649,2.76,8.05,338.0,4035.0,Transit,2017
TOI-1693 b,TOI-1693,1.7666957,0.0226,1.41,2.57,764.0,3499.0,Transit,2022
eps Eri b,eps Eri,2680.0,3.53,13.8,317.828407,112.26,5020.38,Radial Velocity,2000
Kepler-224 c,Kepler-224,5.925003,0.058,3.12,9.91,758.0,5018.0,Transit,2014
Kepler-956 b,Kepler-956,5.248672631,0.06017,3.0,9.27,1056.0,6040.0,Transit,2016
Kepler-361 c,Kepler-361,55.188023,0.3,2.52,6.9,568.0,6169.0,Transit,2014
Kepler-1778 b,Kepler-1778,10.08740044,0.0956,3.01665969,9.36,942.0,6310.0,Transit,2021
Kepler-339 d,Kepler-339,10.558345,0.091,1.17,14.7,796.0,5631.0,Transit,2014
Kepler-825 b,Kepler-825,3.77360059,0.0453,1.53,2.96,1270.0,5976.0,Transit,2016
WASP-132 c,WASP-132,1.01153624,0.01833,1.841,6.26,1329.0,4686.0,Transit,2022
GJ 676 A d,GJ 676 A,3.60076,0.039,1.78,3.81394088,757.36,3734.0,Radial Velocity,2012
Kepler-1052 b,Kepler-1052,34.8538276,0.20988,2.93,8.91,522.0,5888.0,Transit,2016
HATS-63 b,HATS-63,3.0566527,0.04026,13.529263,305.1168,1398.3,5627.0,Transit,2018
Kepler-346 b,Kepler-346,6.511127,0.071,2.66,7.56,1008.0,6033.0,Transit,2014
Kepler-688 b,Kepler-688,3.895936844,0.046,9.76,68.7,1005.0,5715.0,Transit,2016
Kepler-1838 b,Kepler-1838,12.14680004,0.11082,1.66049425,3.4,1097.0,5877.0,Transit,2021
Kepler-1481 b,Kepler-1481,5.94220998,0.059,1.23,2.04,797.0,4908.0,Transit,2016
Kepler-1571 b,Kepler-1571,3.38555488,0.04287,1.52,2.92,1476.0,6297.0,Transit,2016
TOI-1052 b,TOI-1052,9.139703,0.09103,2.87,16.9,1135.0,6146.0,Transit,2023
Kepler-614 b,Kepler-614,14.03491514,0.1027,2.39,6.3,641.0,5268.0,Transit,2016
Kepler-257 c,Kepler-257,6.581484,0.066,5.41,25.2,881.0,5180.0,Transit,2014
HD 76920 b,HD 76920,415.891,1.091,13.1,994.80291391,621.44,4664.0,Radial Velocity,2017
Kepler-178 c,Kepler-178,20.552802,0.142,2.88,8.65,656.0,5676.0,Transit,2014
Kepler-1612 b,Kepler-1612,3.91795101,0.0482,1.03,1.08,1030.0,5643.0,Transit,2016
K2-295 b,K2-295,4.024867,0.0451,10.054473,106.47305,852.0,4444.0,Transit,2018
HAT-P-55 b,HAT-P-55,3.5852313,0.04628,14.84069045,189.42573057,1367.0,5804.0,Transit,2015
TOI-5398 b,TOI-5398,10.590547,0.098,10.3,58.7,947.0,6000.0,Transit,2022
HD 147018 b,HD 147018,44.236,0.2388,13.4,674.0,519.98,5441.0,Radial Velocity,2009
K2-348 b,K2-348,4.688418,,3.26,10.7,908.0,5077.0,Transit,2021
TOI-3457 b,TOI-3457,32.600268,0.2001,10.64,797.74930157,824.2,6300.0,Transit,2026
K2-19 c,K2-19,11.906,0.0982,4.1,11.0,679.0,5322.0,Transit,2015
GJ 1289 b,GJ 1289,111.74,0.27,2.38,6.27,150.0,3296.0,Radial Velocity,2024
HD 200964 c,HD 200964,852.5,1.96,13.7,385.84562,380.62,4982.0,Radial Velocity,2010
Kepler-1271 b,Kepler-1271,3.0255955,0.04233,1.48,2.79,1484.0,6143.0,Transit,2016
Kepler-1314 b,Kepler-1314,5.424749281,0.0504,5.11,22.9,625.0,4188.0,Transit,2016
HD 176986 d,HD 176986,61.376,0.28149,2.49,6.76,363.0,4931.0,Radial Velocity,2026
Kepler-805 b,Kepler-805,30.8638931,0.19852,2.89,8.7,743.0,6112.0,Transit,2016
Kepler-300 b,Kepler-300,10.446347,0.094,1.67,3.43,812.0,5986.0,Transit,2014
TIC 245076932 b,TIC 245076932,21.61389,0.157,10.87271128,162.09248757,845.0,6130.0,Transit,2026
Kepler-425 b,Kepler-425,3.79701816,0.0464,10.962,79.45,1070.0,5170.0,Transit,2014
Kepler-187 b,Kepler-187,4.938864,0.059,1.41,2.57,1244.0,6105.0,Transit,2014
HIP 66074 b,HIP 66074,310.9,0.799,12.9,1589.142035,192.69,4300.0,Astrometry,2023
17 Sco b,17 Sco,578.38,1.45,12.9,1373.01871824,847.51,4157.0,Radial Velocity,2020
Kepler-395 b,Kepler-395,7.054346,0.061,1.03,1.08,576.0,4262.0,Transit,2014
TOI-1011 b,TOI-1011,2.470498,,1.45,4.04,1364.0,5475.0,Transit,2025
Kepler-1295 b,Kepler-1295,3.81371974,0.0464,1.55,3.02,1029.0,5486.0,Transit,2016
TOI-763 b,TOI-763,5.6057,0.06,2.28,9.79,1038.0,5450.0,Transit,2020
rho CrB e,rho CrB,12.904,0.1061,1.75,3.71,1004.88,5817.0,Radial Velocity,2023
K2-180 b,K2-180,8.865663,0.0756,2.46597575,11.41003981,797.5,5365.0,Transit,2018
K2-98 b,K2-98,10.1367349,0.0986,5.06645928,34.00763955,1185.0,6260.0,Transit,2016
Kepler-1313 b,Kepler-1313,3.833091178,0.04619,1.76,3.75,1012.0,5453.0,Transit,2016
HD 93351 c,HD 93351,14010.2941,11.154,12.3,4154.01727949,74.54,5408.0,Radial Velocity,2022
Kepler-1807 b,Kepler-1807,10.86060047,0.0988,2.70393215,7.77,1108.0,6455.0,Transit,2021
Kepler-1320 b,Kepler-1320,0.868386528,0.0163,1.7,3.53,1389.0,4817.0,Transit,2016
HD 141004 b,HD 141004,15.5083,0.1238,3.77,13.63483866,950.73,5885.38,Radial Velocity,2021
TOI-1450 A c,TOI-1450 A,5.0688,,1.13,1.527,533.0,3437.0,Transit,2024
HD 216520 b,HD 216520,35.45,0.198,3.18,10.26,482.1,5103.0,Radial Velocity,2020
Kepler-975 b,Kepler-975,1.970342457,0.02898,1.48,2.79,1599.0,4897.0,Transit,2016
HD 20794 b,HD 20794,18.314,0.1257,1.45,2.7,660.0,5368.0,Radial Velocity,2011
K2-47 b,K2-47,31.6372,0.1779,1.89,4.23,503.72,5054.0,Transit,2016
Kepler-209 b,Kepler-209,16.087845,0.122,2.26,5.73,668.0,5513.0,Transit,2014
Kepler-1053 b,Kepler-1053,2.414351654,0.0315,0.98,0.904,953.0,4529.0,Transit,2016
Kepler-219 b,Kepler-219,4.585512,0.057,2.95,9.01,1307.0,5786.0,Transit,2014
Kepler-21 b,Kepler-21,2.7858212,0.0434,1.639,7.5,2015.0,6305.0,Transit,2012
Kepler-94 c,Kepler-94,820.3,1.596806621,12.5,3126.0,159.05,4781.0,Radial Velocity,2014
Kepler-257 d,Kepler-257,24.664551,0.16,4.95,21.7,567.0,5180.0,Transit,2014
TOI-5788 b,TOI-5788,6.340758,0.064,1.528,3.72,910.0,5615.0,Transit,2026
TOI-329 b,TOI-329,5.70439,0.0638,4.94057819,40.4,1213.02,5614.0,Transit,2024
HD 154857 c,HD 154857,3452.0,5.36,13.2,819.97,154.88,5605.0,Radial Velocity,2014
TIC 139270665 b,TIC 139270665,23.624,0.163,7.22979255,147.15455244,703.0,5844.0,Transit,2024
TOI-1408 b,TOI-1408,4.42587,0.05778,25.0,593.0,1293.0,6117.0,Transit,2023
TOI-5502 b,TOI-5502,11.62592988285,,4.1287378,15.9,870.0,6088.71,Transit,2026
Kepler-629 b,Kepler-629,7.2385854,0.07107,1.38,2.48,816.0,5444.0,Transit,2016
Kepler-224 b,Kepler-224,3.132924,0.038,1.39,2.51,937.0,5018.0,Transit,2014
Kepler-941 b,Kepler-941,17.42395198,0.1311,3.08,9.69,722.0,5539.0,Transit,2016
Kepler-1507 b,Kepler-1507,16.0506213,0.11946,0.84,0.52,630.0,5410.0,Transit,2016
CD Cet b,CD Cet,2.2907,0.0185,1.82,3.95,464.0,3130.0,Radial Velocity,2020
Kepler-125 b,Kepler-125,4.164389,0.041,2.37,6.21,590.0,3810.0,Transit,2014
Proxima Cen d,Proxima Cen,5.12338,0.02881,0.692,0.26,282.0,2900.0,Radial Velocity,2025
ups And b,ups And,4.617033,0.05922166,14.0,218.531,1523.73,6156.77,Radial Velocity,1996
Kepler-1832 b,Kepler-1832,3.138789892,0.037,1.22719556,2.02,1022.0,5242.0,Transit,2021
K2-417 b,K2-417,6.535,0.063,3.31,699.2224954,558.0,3861.0,Transit,2023
HAT-P-16 b,HAT-P-16,2.77596727,0.0413,14.68376472,1341.56043,1566.0,6140.0,Transit,2010
Kepler-335 c,Kepler-335,67.844469,0.356,3.07,9.64,592.0,5877.0,Transit,2014
Kepler-31 d,Kepler-31,87.6451,0.4,3.9,2161.244,484.0,6340.0,Transit,2014
Kepler-305 b,Kepler-305,5.487,0.05746,3.6,10.5,836.0,5080.0,Transit,2013
Kepler-370 b,Kepler-370,4.57953,0.054,1.59,3.15,1040.0,5852.0,Transit,2014
Kepler-605 c,Kepler-605,2.358951515,0.03336,0.86,0.566,1278.0,5462.0,Transit,2016
K2-60 b,K2-60,3.00265,0.045,7.655747,135.39558,1400.0,5500.0,Transit,2016
Kepler-299 c,Kepler-299,6.885875,0.07,2.65,7.51,946.0,5617.0,Transit,2014
K2-266 d,K2-266,14.697,0.1035,2.93,8.9,538.3,4285.0,Transit,2018
K2-286 b,K2-286,27.359,0.1768,2.1,5.06,347.0,3926.0,Transit,2018
TOI-3837 b,TOI-3837,11.88865,0.099,10.87271128,187.51876013,1178.0,5905.0,Transit,2025
Kepler-245 c,Kepler-245,17.460812,0.124,2.18,26.7,568.0,5100.0,Transit,2014
TOI-1181 b,TOI-1181,2.103189,0.0364,17.02644168,374.71969185,1942.12,6054.0,Transit,2022
HD 183579 b,HD 183579,17.471291,0.1322,3.49,20.4,752.0,5784.0,Transit,2021
HIP 10090 b,HIP 10090,2960.0,3.87,13.0,1229.99593509,163.17,5661.0,Radial Velocity,2026
TOI-1659.01,TOI-1659,5.877556328,0.065757,2.255,5.71,1031.14,5977.0,Transit,2024
Kepler-240 c,Kepler-240,7.953528,0.074,2.2,102.3,696.0,4985.0,Transit,2014
GJ 3293 b,GJ 3293,30.5987,0.14339,5.19,23.54,280.54,3466.0,Radial Velocity,2015
Kepler-256 d,Kepler-256,5.839172,0.064,2.48,6.71,1097.0,5551.0,Transit,2014
V2376 Ori b,V2376 Ori,,71.0,87.20586985,6356.56814,2100.0,,Imaging,2025
HD 14067 b,HD 14067,2744.0,5.15,12.2,4862.7746271,360.28,4815.0,Radial Velocity,2014
TOI-837 b,TOI-837,8.3249113,0.0888,9.16894621,120.45696625,995.3,5995.0,Transit,2020
Kepler-782 b,Kepler-782,158.6853308,0.54494,3.21,10.4,350.0,5867.0,Transit,2016
TOI-833 b,TOI-833,1.0418777,0.0171,1.27,2.15,1118.0,3920.0,Transit,2022
Kepler-1465 b,Kepler-1465,31.8277111,0.1939,1.77,3.78,668.0,4726.0,Transit,2016
Kepler-362 b,Kepler-362,10.327186,0.087,0.88,0.615,838.0,5788.0,Transit,2014
Kepler-769 b,Kepler-769,7.42608998,0.0778,2.92,8.85,1037.0,6186.0,Transit,2016
TOI-905 b,TOI-905,3.739494,0.04666,13.125739,211.99261,1192.0,5570.0,Transit,2020
TOI-470 b,TOI-470,12.19148,0.119,4.34,17.4,660.0,5190.0,Transit,2023
K2-83 c,K2-83,9.99767,0.07131,1.483,2.8,459.75,3910.0,Transit,2016
Kepler-1377 b,Kepler-1377,0.740928422,0.0153,1.25,2.1,1873.0,5218.0,Transit,2016
Kepler-1331 b,Kepler-1331,0.789161653,0.0142,1.05,1.16,1244.0,4508.0,Transit,2016
TOI-2545 b,TOI-2545,7.994037,,2.75,8.0,1022.99,5846.29,Transit,2022
TOI-1294 c,TOI-1294,159.9,0.61,14.3,147.0,440.45,5718.0,Radial Velocity,2024
Kepler-1158 b,Kepler-1158,13.5396293,0.12643,2.34,6.08,1079.0,6203.0,Transit,2016
K2-335 b,K2-335,12.283211,,2.21,5.52,949.0,6222.0,Transit,2021
HD 219666 b,HD 219666,6.034468,0.06356,4.898,17.6,1076.0,5540.0,Transit,2018
K2-8 b,K2-8,10.35239,0.0856,3.58,12.5,631.0,4870.0,Transit,2015
ROXs 42 B b,ROXs 42 B,,157.0,12.5,2860.0,1975.0,3433.0,Imaging,2013
K2-5 c,K2-5,10.93241,0.0818,2.26,5.73,456.0,3930.0,Transit,2015
Kepler-238 e,Kepler-238,23.654,0.17286,5.6,169.7,731.0,5800.0,Transit,2013
HD 197037 b,HD 197037,1035.7,2.07,13.9,251.0,216.67,6150.0,Radial Velocity,2012
Kepler-1614 b,Kepler-1614,3.9466141,0.0471,1.49,2.83,981.0,5121.0,Transit,2016
Kepler-809 b,Kepler-809,55.63934,0.2901,3.01,9.32,478.0,5734.0,Transit,2016
Kepler-1018 b,Kepler-1018,49.1013514,0.253,2.58,7.18,498.0,5518.0,Transit,2016
HD 69123 b,HD 69123,1193.3,2.482,13.1,982.08977763,411.78,4842.0,Radial Velocity,2022
HIP 111909 c,HIP 111909,893.63,1.97,13.9,257.44100967,357.64,4891.0,Radial Velocity,2025
GQ Lup b,GQ Lup,,100.0,33.6,6356.0,2650.0,4360.0,Imaging,2004
Kepler-896 b,Kepler-896,144.547396,0.56378,2.53,6.94,303.0,5262.0,Transit,2016
Kepler-568 b,Kepler-568,11.02347475,0.0794,2.26,5.73,429.0,3768.0,Transit,2016
TOI-209 b,TOI-209,4.37943587445,,2.3947209,6.32,845.78,4806.66,Transit,2026
TOI-4734 b,TOI-4734,6.235633,0.074,10.9175472,61.65871096,1468.0,6070.0,Transit,2025
HD 114386 c,HD 114386,444.0,1.05,13.4,117.59651059,200.82,4895.0,Radial Velocity,2026
Kepler-1606 b,Kepler-1606,196.435224,0.6421,2.07,4.94,324.0,5422.0,Transit,2016
Kepler-1923 b,Kepler-1923,52.60969925,0.2846,1.95958179,4.5,553.0,5881.0,Transit,2021
Kepler-1757 b,Kepler-1757,19.65640068,0.1335,2.94660251,8.99,549.0,5288.0,Transit,2021
WASP-21 b,WASP-21,4.322482,0.052,11.99,95.345,1333.0,5800.0,Transit,2010
Kepler-1181 c,Kepler-1181,8.93484887,0.0928,1.83,4.01,1124.0,6688.0,Transit,2023
HD 33564 b,HD 33564,388.0,1.1,12.5,2892.1,344.43,6250.0,Radial Velocity,2005
TOI-2886 b,TOI-2886,1.60200105,0.02871,18.6405349,444.9597698,1978.0,6240.0,Transit,2025
HD 62549 b,HD 62549,14306.88519,11.842,12.6,2707.58019923,92.25,5930.46,Radial Velocity,2022
Kepler-499 b,Kepler-499,5.632528453,0.0598,2.17,5.35,844.0,5312.0,Transit,2016
Kepler-210 b,Kepler-210,2.453234,0.032,2.94,8.96,737.0,4559.0,Transit,2014
BD-210397 b,BD-210397,1891.0,2.63,14.0,214.0,104.11,4051.0,Radial Velocity,2023
WASP-159 b,WASP-159,3.840401,0.0538,15.46842,174.8065,1850.0,6120.0,Transit,2018
HD 125612 c,HD 125612,4.15466,0.051,4.07,15.57359194,1303.14,5900.0,Radial Velocity,2009
Wolf 1061 d,Wolf 1061,217.21,0.47,2.69,7.7,130.24,3342.0,Radial Velocity,2015
HD 111591 b,HD 111591,1056.4,2.5,12.9,1398.452,422.08,4884.0,Radial Velocity,2017
ups And c,ups And,241.258,0.827774,12.3,4443.24112986,407.56,6156.77,Radial Velocity,1999
BD+03 2562 b,BD+03 2562,481.9,1.3,12.7,2034.112,985.04,4095.0,Radial Velocity,2017
HATS-36 b,HATS-36,4.175186,0.0523,12.92,1022.14128,1203.0,5950.0,Transit,2018
K2-26 b,K2-26,14.5665,0.0962,2.67,7.61,430.0,3785.0,Transit,2016
Kepler-401 b,Kepler-401,14.383035,0.122,1.71,3.57,889.0,6117.0,Transit,2014
Kepler-1082 b,Kepler-1082,1.543206604,0.02571,1.12,1.46,1827.0,5923.0,Transit,2016
Kepler-1288 b,Kepler-1288,2.76122421,0.04135,1.12,1.46,2017.0,6132.0,Transit,2016
Kepler-1163 b,Kepler-1163,6.11786898,0.06868,1.03,1.08,1211.0,6302.0,Transit,2016
CoRoT-24 b,CoRoT-24,5.1134,0.056,3.7,5.7,1070.0,4950.0,Transit,2014
HIP 948 b,HIP 948,24955.45756,15.037,12.1,6547.2651842,46.4,4497.0,Radial Velocity,2022
HD 28185 c,HD 28185,9090.0,8.5,12.8,1906.970442,94.85,5602.0,Radial Velocity,2022
HAT-P-19 b,HAT-P-19,4.00878322,0.04599,11.29865255,88.03846874,981.2,4962.0,Transit,2010
GJ 1151 c,GJ 1151,389.7,0.5714,3.25,10.62,88.3,3280.0,Radial Velocity,2023
WASP-195 b,WASP-195,5.051928,0.063,10.31226224,33.05415433,1522.0,6300.0,Transit,2025
Kepler-574 b,Kepler-574,7.65880414,0.0723,2.39,6.3,858.0,5612.0,Transit,2016
Kepler-82 b,Kepler-82,26.44,0.1683,4.07,12.15,562.0,5401.0,Transit,2012
K2-239 b,K2-239,5.24,0.0441,1.1,1.37,502.0,3420.0,Transit,2018
WASP-170 b,WASP-170,2.34478022,0.0337,12.285064,508.528,1422.0,5600.0,Transit,2018
Kepler-830 b,Kepler-830,11.29695137,0.1033,1.7,3.53,907.0,6037.0,Transit,2016
Kepler-1162 b,Kepler-1162,32.5637069,0.19,2.21,5.52,490.0,5390.0,Transit,2016
Kepler-1650 b,Kepler-1650,1.53818001,0.0167,0.96,0.84,602.0,3410.0,Transit,2017
TOI-1269 b,TOI-1269,4.2529913,0.0496,2.40144286,6.4,1004.9,5499.0,Transit,2024
HATS-9 b,HATS-9,1.915291,0.0312,13.85,266.02371,1746.0,5599.0,Transit,2015
HD 457 b,HD 457,20324.58153,15.369,11.9,8445.3364308,85.15,6114.04,Radial Velocity,2022
Kepler-100 e,Kepler-100,60.888588,0.312391586,5.27,24.14271827,621.73,5884.0,Radial Velocity,2023
Kepler-1439 b,Kepler-1439,8.07392849,0.0594,1.46,2.73,420.0,3578.0,Transit,2016
Kepler-1352 b,Kepler-1352,1.877882748,0.02883,0.89,0.64,1701.0,6118.0,Transit,2016
K2-346 b,K2-346,26.201446,,2.26,5.73,450.0,4801.0,Transit,2021
Kepler-1800 b,Kepler-1800,4.562029839,0.05098,0.99679734,0.961,1533.0,5343.0,Transit,2021
HD 77946 b,HD 77946,6.527363,0.073,2.89646124,10.9,1128.86,6007.0,Transit,2024
Kepler-1202 b,Kepler-1202,28.6851324,0.179,2.94,8.96,547.0,5834.0,Transit,2016
K2-32 b,K2-32,8.992,0.0795,5.299,15.0,837.0,5271.0,Transit,2016
Wolf 1061 c,Wolf 1061,17.8719,0.089,1.66,3.41,299.3,3342.0,Radial Velocity,2015
HD 111232 c,HD 111232,26472.44623,17.25,12.2,5740.93451564,60.71,5512.0,Radial Velocity,2022
70 Vir b,70 Vir,116.688,0.481,12.6,2380.45,525.24,5495.0,Radial Velocity,1996
HD 69830 b,HD 69830,8.667,0.0785,3.17,10.2,872.84,5385.0,Radial Velocity,2006
TOI-4379 b,TOI-4379,3.25352,,16.69017226,353.74301699,1869.38,6020.0,Transit,2024
HIP 8541 b,HIP 8541,1852.14387,3.729,12.6,2451.7283316,305.12,4672.0,Radial Velocity,2016
Kepler-1995 b,Kepler-1995,73.7578875,0.3259,4.28,16.9,375.0,5029.0,Transit,2023
TOI-1268 b,TOI-1268,8.1577094,0.0711,9.1,96.4,918.9,5300.0,Transit,2022
HD 210277 b,HD 210277,442.19,1.13,13.6,410.0007,259.86,5538.0,Radial Velocity,1998
WASP-73 b,WASP-73,4.08722,0.05512,15.91678,908.9938,1790.0,6030.0,Transit,2014
Kepler-365 b,Kepler-365,10.664903,0.098,2.04,4.82,865.0,6012.0,Transit,2014
Kepler-25 c,Kepler-25,12.7207,0.1117,5.217,15.2,934.0,6354.0,Transit,2011
Kepler-1258 b,Kepler-1258,0.984940167,0.01824,0.86,0.566,2335.0,5839.0,Transit,2016
Qatar-9 b,Qatar-9,1.540731,0.0234,11.309881,378.2177,1134.0,4309.0,Transit,2019
WASP-132 d,WASP-132,1816.6,2.71,12.8,1639.99458012,107.0,4686.0,Radial Velocity,2024
Kepler-33 f,Kepler-33,41.02902,0.2535,4.46,9.6,691.0,5904.0,Transit,2011
Kepler-19 b,Kepler-19,9.28699,0.0846,2.209,6.1,851.0,5541.0,Transit,2011
TOI-3364 b,TOI-3364,5.8768918,0.0675,12.22899794,530.77343969,1264.0,5706.0,Transit,2023
Kepler-129 b,Kepler-129,15.79,0.13,2.4,20.0,910.0,5770.0,Transit,2014
WD 0806-661 b,WD 0806-661,,2500.0,12.10569916,2224.798849,357.0,10393.0,Imaging,2011
WASP-188 b,WASP-188,5.748916,0.072,14.81827249,458.6263913,1666.0,6850.0,Transit,2025
Kepler-1633 b,Kepler-1633,186.404271,0.3875,1.58,3.12,925.0,6256.0,Transit,2016
K2-348 c,K2-348,12.550171,,2.67,7.61,655.0,5077.0,Transit,2021
Kepler-446 b,Kepler-446,1.565409,0.0182,1.5,2.86,648.0,3359.0,Transit,2015
Kepler-1772 b,Kepler-1772,3.215090036,0.04391,2.68609988,7.68,1155.0,5541.0,Transit,2021
K2-330 b,K2-330,13.774798,,2.77,8.1,969.0,6232.0,Transit,2021
HAT-P-53 b,HAT-P-53,1.9616241,0.03159,14.773462,471.65972,1778.0,5956.0,Transit,2015
Kepler-399 c,Kepler-399,26.67569,0.155,1.43,2.63,630.0,5502.0,Transit,2014
Kepler-984 b,Kepler-984,43.0342272,0.23688,2.12,5.14,484.0,5610.0,Transit,2016
Kepler-665 b,Kepler-665,16.01310205,0.1148,2.6,7.27,593.0,4913.0,Transit,2016
Kepler-789 b,Kepler-789,8.63847725,0.0951,2.12,5.14,1419.0,5870.0,Transit,2016
Kepler-188 c,Kepler-188,5.996553,0.066,3.19,10.3,1025.0,6021.0,Transit,2014
HD 110113 b,HD 110113,2.541,0.035,2.05,4.55,1371.0,5732.0,Transit,2021
K2-118 b,K2-118,50.92092,0.245,2.54,6.99,394.64,4726.29,Transit,2017
HD 86950 b,HD 86950,1270.0,2.72,13.0,1144.188,416.76,4805.0,Radial Velocity,2016
HD 12484 b,HD 12484,58.83,0.297,13.2,947.1334,524.3,5920.0,Radial Velocity,2016
Kepler-1073 d,Kepler-1073,2.504760027,0.0352,1.48770949,2.82,1369.0,5509.0,Transit,2021
GJ 3942 b,GJ 3942,6.905,0.0608,2.57,7.14,590.0,3867.0,Radial Velocity,2017
KOI-1831 d,Kepler-324,34.169,0.19924,1.13,2.23,475.0,5233.0,Transit,2018
GJ 1002 c,GJ 1002,21.202,0.0738,1.1,1.36,181.7,3024.0,Radial Velocity,2022
Kepler-1089 b,Kepler-1089,5.132485618,0.0497,1.83,4.01,584.0,3753.0,Transit,2016
TOI-1799 b,TOI-1799,7.094570865,0.072502,1.642,4.0,922.72,5690.0,Transit,2024
HD 151450 b,HD 151450,21.89288,0.16,6.94,38.45723725,795.0,6091.98,Radial Velocity,2022
HD 37124 c,HD 37124,885.5,1.71,14.1,207.22516,204.73,5698.64,Radial Velocity,2002
K2-116 b,K2-116,4.655411,0.048,0.69,0.257,783.03,4348.35,Transit,2017
Kepler-1589 b,Kepler-1589,0.991665274,0.0205,1.09,1.32,2102.0,6166.0,Transit,2016
GJ 328 c,GJ 328,241.8,0.657,4.91,21.4,184.01,3897.0,Radial Velocity,2023
HD 47366 c,HD 47366,677.53,1.84,13.5,483.73483545,467.37,4866.0,Radial Velocity,2016
HD 136418 b,HD 136418,464.29999,1.29,13.3,680.1562,411.81,4989.0,Radial Velocity,2009
Kepler-118 b,Kepler-118,7.518496,0.073,1.96,4.5,784.0,5274.0,Transit,2014
Kepler-741 b,Kepler-741,7.03902374,0.0744,2.97,9.11,1051.0,6129.0,Transit,2016
Kepler-355 c,Kepler-355,25.762294,0.179,2.71,7.8,633.0,6184.0,Transit,2014
Kepler-1078 b,Kepler-1078,3.00725242,0.0388,1.9,4.27,1122.0,5612.0,Transit,2016
LP 261-75 b,LP 261-75 A,,450.0,12.1,6674.396547,1500.0,3138.0,Imaging,2006
HD 16417 b,HD 16417,17.24,0.14,5.0,22.1,964.0,5841.0,Radial Velocity,2008
Kepler-353 c,Kepler-353,8.410894,0.065,1.38,2.48,472.0,3903.0,Transit,2014
Kepler-1259 b,Kepler-1259,0.663085258,0.0141,1.43,2.63,1681.0,5053.0,Transit,2016
K2-5 b,K2-5,5.73594,0.0532,1.91,4.31,565.0,3930.0,Transit,2015
Kepler-771 b,Kepler-771,8.73485836,0.0843,1.82,3.97,890.0,5906.0,Transit,2016
HAT-P-66 b,HAT-P-66,2.972086,0.04363,17.82231,248.86089,1896.0,6002.0,Transit,2016
Kepler-827 b,Kepler-827,51.92927591,0.2742,5.63,27.0,574.0,5602.0,Transit,2016
K2-315 b,K2-315,3.1443189,,0.95,0.809,460.0,3300.0,Transit,2020
K2-174 b,K2-174,19.562307,0.126,2.6,7.27,455.0,4455.0,Transit,2018
TOI-756 c,TOI-756,149.4,0.439,13.0,1287.20504835,194.0,3657.0,Radial Velocity,2025
Kepler-1359 b,Kepler-1359,59.4970952,0.26657,2.83,8.4,369.0,4709.0,Transit,2016
Kepler-750 c,Kepler-750,4.08899022,0.05009,1.62,3.26,1537.0,6160.0,Transit,2016
Kepler-108 c,Kepler-108,190.323494,0.721,8.18,50.9,426.0,5854.0,Transit,2014
TOI-3593 b,TOI-3593,3.8212867,0.0481,11.02963701,565.73456446,1170.0,5550.0,Transit,2025
HD 238090 b,HD 238090,13.671,0.0932,2.52,6.89,469.6,3933.0,Radial Velocity,2020
Kepler-1621 b,Kepler-1621,92.263714,0.4204,2.16,5.31,469.0,6158.0,Transit,2016
Kepler-278 c,Kepler-278,51.111,0.287,3.268,34.9,492.0,4965.0,Transit,2014
Kepler-1784 b,Kepler-1784,13.59049988,0.1072,2.79936489,8.24,724.0,5442.0,Transit,2021
HD 75898 b,HD 75898,422.82,1.2025,13.2,810.46243785,335.16,6122.0,Radial Velocity,2007
Kepler-1459 b,Kepler-1459,62.8691611,0.2829,1.36,2.42,349.0,4828.0,Transit,2016
TOI-2267 c,TOI-2267 A,3.4950412,0.0263,1.14,1.55,374.0,3030.0,Transit,2025
Kepler-450 c,Kepler-450,15.413135,0.13351,2.62,12.5,944.0,6197.21,Transit,2015
GJ 687 c,GJ 687,727.562,1.165,4.14,16.0,98.62,3413.0,Radial Velocity,2020
Kepler-380 c,Kepler-380,7.630004,0.078,1.27,2.15,1056.0,6045.0,Transit,2014
HATS-39 b,HATS-39,4.5776348,0.06007,17.59813,200.2329,1645.0,6572.0,Transit,2018
TOI-4507 b,TOI-4507,104.61611,0.456,8.2,20.0,464.8,6260.0,Transit,2025
2MASS J04414489+2301513 b,2MASS J04414489+2301513,,15.0,12.6,2383.6,17.6,2936.0,Imaging,2010
K2-151 b,K2-151,3.835476,0.0373,1.49,2.83,566.0,3695.0,Transit,2018
TOI-707 b,TOI-707,52.79918,0.275,2.416,6.42,491.7,5424.0,Transit,2026
TOI-205 b,TOI-205,4.25300773815,,2.50121142,6.81,1799.55,6302.74,Transit,2026
Kepler-286 b,Kepler-286,1.796302,0.027,1.24,2.07,1367.0,5580.0,Transit,2014
K2-284 b,K2-284,4.795069,0.04771,2.78,8.15,653.0,4140.0,Transit,2018
HIP 109384 b,HIP 109384,499.48,1.134,13.5,495.8148,213.83,5180.0,Radial Velocity,2016
Kepler-65 e,Kepler-65,258.8,0.8539307544,13.9,260.0,389.08,6220.0,Radial Velocity,2019
Kepler-803 b,Kepler-803,50.28638192,0.26721,3.79,13.8,543.0,5919.0,Transit,2016
Kepler-418 c,Kepler-418,12.21829987,0.10632,5.22108654,23.7,835.0,5822.0,Transit,2021
BD+37 3172 b,BD+37 3172,1887.76,4.65,12.4,3368.9811142,713.25,4500.0,Radial Velocity,2023
Kepler-1895 b,Kepler-1895,6.070290089,0.0615,2.11934728,5.14,789.0,5076.0,Transit,2021
Kepler-1384 b,Kepler-1384,15.36262753,0.1126,1.94,4.42,608.0,4919.0,Transit,2016
Kepler-1042 b,Kepler-1042,10.13202575,0.0756,2.19,5.43,574.0,4815.0,Transit,2016
Kepler-1695 b,Kepler-1695,4.7329,0.0529,1.11948901,1.46,957.0,5473.19,Transit,2020
TOI-1431 b,TOI-1431,2.650237,0.046,16.70138124,991.62462984,2370.0,7690.0,Transit,2021
Kepler-333 c,Kepler-333,24.08821,0.135,1.11,1.41,386.0,4259.0,Transit,2014
HD 153557 c,HD 153557,15.27018,0.111,4.36,17.48056238,604.33,4837.0,Radial Velocity,2022
Kepler-422 b,Kepler-422,7.8914483,0.082,12.89,136.66,1028.0,5972.0,Transit,2014
Kepler-65 d,Kepler-65,8.13123,0.084,1.52,4.14,1117.0,6211.0,Transit,2012
K2-136 b,K2-136,7.97525,0.0707,1.014,4.3,610.0,4500.0,Transit,2017
KELT-16 b,KELT-16,0.9689951,0.02044,15.860735,874.0325,2453.0,6236.0,Transit,2017
Kepler-329 b,Kepler-329,7.416397,0.061,1.4,2.54,547.0,4257.0,Transit,2014
K2-198 d,K2-198,7.4500177,,2.438,6.52,943.2,5212.9,Transit,2019
HATS-15 b,HATS-15,1.74748753,0.02712,12.385945,689.6911,1505.0,5311.0,Transit,2016
TOI-5349 b,TOI-5349,3.317921,0.0369,10.2,127.4,719.0,3751.0,Transit,2026
Kepler-1094 b,Kepler-1094,78.1000231,0.3625,3.18,10.2,480.0,6112.0,Transit,2016
Kepler-448 c,KOI-12,2500.0,4.2,12.0,6992.26,184.72,6635.0,Transit Timing Variations,2017
Kepler-48 b,Kepler-48,4.778,0.05394,1.88,3.94,932.0,5194.0,Transit,2012
Pr0211 c,Pr0211,4850.0,5.5,12.6,2475.8957,99.1,5300.0,Radial Velocity,2016
Kepler-1856 b,Kepler-1856,1.302000046,0.0215,1.73447868,3.66,1344.0,4948.0,Transit,2021
HD 12235 c,HD 12235,36336.70679,22.21,12.5,3135.69506346,82.22,5986.0,Radial Velocity,2022
HD 75784 b,HD 75784,341.2,1.032,13.8,317.83,425.98,4867.0,Radial Velocity,2014
Kepler-1187 b,Kepler-1187,18.87064068,0.1401,2.61,7.32,701.0,5975.0,Transit,2016
Kepler-164 e,Kepler-164,94.886902,0.4025,4.24,16.7,429.0,5888.0,Transit,2023
TOI-2981 b,TOI-2981,3.601501,0.048,13.4,638.0,1358.0,5940.0,Transit,2024
GJ 3512 b,GJ 3512,203.109,0.3376,14.3,146.51889563,97.19,3141.0,Radial Velocity,2019
GJ 876 c,GJ 876,30.0881,0.12959,14.0,226.9846,241.66,3293.74,Radial Velocity,2000
Kepler-266 b,Kepler-266,6.61833,0.071,2.48,6.71,1066.0,5885.0,Transit,2014
K2-133 e,K2-133,26.5841,0.1346,1.73,3.64,296.0,3655.0,Transit,2019
Kepler-604 b,Kepler-604,25.85501786,0.1735,2.59,7.22,637.0,5890.0,Transit,2016
HD 332231 b,HD 332231,18.712024,0.145,9.07303305,74.1,798.3,6128.0,Transit,2020
NGTS-9 b,NGTS-9,4.43527,0.058,11.99363,921.707,1448.0,6330.0,Transit,2019
Kepler-1569 b,Kepler-1569,5.79180156,0.06669,1.68,3.46,1222.0,6319.0,Transit,2016
Kepler-1100 b,Kepler-1100,6.42200058,0.06745,1.75,3.71,1000.0,6247.0,Transit,2016
Kepler-1121 b,Kepler-1121,13.15141081,0.11818,1.91,4.31,1008.0,6231.0,Transit,2016
Kepler-303 b,Kepler-303,1.937055,0.024,0.89,0.64,802.0,3944.0,Transit,2014
TOI-4603 b,TOI-4603,7.24599,0.0888,11.67975789,4096.80816623,1677.0,6264.0,Transit,2023
TOI-1224 b,TOI-1224,4.1782745,0.0355,2.104,5.08,541.0,3326.0,Transit,2024
Kepler-1373 b,Kepler-1373,1.29123275,0.02598,1.16,1.65,1887.0,6299.0,Transit,2016
HAT-P-46 b,HAT-P-46,4.463129,0.0577,14.392,156.684,1458.0,6120.0,Transit,2014
HD 39855 b,HD 39855,3.2498,0.041,2.85,8.5,1145.89,5576.0,Radial Velocity,2019
Kepler-1626 b,Kepler-1626,4.13962966,0.0537,2.02,4.74,1352.0,6826.0,Transit,2016
Kepler-1845 b,Kepler-1845,11.60649967,0.0885,2.43836702,6.52,584.0,4703.0,Transit,2021
TOI-5938 b,TOI-5938,2.260424,0.0308,3.82,14.0,1077.0,4650.0,Transit,2026
K2-188 b,K2-188,1.742169,0.0289,1.35,2.39,1692.0,5977.0,Transit,2018
Kepler-1107 b,Kepler-1107,0.571038518,0.01285,1.34,2.36,1897.0,5268.0,Transit,2016
Kepler-1472 b,Kepler-1472,38.1312831,0.2322,1.9,4.27,613.0,6159.0,Transit,2016
Kepler-631 b,Kepler-631,17.97979059,0.14017,2.9,8.75,828.0,6185.0,Transit,2016
Kepler-1656 b,Kepler-1656,31.562,0.1974,4.574,47.8,651.0,5569.0,Transit,2018
K2-182 b,K2-182,4.7369696,0.05174,2.71257333,20.97667486,965.8,5128.0,Transit,2018
Kepler-1286 b,Kepler-1286,11.25402929,0.0991,2.15,5.27,888.0,5753.0,Transit,2016
Kepler-603 b,Kepler-603,21.05358596,0.16052,2.65,7.51,731.0,5808.0,Transit,2016
TOI-1811 b,TOI-1811,3.7130765,0.04389,11.14172682,308.9292116,962.2,4766.0,Transit,2023
Kepler-1270 b,Kepler-1270,6.03356196,0.07045,3.32,11.0,1598.0,5047.0,Transit,2016
USco CTIO 108 b,USco CTIO 108,,670.0,12.3,4449.62,2.96,2700.0,Imaging,2008
TOI-2345 c,TOI-2345,21.064302,0.1257,2.451,7.27,544.0,4687.0,Transit,2025
TOI-2818 b,TOI-2818,4.039709,0.0493,15.27784069,225.65816897,1376.0,5721.0,Transit,2023
VHS J125601.92-125723.9 b,VHS J125601.92-125723.9,5800000.0,350.0,13.67495645,5085.254512,1194.0,2620.0,Imaging,2015
K2-252 b,K2-252,13.81513,0.1041,1.74,3.68,639.0,5152.0,Transit,2018
Kepler-356 c,Kepler-356,13.121632,0.115,1.81,3.93,913.0,6133.0,Transit,2014
HD 47536 b,HD 47536,712.13,1.93,12.6,2330.0,736.52,4380.0,Radial Velocity,2002
Kepler-1149 b,Kepler-1149,3.73089898,0.0473,1.44,2.67,1128.0,5833.0,Transit,2016
TOI-1756 b,TOI-1756,2.78301736297,,1.94225664,4.43,696.39,3891.86,Transit,2026
HD 156098 b,HD 156098,21.85849,0.167,4.12,15.89142035,1257.73,6419.19,Radial Velocity,2022
HD 6434 b,HD 6434,21.998,0.14,14.2,155.7367,786.83,5769.0,Radial Velocity,2003
TOI-2095 c,TOI-2095,28.17232,0.137,1.33,7.4,297.0,3759.0,Transit,2023
Kepler-847 b,Kepler-847,2.343231895,0.0315,1.18,1.76,1054.0,4940.0,Transit,2016
Kepler-122 c,Kepler-122,12.465988,0.108,5.87,29.0,897.0,6050.0,Transit,2014
TIC 87422071 b,TIC 87422071,11.364929,0.106,10.8615023,409.99864503,1110.0,6150.0,Transit,2026
HD 32963 b,HD 32963,2372.0,3.41,13.4,657.90480249,157.63,5727.0,Radial Velocity,2015
Kepler-1516 b,Kepler-1516,7.25931979,0.0718,1.75,3.71,967.0,5904.0,Transit,2016
2MASS J22501512+2325342 b,2MASS J22501512+2325342,,518.0,11.9,9534.85221,1600.0,3352.0,Imaging,2018
HD 73344 c,HD 73344,65.94,0.3388,13.5,118.54999581,562.57,6148.0,Radial Velocity,2025
GJ 163 c,GJ 163,25.63058,0.1254,2.5,6.8,305.07,3500.0,Radial Velocity,2013
WTS-2 b,WTS-2,1.0187068,0.01855,15.277867,355.9696,2000.0,5000.0,Transit,2014
HD 93963 A c,HD 93963 A,3.6451389,0.04726,3.11976057,18.4,1212.45,5908.0,Transit,2022
HD 211970 b,HD 211970,25.201,0.143,3.66,13.0,398.77,4127.0,Radial Velocity,2019
HD 139357 b,HD 139357,1124.79139,2.949,12.1,6315.5682755,446.97,4700.0,Radial Velocity,2008
CoRoT-25 b,CoRoT-25,4.86069,0.0578,12.11,85.81,1330.0,6040.0,Transit,2013
HATS-18 b,HATS-18,0.83784,0.0174,14.896761,629.144485,2069.48,5600.0,Transit,2016
Kepler-567 b,Kepler-567,16.54297375,0.1229,2.25,5.69,611.0,5148.0,Transit,2016
Kepler-1457 b,Kepler-1457,51.1110243,0.26391,1.99,4.62,478.0,5866.0,Transit,2016
HD 30177 c,HD 30177,11320.0,9.9,12.9,1484.25866069,87.87,5680.0,Radial Velocity,2016
tau Boo b,tau Boo,3.3124568,0.049,12.8,1891.0,1682.02,6466.27,Radial Velocity,1996
Kepler-1682 b,Kepler-1682,14.8334,0.1134,2.88940836,8.7,694.0,5619.12,Transit,2020
GJ 3293 d,GJ 3293,48.1345,0.19394,2.67,7.6,241.22,3466.0,Radial Velocity,2017
HD 103774 b,HD 103774,5.8881,0.07,13.3,116.0,1487.08,6489.0,Radial Velocity,2013
Kepler-1389 b,Kepler-1389,99.2530951,0.38249,1.77,3.78,300.0,5078.0,Transit,2016
Kepler-251 d,Kepler-251,30.133001,0.182,2.77,8.1,536.0,5526.0,Transit,2014
K2-275 c,K2-275,8.4388385,0.0881,2.21,5.52,653.0,4841.0,Transit,2018
HD 9446 c,HD 9446,192.9,0.654,13.4,578.426,345.42,5793.0,Radial Velocity,2009
Kepler-758 d,Kepler-758,20.4966197,0.1527,2.12,5.14,843.0,6228.0,Transit,2016
HD 25912 c,HD 25912,26308.65619,17.848,12.2,5252.75008249,67.44,5920.58,Radial Velocity,2022
Kepler-444 e,Kepler-444,7.743493,0.0696,0.546,0.1,727.0,5046.0,Transit,2015
Kepler-822 b,Kepler-822,3.222969273,0.04078,1.77,3.78,1239.0,5928.0,Transit,2016
HD 220842 b,HD 220842,218.47,0.74,13.1,1010.6994,397.62,5960.0,Radial Velocity,2016
TOI-1749 d,TOI-1749,9.0497,0.0707,2.52,15.0,533.0,3985.0,Transit,2021
Kepler-1476 b,Kepler-1476,10.35863224,0.0932,1.67,3.43,860.0,5663.0,Transit,2016
TOI-1820 b,TOI-1820,4.860674,0.061,12.778238,731.0053361,1375.0,5734.0,Transit,2022
HD 167768 b,HD 167768,20.6532,0.1512,13.9,270.15414595,1873.59,4851.0,Radial Velocity,2022
K2-29 b,K2-29,3.2588321,0.04217,13.33871,232.0159,1171.0,5358.0,Transit,2016
Kepler-206 c,Kepler-206,13.137471,0.111,1.77,3.78,825.0,5764.0,Transit,2014
HD 128356 b,HD 128356,298.2,0.87,13.9,282.8687,232.36,4875.0,Radial Velocity,2016
TOI-157 b,TOI-157,2.0845435,0.03138,14.414774,375.0394,1588.0,5404.0,Transit,2020
Kepler-1438 b,Kepler-1438,2.31942009,0.0346,0.94,0.779,1490.0,5530.0,Transit,2016
HD 108236 c,HD 108236,6.203449,0.062,2.071,4.94,932.0,5660.0,Transit,2020
Kepler-169 b,Kepler-169,3.250619,0.04,1.13,1.51,962.0,4997.0,Transit,2014
xi Aql b,xi Aql,136.97,0.625,13.4,616.90493799,973.07,4841.0,Radial Velocity,2007
HD 69830 d,HD 69830,197.0,0.63,4.45,18.1,308.1,5385.0,Radial Velocity,2006
Kepler-374 b,Kepler-374,1.897806,0.029,1.03,1.08,1761.0,5977.0,Transit,2014
Kepler-1761 b,Kepler-1761,4.043540001,0.0413,1.39109603,2.51,613.0,3871.0,Transit,2021
Kepler-334 c,Kepler-334,12.758005,0.107,1.43,2.63,822.0,5828.0,Transit,2014
TOI-5489 c,TOI-5489,4.92126,,1.28,2.18,536.0,3547.0,Transit,2025
Kepler-1668 b,Kepler-1668,15.434,0.124,4.34764405,17.4,721.0,5542.0,Transit,2020
HD 21749 c,GJ 143,7.78993,0.0695,0.892,3.7,701.0,4640.0,Transit,2019
Kepler-216 b,Kepler-216,7.693641,0.079,2.35,6.12,1069.0,6091.0,Transit,2014
Kepler-829 b,Kepler-829,6.88337562,0.0678,2.11,5.1,857.0,5698.0,Transit,2016
Kepler-1873 b,Kepler-1873,0.558842003,0.0128,1.62573811,3.28,1787.0,5151.0,Transit,2021
HATS-22 b,HATS-22,4.7228124,0.05025,10.682177,870.8542,858.0,4803.0,Transit,2017
TOI-1723 b,TOI-1723,13.727012643,0.113496,3.435,10.4,782.98,5777.0,Transit,2024
TOI-6038 A b,TOI-6038 A,5.8267311,0.069,6.41,78.5,1439.0,6110.0,Transit,2025
HIP 18606 b,HIP 18606,674.94,1.61,14.0,244.72787339,405.91,4860.0,Radial Velocity,2025
TIC 434398831 c,TIC 434398831,6.210291,0.06572,5.63,27.0,1050.0,5638.0,Transit,2025
TOI-2202 c,TOI-2202,24.6744,0.15544,13.4,117.27868218,560.61,5144.0,Transit Timing Variations,2021
Kepler-33 d,Kepler-33,21.77596,0.1662,5.35,3.91,853.0,5904.0,Transit,2011
TOI-1722 b,TOI-1722,9.60523206943,,4.38298108,17.6,952.0,5999.55,Transit,2026
Kepler-525 b,Kepler-525,18.68404933,0.14386,2.63,7.41,832.0,5573.0,Transit,2016
HD 164604 b,HD 164604,653.9,1.362,12.3,4195.3349724,170.16,4663.0,Radial Velocity,2009
WASP-132 b,WASP-132,7.1335164,0.0674,10.09929161,136.0305582,682.0,4686.0,Transit,2016
HD 28254 b,HD 28254,1333.0,2.45,13.0,1207.7479466,212.28,5664.0,Radial Velocity,2010
Kepler-1486 b,Kepler-1486,54.6495759,0.2846,2.32,5.99,538.0,5965.0,Transit,2016
Kepler-634 b,Kepler-634,5.16950177,0.05765,1.89,4.23,1309.0,6075.0,Transit,2016
Kepler-251 c,Kepler-251,16.514043,0.122,2.77,8.1,655.0,5526.0,Transit,2014
HD 129445 b,HD 129445,1840.0,2.9,13.3,797.74930157,173.36,5646.0,Radial Velocity,2009
Kepler-724 b,Kepler-724,3.314946338,0.0433,3.29,10.8,1155.0,5437.0,Transit,2016
Kepler-34 b,Kepler-34,288.822,1.0896,8.564,69.92,294.42,5913.0,Transit,2011
Kepler-1016 b,Kepler-1016,1.954524342,0.03044,2.18,5.39,1540.0,5821.0,Transit,2016
Kepler-1859 c,Kepler-1859,3.59645081,0.0473,1.66,3.39,1327.0,5887.0,Transit,2023
Kepler-190 b,Kepler-190,2.019999,0.03,1.56,3.05,1166.0,5106.0,Transit,2014
HD 95544 b,HD 95544,2041.54152,3.166,12.8,1913.64483855,156.5,5722.0,Radial Velocity,2021
Kepler-975 c,Kepler-975,5.05821338,0.0567,10.69,80.2,1168.0,4883.0,Transit,2023
Kepler-978 b,Kepler-978,49.6221509,0.2726,2.99,9.22,546.0,6002.0,Transit,2016
Kepler-1418 b,Kepler-1418,22.4764425,0.131,1.66,3.39,419.0,4770.0,Transit,2016
HD 25912 b,HD 25912,41.83156,0.242,6.9,38.13940884,579.16,5920.58,Radial Velocity,2022
TOI-4914 b,TOI-4914,10.60057,0.098,12.87,227.0,894.0,5805.0,Transit,2024
Kepler-444 c,Kepler-444,4.5458841,0.04881,0.497,0.0793,868.0,5046.0,Transit,2015
GJ 504 b,GJ 504,,43.5,12.10569916,1271.3,510.0,6234.0,Imaging,2013
Kepler-76 b,Kepler-76,1.5449298,0.0274,15.24424,638.8383,2140.0,6409.0,Orbital Brightness Modulation,2013
Kepler-714 b,Kepler-714,8.098887986,0.0832,9.67,67.6,986.0,5995.0,Transit,2016
Kepler-1386 b,Kepler-1386,6.73972381,0.068,1.24,2.07,1011.0,5733.0,Transit,2016
HIP 57274 d,HIP 57274,431.7,1.01,14.2,167.4,183.59,4640.0,Radial Velocity,2011
HD 111998 b,HD 111998,810.0,1.91,12.9,1525.5763536,275.49,6557.0,Radial Velocity,2016
Kepler-141 b,Kepler-141,3.107675,0.039,0.69,0.257,968.0,4910.0,Transit,2014
Kepler-1112 b,Kepler-1112,14.36267939,0.1239,3.02,9.38,918.0,6496.0,Transit,2016
K2-268 e,K2-268,6.131243,,1.33,2.33,801.0,5106.0,Transit,2021
HD 102888 b,HD 102888,252.06,1.05,12.8,1808.44363583,688.63,4990.0,Radial Velocity,2025
WASP-4 b,WASP-4,1.338230994,0.02261,15.12091496,381.3940884,1653.0,5436.0,Transit,2007
Kepler-1537 b,Kepler-1537,1.444453798,0.0245,1.18,1.76,1800.0,5079.0,Transit,2016
Kepler-151 b,Kepler-151,15.228958,0.116,3.06,9.59,639.0,5460.0,Transit,2014
TOI-4504 b,TOI-4504,2.42614,0.03392,2.691,7.71,1234.03,5315.0,Transit,2024
Kepler-1445 b,Kepler-1445,10.60052251,0.09587,0.96,0.84,987.0,6150.0,Transit,2016
TOI-480 b,TOI-480,6.866196,0.077,2.85372018,20.8,1198.94,6174.0,Transit,2024
HATS-70 b,HATS-70,1.8882378,0.03632,15.513256,4100.007,2730.0,7930.0,Transit,2019
Kepler-366 b,Kepler-366,3.281959,0.045,1.46,2.73,1326.0,6209.0,Transit,2014
HD 187123 c,HD 187123,3810.0,4.89,13.2,912.16752809,135.42,5790.0,Radial Velocity,2008
LHS 1678 b,LHS 1678,0.8602325,0.01239,0.685,0.35,830.44,3490.0,Transit,2021
Kepler-935 b,Kepler-935,4.88083852,0.0527,1.35,2.39,879.0,4830.0,Transit,2016
HD 224693 b,HD 224693,26.6904,0.191,14.0,222.481,903.45,5894.0,Radial Velocity,2006
mu Leo b,mu Leo,357.8,1.1,13.3,762.8,704.49,4538.2,Radial Velocity,2014
Kepler-321 b,Kepler-321,4.915379,0.057,1.77,3.78,1042.0,5740.0,Transit,2014
HD 10975 b,HD 10975,283.8,0.95,14.3,143.02278315,799.92,4840.0,Radial Velocity,2021
Kepler-109 b,Kepler-109,6.4816307,0.0701,2.49,4.9,1276.0,5950.0,Transit,2014
HD 70573 b,HD 70573,851.8,1.76,12.8,1900.0,206.11,5737.0,Radial Velocity,2007
Kepler-388 b,Kepler-388,3.173315,0.036,0.81,0.457,830.0,4498.0,Transit,2014
Kepler-15 b,Kepler-15,4.942782,0.05714,10.76,209.76,1251.0,5515.0,Transit,2011
HD 202772 A b,HD 202772 A,3.3088775,0.05208,18.2370116,323.54931833,2181.0,6442.0,Transit,2019
HD 134606 b,HD 134606,12.089,0.1046,2.97,9.09,894.63,5576.0,Radial Velocity,2024
HIP 98599 b,HIP 98599,2656.0,3.96,12.7,2177.12458795,171.08,5978.0,Radial Velocity,2026
TOI-2458 b,TOI-2458,3.73659,0.0482,2.83,13.31,1509.4,6005.0,Transit,2024
HD 190360 b,HD 190360,2887.5,3.965,13.5,537.0,150.0,5560.0,Radial Velocity,2003
TOI-1259 A b,TOI-1259 A,3.4779792,0.0408,11.6,141.0,963.0,4775.0,Transit,2021
Kepler-374 c,Kepler-374,3.282807,0.042,1.1,1.37,1467.0,5977.0,Transit,2014
TOI-5300 b,TOI-5300,2.262196,0.0295,9.86390302,190.6970442,1043.0,4610.0,Transit,2025
Kepler-402 b,Kepler-402,4.028751,0.051,1.22,1.98,1311.0,6090.0,Transit,2014
Kepler-372 d,Kepler-372,30.092568,0.201,1.69,3.5,660.0,6509.0,Transit,2014
TOI-5713 b,TOI-5713,10.441989,0.06008,1.77,3.78,347.2,3225.0,Transit,2024
HD 11964 c,HD 11964,37.91,0.229,5.38,25.0,757.54,5303.0,Radial Velocity,2008
Kepler-351 c,Kepler-351,57.24809,0.287,3.19,11.1,431.0,5643.0,Transit,2014
HD 155193 b,HD 155193,352.65,1.04,14.0,238.37130525,391.86,6239.0,Radial Velocity,2021
HD 13808 b,HD 13808,14.1815,0.10519,3.35,11.2,661.56,5035.0,Radial Velocity,2021
GJ 180 c,GJ 180,24.329,0.129,2.41,6.4,290.87,3371.0,Radial Velocity,2014
Kepler-1663 b,Kepler-1663,17.6046,0.1072,3.30395896,10.9,362.0,3844.0,Transit,2020
Kepler-1768 b,Kepler-1768,15.13589954,0.1286,2.23346338,5.62,933.0,6050.0,Transit,2021
TOI-6041 c,TOI-6041,88.0,0.3721,10.5,77.9,403.5,5445.0,Radial Velocity,2025
HD 109833 c,HD 109833,13.900148,,2.59,7.22,756.7,5881.0,Transit,2022
HAT-P-61 b,HAT-P-61,1.90231289,0.0301,10.07687365,335.9446262,1505.0,5587.0,Transit,2021
Kepler-1026 b,Kepler-1026,36.5156053,0.1977,2.21,5.52,425.0,4948.0,Transit,2016
HD 219134 b,HD 219134,3.092926,0.03876,1.602,4.74,1015.0,4699.0,Radial Velocity,2015
Kepler-1223 b,Kepler-1223,16.301259,0.1186,1.22,1.98,557.0,4870.0,Transit,2016
Kepler-1834 b,Kepler-1834,4.603010178,0.04911,1.4593834,2.73,848.0,4821.0,Transit,2021
Kepler-1276 b,Kepler-1276,12.5720095,0.10863,1.19,1.81,886.0,6188.0,Transit,2016
Kepler-1871 b,Kepler-1871,1.952700019,0.0308,2.42172881,6.44,1403.0,5741.0,Transit,2021
Kepler-1553 b,Kepler-1553,4.24261881,0.0481,1.15,1.6,926.0,5288.0,Transit,2016
Kepler-755 c,Kepler-755,2.853133644,0.037,1.26,2.13,1016.0,5043.0,Transit,2016
LHS 1678 d,LHS 1678,4.9652229,0.04,0.981,0.907,462.95,3490.0,Transit,2024
HD 136118 b,HD 136118,1187.59765,2.327,12.3,4164.18778851,249.62,6097.0,Radial Velocity,2022
HD 25015 b,HD 25015,6134.427,6.248,12.5,2884.92845034,90.69,5160.0,Radial Velocity,2019
TIC 241249530 b,TIC 241249530,165.7719,0.641,13.29385111,1582.78546686,438.94,6166.0,Transit,2024
K2-178 b,K2-178,8.747818,,3.55790985,12.4,840.29,5525.0,Transit,2018
Kepler-1281 b,Kepler-1281,3.11602791,0.0415,1.64,3.33,1123.0,5353.0,Transit,2016
Kepler-1550 b,Kepler-1550,225.582809,0.7681,3.02,9.38,348.0,5991.0,Transit,2016
TOI-5126 c,TOI-5126,17.8999,0.1439,3.86,14.2,971.0,6150.0,Transit,2023
Kepler-1896 b,Kepler-1896,44.87020111,0.2529,3.09935997,9.8,536.0,6122.0,Transit,2021
HAT-P-59 b,HAT-P-59,4.1419771,0.05064,12.58768533,489.45574678,1277.8,5678.0,Transit,2021
Kepler-69 b,Kepler-69,13.722341,0.094,2.24,5.65,779.0,5638.0,Transit,2013
Kepler-1483 b,Kepler-1483,9.5085156,0.0958,1.52,2.92,1131.0,6337.0,Transit,2016
Kepler-608 b,Kepler-608,6.412515037,0.0685,3.64,12.9,1069.0,5820.0,Transit,2016
Kepler-318 c,Kepler-318,11.815007,0.105,3.68,13.1,762.0,5746.0,Transit,2014
Kepler-225 b,Kepler-225,6.738975,0.056,1.2,1.87,579.0,3682.0,Transit,2014
K2-57 b,K2-57,9.0073,0.0752,2.30905002,5.94,635.8,4413.0,Transit,2016
Kepler-627 b,Kepler-627,40.6994443,0.22661,3.73,13.4,685.0,6424.0,Transit,2016
TOI-7333 b,TOI-7333,6.26449803661,,2.09469416,5.04,755.0,4586.87,Transit,2026
LHS 1815 b,LHS 1815,3.814334,0.0404,1.088,1.58,617.0,3643.0,Transit,2020
K2-266 e,K2-266,19.482,0.1249,2.73,14.3,490.1,4285.0,Transit,2018
HD 24085 b,HD 24085,2.0455,0.034,3.46,11.8,1875.43,6034.0,Radial Velocity,2019
HD 92788 b,HD 92788,325.803,0.97,13.0,1195.0408,300.27,5744.0,Radial Velocity,2000
CoRoT-28 b,CoRoT-28,5.20851,0.0603,10.704595,153.82972,1349.25,5150.0,Transit,2015
Kepler-1093 b,Kepler-1093,25.0824626,0.17543,1.95,4.46,776.0,6166.0,Transit,2016
TOI-1226 b,TOI-1226,3.92880881576,,2.4101112,6.39,1123.44,5434.91,Transit,2026
HD 164922 e,HD 164922,41.763,0.2292,3.23,10.52012027,543.73,5393.43,Radial Velocity,2021
Kepler-845 b,Kepler-845,0.927859821,0.01668,2.04,4.82,1361.0,4913.0,Transit,2016
WASP-102 b,WASP-102,2.709813,0.041,14.90794433,197.68926915,1671.0,5990.0,Transit,2025
K2-247 b,K2-247,2.25021,0.0304,2.12,5.14,979.0,4667.0,Transit,2018
HD 96063 b,HD 96063,362.5,1.11,13.7,403.6441,500.75,5020.0,Radial Velocity,2011
HD 101581 b,HIP 56998,4.46569,0.046,0.956,0.827,834.0,4675.0,Transit,2025
HD 13908 c,HD 13908,931.0,2.03,12.8,1630.4,273.57,6255.0,Radial Velocity,2013
Kepler-888 b,Kepler-888,70.6979061,0.31481,1.76,3.75,417.0,5875.0,Transit,2016
HD 28471 b,HD 28471,3.1649,0.042,1.75,3.72,1377.0,5766.0,Radial Velocity,2025
Kepler-1916 b,Kepler-1916,31.25429916,0.2053,2.61757235,7.35,635.0,6246.0,Transit,2021
TOI-5817 b,TOI-5817,15.61031,0.1223,3.08,10.3,950.0,5770.0,Transit,2025
Kepler-279 b,Kepler-279,12.309681,0.112,3.62,4180.93,1104.0,6363.0,Transit,2014
TOI-1853 b,TOI-1853,1.2436258,0.0213,3.46,73.2,1479.0,4985.0,Transit,2023
Kepler-889 b,Kepler-889,3.744439,0.04975,1.09,1.32,1328.0,5961.0,Transit,2016
TOI-6034 b,TOI-6034,2.576184,0.02949,11.92,254.0,714.0,3635.0,Transit,2024
TOI-1260 b,TOI-1260,3.127463,0.0367,2.41,8.56,871.0,4227.0,Transit,2021
TOI-216.01,TOI-216,34.525528,0.2069,10.1,177.98390792,497.0,5026.0,Transit,2019
Kepler-1620 b,Kepler-1620,101.951829,0.4322,1.61,3.22,428.0,6157.0,Transit,2016
HD 4732 c,HD 4732,3184.2,4.725,13.1,1069.49258955,243.69,4898.0,Radial Velocity,2012
Kepler-1232 b,Kepler-1232,26.7839183,0.16545,1.93,4.38,523.0,5471.0,Transit,2016
TOI-3894 b,TOI-3894,4.33454,0.05354,15.27784069,260.61929374,1531.0,6000.0,Transit,2024
Kepler-1735 b,Kepler-1735,7.71792984,0.0621,1.19429134,1.84,502.0,3975.0,Transit,2021
K2-43 b,K2-43,3.471149,0.03784,4.51,18.5,939.3,3840.6,Transit,2016
GJ 1148 b,GJ 1148,41.38,0.166,11.9,96.7,232.94,3287.0,Radial Velocity,2010
TOI-1232 b,TOI-1232,14.256,0.117,10.92875618,220.57291446,785.71,5823.0,Transit,2026
HD 114729 b,HD 114729,1121.79,2.067,13.9,262.20975,237.89,5844.0,Radial Velocity,2002
TOI-5595 b,TOI-5595,5.99002553853,,4.73740402,20.1,621.0,4417.3,Transit,2026
HD 3651 b,HD 3651,62.25,0.295,10.1,72.46524,432.84,5221.0,Radial Velocity,2003
TrES-3 b,TrES-3,1.30618581,0.02282,14.975,607.03,1638.0,5650.0,Transit,2007
BD+20 2457 c,BD+20 2457,621.99,2.01,12.4,3963.17,984.96,4137.0,Radial Velocity,2009
HD 88072 b,HD 88072,18538.79293,13.895,12.6,2511.79790052,76.03,5785.33,Radial Velocity,2022
TOI-6303 b,TOI-6303,9.485236,0.0761,11.59,2493.0,541.0,3977.0,Transit,2025
eps Tau b,eps Tau,585.82,1.878,12.7,2285.18624633,603.08,4877.0,Radial Velocity,2006
Kepler-26 d,Kepler-26,3.543919,0.039,1.07,1.24,652.0,4486.0,Transit,2014
Kepler-496 b,Kepler-496,8.30864937,0.0747,2.32,5.99,747.0,5293.0,Transit,2016
Kepler-903 c,Kepler-903,62.9228557,0.30249,2.53,6.94,462.0,5682.0,Transit,2016
Kepler-526 b,Kepler-526,5.458498316,0.06518,1.99,4.62,1099.0,5894.0,Transit,2016
Kepler-239 c,Kepler-239,56.228098,0.268,2.51,6.85,366.0,4914.0,Transit,2014
TOI-5007 b,TOI-5007,2.543371,0.0307,11.07447293,211.03806225,774.0,3793.0,Transit,2026
GJ 676 A e,GJ 676 A,35.47358,0.181,2.47,6.67439655,351.55,3734.0,Radial Velocity,2012
Kepler-1101 b,Kepler-1101,81.3151059,0.3483,2.47,6.66,393.0,5614.0,Transit,2016
Kepler-1253 b,Kepler-1253,68.8861915,0.31444,1.33,2.33,501.0,5850.0,Transit,2016
Kepler-208 b,Kepler-208,4.22864,0.054,1.63,3.29,1379.0,6092.0,Transit,2014
GJ 687 b,GJ 687,38.142,0.163,4.32,17.2,263.65,3413.0,Radial Velocity,2014
HD 208897 b,HD 208897,358.27,1.063,13.7,379.48711796,507.24,4860.0,Radial Velocity,2017
HD 67087 b,HD 67087,352.2,1.08,13.1,973.0,365.67,6330.0,Radial Velocity,2015
Kepler-1854 b,Kepler-1854,39.83110046,0.20894,2.58746104,7.21,420.0,5026.0,Transit,2021
WASP-93 b,WASP-93,2.7325321,0.04211,17.900773,467.2101,1942.0,6700.0,Transit,2016
Kepler-673 b,Kepler-673,3.728731093,0.0455,6.54,34.8,1023.0,5355.0,Transit,2016
WASP-78 b,WASP-78,2.17518,0.03488,21.63337,352.7913,2469.7,6100.0,Transit,2012
TIC 172900988 b,TIC 172900988 Aa,200.452,0.90281,11.25,942.0,361.24,6050.0,Transit,2021
Kepler-249 b,Kepler-249,3.306539,0.035,1.09,1.32,554.0,3568.0,Transit,2014
TOI-3071 b,TOI-3071,1.266938,0.0249,7.16,68.2,2155.0,6177.0,Transit,2024
Kepler-2000 b,Kepler-2000,6.383159135,0.0562,2.73,7.9,530.0,3757.0,Transit,2023
Kepler-349 c,Kepler-349,12.247629,0.105,1.96,4.5,763.0,5956.0,Transit,2014
Kepler-1224 b,Kepler-1224,13.32351601,0.11625,1.33,2.33,872.0,6155.0,Transit,2016
TYC 1422-614-1 c,TYC 1422-614-1,559.3,1.37,12.5,3178.0,518.21,4806.0,Radial Velocity,2014
HD 235088 b,HD 235088,7.4341325,0.0706,1.982,4.15,805.0,5075.0,Transit,2023
Kepler-441 b,Kepler-441,207.2482,0.64,1.64,3.33,189.0,4340.0,Transit,2015
Kepler-619 c,Kepler-619,1.208465026,0.02216,1.69,3.5,1767.0,5980.0,Transit,2016
HD 164604 c,HD 164604,5387.0,5.556,12.5,3019.3698665,84.25,4663.0,Radial Velocity,2026
K2-138 f,K2-138,12.75758,0.10447,2.904,1.63,653.0,5356.3,Transit,2017
HD 13808 c,HD 13808,53.753,0.2554,3.13,9.96,424.57,5035.0,Radial Velocity,2021
WASP-59 b,WASP-59,7.919585,0.0697,8.687,274.276,670.0,4650.0,Transit,2012
HD 161178 b,HD 161178,279.3,0.85,14.1,181.16219199,828.33,4786.0,Radial Velocity,2021
TOI-712 b,TOI-712,9.531361,0.07928,2.049,4.85,650.0,4622.0,Transit,2022
Kepler-776 b,Kepler-776,4.89718784,0.0523,1.28,2.18,904.0,5071.0,Transit,2016
TOI-3976 A b,TOI-3976 A,6.607662,0.0743,12.27383387,55.61997123,1295.0,5975.0,Transit,2023
Kepler-852 b,Kepler-852,44.9309804,0.27967,2.54,6.99,565.0,6100.0,Transit,2016
HD 33142 c,HD 33142,810.2,1.955,13.9,282.86728223,353.91,5025.4,Radial Velocity,2016
HD 5278 c,HD 5278,40.87,0.2416,4.49,18.4,664.95,6203.0,Radial Velocity,2021
TOI-2193 A b,TOI-2193 A,2.1225735,0.03319,19.83989584,298.75870258,1763.0,5966.0,Transit,2022
K2-411 b,K2-411,3.2141,0.0511,0.9898,0.937,1428.52,5711.0,Transit,2022
Kepler-338 c,Kepler-338,24.310856,0.172,2.34,6.08,831.0,5923.0,Transit,2014
GJ 3998 c,GJ 3998,13.727,0.09,2.5,6.82,423.49,3726.0,Radial Velocity,2016
TOI-5795 b,TOI-5795,6.1406325,0.064,5.62,23.66,1136.78,5715.0,Transit,2025
HD 34445 g,HD 34445,5700.0,6.36,13.6,120.6,131.09,5836.0,Radial Velocity,2017
Kepler-722 c,Kepler-722,105.144749,0.4471,2.82,8.35,401.0,5863.0,Transit,2016
Kepler-186 c,Kepler-186,7.267302,0.0451,1.25,2.1,464.0,3788.0,Transit,2014
Kepler-339 b,Kepler-339,4.977656,0.055,1.42,2.6,1023.0,5631.0,Transit,2014
Kepler-1673 b,Kepler-1673,33.7888,0.21363,2.9355194,8.93,611.0,6014.95,Transit,2020
G 192-15 c,G 192-15,1219.0,1.137,3.87,14.3,55.9,2999.0,Radial Velocity,2025
Kepler-123 c,Kepler-123,26.695074,0.181,1.48,2.79,706.0,6089.0,Transit,2014
TOI-1201 b,TOI-1201,2.4919863,0.0287,2.415,6.28,703.0,3476.0,Transit,2021
Kepler-870 b,Kepler-870,21.3587621,0.1539,2.78,8.15,691.0,5857.0,Transit,2016
TOI-1743 b,TOI-1743,4.266046,0.03589,1.83,4.01,485.0,3277.0,Transit,2025
HD 107148 b,HD 107148,48.056,0.269,9.6,66.741,582.78,5797.0,Radial Velocity,2005
HD 3765 b,HD 3765,1211.0,2.108,8.56,54.98431441,152.85,5049.8,Radial Velocity,2021
GJ 3378 b,GJ 3378,21.45,0.09673,1.32,2.3,272.0,3340.0,Radial Velocity,2026
HD 135872 b,HD 135872,2422.32597,4.172,12.8,1744.56012602,233.64,4992.0,Radial Velocity,2022
K2-36 b,K2-36,1.422614,0.02288,1.43,4.3,1328.0,4916.0,Transit,2016
Kepler-1957 b,Kepler-1957,2.186619997,0.0299,0.94374867,0.79,1099.0,4904.0,Transit,2021
HS Psc b,HS Psc,3.986,0.0435,13.6,464.02947422,783.44,4203.0,Radial Velocity,2024
GJ 27.1 b,GJ 27.1,15.819,0.101,3.66,13.0,387.13,3542.0,Radial Velocity,2014
Kepler-218 c,Kepler-218,44.699576,0.248,3.14,10.0,500.0,5502.0,Transit,2014
HATS-52 b,HATS-52,1.36665436,0.02498,15.490838,711.9392,1834.0,6010.0,Transit,2017
HD 142 c,HD 142,10159.64279,9.811,12.4,3464.64746471,116.56,6245.0,Radial Velocity,2012
CoRoT-18 b,CoRoT-18,1.9000693,0.0295,14.68,1102.82,1550.0,5440.0,Transit,2011
KOI-351 d,KOI-351,59.73667,0.32,2.87,8.6,520.0,6080.0,Transit,2013
HR 858 d,HR 858,11.230511,0.1046,2.001,7.1,1061.0,6354.0,Transit,2019
TOI-1758 b,TOI-1758,20.705074685,0.141409,3.62,6.9,551.44,5169.0,Transit,2024
HD 56414 b,HD 56414,29.04992,0.229,3.71,13.3,1133.0,8500.0,Transit,2022
HD 63433 c,HD 63433,20.5438281,0.146,2.692,15.539,678.92,5553.0,Transit,2020
AB Aur b,AB Aur,,93.9,12.5,2860.455663,83.63,9770.0,Imaging,2022
Kepler-1731 b,Kepler-1731,21.76129913,0.1399,2.93295657,8.92,486.0,4859.0,Transit,2021
Kepler-351 b,Kepler-351,37.054919,0.214,3.06,4.8,498.0,5643.0,Transit,2014
K2-281 b,K2-281,8.687721,0.0773,8.18,50.9,665.0,4812.0,Transit,2018
HD 88133 b,HD 88133,3.414884,0.0479,13.8,324.1866,1762.08,5392.0,Radial Velocity,2004
HD 80869 b,HD 80869,1752.92067,2.905,12.8,1609.80088146,203.2,5837.0,Radial Velocity,2021
HATS-59 b,HATS-59,5.416081,0.06112,12.621334,256.17098,1128.0,5670.0,Transit,2018
Kepler-1788 b,Kepler-1788,2.800120115,0.0343,2.37850461,6.25,956.0,4786.0,Transit,2021
Kepler-352 d,Kepler-352,6.887279987,0.06574,0.80628032,0.449,788.0,5208.0,Transit,2021
HIP 97166 b,HIP 97166,10.288914,0.091,2.4801338,19.1,701.66,5216.0,Transit,2021
HATS-54 b,HATS-54,2.5441765,0.037,11.37711541,239.32479047,1429.0,5621.0,Transit,2019
HD 217107 b,HD 217107,7.1270166,0.07359,13.6,459.57987652,1105.84,5622.0,Radial Velocity,1998
HD 220689 b,HD 220689,2266.4,3.396,13.7,381.3940884,160.11,5921.0,Radial Velocity,2012
Kepler-222 c,Kepler-222,10.08881,0.091,4.64,19.4,734.0,5433.0,Transit,2014
Kepler-289 b,Kepler-289,34.5383,0.21183,2.49,3.7,607.0,5990.0,Transit,2014
Kepler-1444 b,Kepler-1444,33.42035034,0.20906,2.18,5.39,581.0,5810.0,Transit,2016
Kepler-1763 b,Kepler-1763,1.480280042,0.0257,1.14651332,1.59,1822.0,5897.0,Transit,2021
HD 31253 b,HD 31253,466.0,1.26,14.1,197.0546,348.36,6130.0,Radial Velocity,2010
Kepler-1543 b,Kepler-1543,6.96710269,0.0867,2.71,7.8,1774.0,6561.0,Transit,2016
HD 45184 b,HD 45184,5.8854,0.0644,3.52,12.19,1156.34,5869.0,Radial Velocity,2019
TOI-1776 b,TOI-1776,2.799868,0.0378,1.21612741,1.4,1269.21,5785.0,Transit,2024
Barnard e,Barnard's star,6.7392,0.0381,0.637,0.193,340.0,3195.0,Radial Velocity,2025
Kepler-1579 b,Kepler-1579,0.849907889,0.014,0.84,0.52,1139.0,4584.0,Transit,2016
Kepler-108 b,Kepler-108,49.183921,0.292,8.65,56.0,669.0,5854.0,Transit,2014
Kepler-358 b,Kepler-358,34.060467,0.21,2.72,7.85,554.0,5908.0,Transit,2014
TOI-3135 b,TOI-3135,3.7065585,0.04756,13.65253849,327.36325921,1292.0,5890.0,Transit,2025
Kepler-887 c,Kepler-887,7.63846023,0.0801,1.13,1.51,1089.0,6194.0,Transit,2016
TOI-1194 b,TOI-1194,2.3106446,0.034,8.71664516,120.0,1264.29,5394.0,Transit,2023
Kepler-1179 b,Kepler-1179,2.685057492,0.03497,1.32,2.3,1137.0,5212.0,Transit,2016
HD 33844 b,HD 33844,551.40002,1.6,13.4,638.8383,430.22,4861.0,Radial Velocity,2015
OGLE-TR-113 b,OGLE-TR-113,1.4324752,0.02289,12.251,400.449,1342.0,4790.0,Transit,2004
HD 145675 c,14 Her,15732.45889,20.0,12.6,2510.8444153,55.51,5338.0,Radial Velocity,2021
Kepler-1883 b,Kepler-1883,103.427002,0.4438,3.25107395,10.6,416.0,6208.0,Transit,2021
HD 210702 b,HD 210702,355.5,1.079,13.6,481.5100366,485.86,4912.0,Radial Velocity,2007
K2-122 b,K2-122,2.2193023,0.0373,1.16,1.65,769.0,4009.0,Transit,2017
Kepler-1825 b,Kepler-1825,1.025869966,0.0187,1.42200732,2.61,1520.0,5123.0,Transit,2021
Kepler-1675 b,Kepler-1675,63.0382,0.32185,3.12483349,9.93,465.0,5853.19,Transit,2020
Kepler-139 e,Kepler-139,2047.635373,3.23579639,13.7,378.0,154.06,5622.0,Radial Velocity,2023
Kepler-376 c,Kepler-376,14.172327,0.115,1.79,3.86,873.0,5900.0,Transit,2014
TOI-2587 A b,TOI-2587 A,5.45664,0.0635,12.07207221,69.28659273,1445.0,5760.0,Transit,2023
HD 147873 b,HD 147873,116.596,0.522,12.8,1633.6462,603.16,5972.0,Radial Velocity,2016
HD 20781 b,HD 20781,5.3135,0.0529,1.21,1.93,1006.1,5256.0,Radial Velocity,2019
HD 222582 b,HD 222582,572.38,1.34,12.6,2660.2371,256.39,5790.0,Radial Velocity,1999
Kepler-69 c,Kepler-69,242.4613,0.64,1.71,3.57,299.0,5638.0,Transit,2013
BD+63 1405 b,BD+63 1405,1198.48,2.06,12.4,3305.4154328,150.69,5000.0,Radial Velocity,2021
Teegarden's Star b,Teegarden's Star,4.90634,0.0259,1.05,1.16,277.0,3034.0,Radial Velocity,2019
Kepler-164 d,Kepler-164,28.986769,0.187,2.45,6.57,637.0,5888.0,Transit,2014
Kepler-1255 b,Kepler-1255,36.2919336,0.2226,2.32,5.99,694.0,6018.0,Transit,2016
HD 113538 c,HD 113538,1818.0,2.44,13.8,295.57,100.28,4462.0,Radial Velocity,2010
Kepler-1165 b,Kepler-1165,9.478522,0.0914,1.55,3.02,946.0,6080.0,Transit,2016
Kepler-32 b,Kepler-32,5.90124,0.05,2.2,1303.0,514.0,3900.0,Transit,2011
Kepler-1328 b,Kepler-1328,4.52158888,0.052,0.98,0.904,1214.0,5780.0,Transit,2016
Kepler-344 c,Kepler-344,125.596809,0.488,2.95,9.01,360.0,5774.0,Transit,2014
Kepler-249 d,Kepler-249,15.368459,0.097,1.57,3.09,332.0,3568.0,Transit,2014
Kepler-1930 b,Kepler-1930,13.02680016,0.10233,1.52955541,2.95,643.0,5083.0,Transit,2021
K2-159 b,K2-159,12.42205,0.1013,2.26,5.73,684.0,5425.0,Transit,2018
Kepler-1812 b,Kepler-1812,7.165219784,0.0765,2.3249424,6.01,1034.0,6174.0,Transit,2021
HIP 54515 b,HIP 54515,33000.0,24.8,12.2,5625.5628039,100.72,8100.0,Imaging,2026
TOI-1224 c,TOI-1224,17.945466,,2.884,8.67,303.12,3326.0,Transit,2024
HD 152843 c,HD 152843,19.502104,0.1482,5.94,9.67,253.08,6310.0,Transit,2021
Kepler-45 b,Kepler-45,2.455239,0.03,10.76,160.497,1000.0,3820.0,Transit,2011
Kepler-905 b,Kepler-905,5.082746517,0.05689,1.41,2.57,928.0,5461.0,Transit,2016
POTS-1 b,POTS-1,3.1606296,0.03734,10.548,734.16,841.95,4400.0,Transit,2013
WASP-156 b,WASP-156,3.8361623,0.0458,6.02802815,41.8,934.5,4987.0,Transit,2017
HD 49674 b,HD 49674,4.94737,0.06,6.2,31.783,1113.78,5602.0,Radial Velocity,2002
Kepler-1683 b,Kepler-1683,15.0337,0.1182,1.87477762,4.17,669.0,5429.0,Transit,2020
Kepler-339 c,Kepler-339,6.988055,0.069,1.15,7.3,914.0,5631.0,Transit,2014
TOI-3464 b,TOI-3464,3.6515568,0.0515,13.7646283,397.28550875,1693.0,6370.0,Transit,2025
HD 13908 b,HD 13908,19.382,0.154,13.9,274.91,993.25,6255.0,Radial Velocity,2013
HD 11112 b,HD 11112,17244.90764,13.38,12.6,2598.56505563,94.51,5905.64,Radial Velocity,2022
K2-59 b,K2-59,20.6921,0.1354,2.41,6.39,566.37,5055.0,Transit,2016
KELT-24 b,KELT-24,5.55149296,0.0665,12.71098411,1458.83238813,1391.0,6426.0,Transit,2019
Kepler-1398 b,Kepler-1398,2.78815679,0.03909,0.9,0.666,1510.0,6126.0,Transit,2016
HATS-37 A b,HATS-37 A,4.3315366,0.04913,6.792654,31.46517,1085.0,5326.0,Transit,2020
Kepler-1563 b,Kepler-1563,3.43276598,0.0442,0.75,0.347,1134.0,5765.0,Transit,2016
Kepler-1474 b,Kepler-1474,36.4333452,0.2108,2.16,5.31,561.0,5870.0,Transit,2016
TOI-1601 b,TOI-1601,5.33175,0.069,14.19902343,387.0,1493.97,5982.0,Transit,2021
TOI-3819 b,TOI-3819,3.2443141,0.04611,13.13692538,352.78953177,1633.0,5859.0,Transit,2023
K2-233 b,K2-233,2.467583,0.03293,1.315,2.4,1127.0,4796.0,Transit,2018
Kepler-171 d,Kepler-171,39.595519,0.223,1.89,4.23,497.0,5642.0,Transit,2014
HD 64114 b,HD 64114,45.791,0.246,4.41,17.8,518.51,5676.0,Radial Velocity,2019
TOI-2267 b,TOI-2267 A,2.28909,0.0205,1.0,0.972,424.0,3030.0,Transit,2025
Kepler-1558 b,Kepler-1558,3.50470358,0.04278,0.68,0.244,1019.0,5101.0,Transit,2016
Kepler-30 d,Kepler-30,143.34394,0.5,8.8,23.1,308.0,5498.0,Transit,2012
HD 10647 b,HD 10647,989.2,2.015,13.8,298.75,221.54,6218.0,Radial Velocity,2006
Kepler-581 b,Kepler-581,40.6069821,0.2259,2.63,7.41,521.0,5772.0,Transit,2016
HD 27969 b,HD 27969,654.5,1.552,12.9,1525.5763536,261.0,5966.0,Radial Velocity,2021
Kepler-1666 c,Kepler-1666,40.7157,0.2383,3.23564749,10.5,578.0,6293.0,Transit,2020
Kepler-415 b,Kepler-415,4.176,0.0426,1.21,119.9,694.0,4362.0,Transit Timing Variations,2014
Kepler-85 b,Kepler-85,8.3,0.07885,1.778,1.84,809.0,5505.2,Transit,2012
K2-241 b,K2-241,26.8199,0.1567,2.55,7.04,507.0,5262.0,Transit,2018
CoRoT-13 b,CoRoT-13,4.03519,0.051,9.92,415.704,1700.0,5945.0,Transit,2010
Kepler-363 c,Kepler-363,7.542427,0.079,1.69,66.4,1054.0,5593.0,Transit,2014
HAT-P-49 b,HAT-P-49,2.69155,0.04378,17.82231,699.226,2131.0,6820.0,Transit,2014
K2-320 b,K2-320,1.995,0.0142,2.62,7.37,698.0,3157.0,Transit,2020
Kepler-767 b,Kepler-767,161.5280101,0.5874,6.64,35.7,366.0,5694.0,Transit,2016
K2-83 b,K2-83,2.74697,0.03014,1.244,2.08,707.17,3910.0,Transit,2016
Kepler-477 b,Kepler-477,11.11990653,0.0911,2.07,4.94,649.0,5240.0,Transit,2016
Kepler-1737 b,Kepler-1737,64.61750031,0.297,5.395,25.1,383.0,5043.0,Transit,2021
Kepler-1009 b,Kepler-1009,11.35011917,0.0796,2.17,5.35,403.0,4027.0,Transit,2016
Kepler-946 b,Kepler-946,11.79162572,0.1002,1.93,4.38,857.0,5665.0,Transit,2016
HD 215497 c,HD 215497,566.0,1.31,13.0,111.23994245,198.6,5113.0,Radial Velocity,2009
HR 2562 b,HR 2562,,22.2,12.44199,6992.224954,1255.0,6597.0,Imaging,2016
HATS-27 b,HATS-27,4.637038,0.0611,16.8135,168.4499,1659.0,6438.0,Transit,2016
Kepler-1334 b,Kepler-1334,15.64591713,0.1229,2.29,5.86,710.0,5614.0,Transit,2016
K2-333 b,K2-333,14.759287,,6.18,31.6,826.0,5880.0,Transit,2021
CoRoT-24 c,CoRoT-24,11.759,0.098,5.0,28.0,850.0,4950.0,Transit,2014
Kepler-1704 b,Kepler-1704,988.88112,2.027,11.94877343,1322.16617312,253.8,5746.0,Transit,2021
Kepler-1846 b,Kepler-1846,14.82009983,0.11054,1.76378826,3.76,552.0,4825.0,Transit,2021
HD 143105 b,HD 143105,2.1974,0.0379,13.7,384.5743,2028.25,6380.0,Radial Velocity,2016
Kepler-203 b,Kepler-203,3.162697,0.043,2.57,7.13,1308.0,5821.0,Transit,2014
TOI-4127 b,TOI-4127,56.3987,0.303,12.07,743.71847238,556.0,6096.0,Transit,2023
Kepler-377 b,Kepler-377,12.509529,0.109,1.39,2.51,875.0,5949.0,Transit,2014
Kepler-35 b,Kepler-35,131.458,0.60347,8.16,40.363,352.89,5606.0,Transit,2011
Kepler-1989 b,Kepler-1989,10.161023528,0.0918,4.62,19.3,904.0,6032.0,Transit,2023
KOI-4777.01,KOI-4777,0.412,0.008,0.51,99.2,1180.0,3515.0,Transit,2022
TOI-1062 c,TOI-1062,7.972,0.08,3.1,9.78,859.0,5328.0,Radial Velocity,2021
Kepler-966 b,Kepler-966,99.747622,0.3907,4.13,16.0,391.0,5840.0,Transit,2016
HD 125390 b,HD 125390,1757.39151,3.496,11.9,8646.20398403,320.26,4882.0,Radial Velocity,2019
Kepler-678 b,Kepler-678,7.27503724,0.0732,5.14,23.1,833.0,5520.0,Transit,2016
Kepler-968 c,Kepler-968,5.709404918,0.052,1.69,3.5,644.0,4598.0,Transit,2016
Kepler-507 b,Kepler-507,3.568096926,0.04781,1.3,5.69692195,1407.0,6113.0,Transit,2016
HD 216520 c,HD 216520,154.43,0.528,3.03,9.44,295.22,5103.0,Radial Velocity,2020
HD 45364 b,HD 45364,225.79,0.6793,9.03,60.16491745,301.69,5466.0,Radial Velocity,2008
Kepler-1608 b,Kepler-1608,16.4735686,0.1126,1.73,3.64,612.0,4992.0,Transit,2016
Kepler-1411 b,Kepler-1411,86.1150888,0.4001,2.82,8.35,441.0,5664.0,Transit,2016
HIP 114933 b,HIP 114933,1481.6,2.84,13.4,616.58710958,316.81,4823.0,Radial Velocity,2021
HD 221585 b,HD 221585,1173.0,2.306,13.5,511.7063,242.77,5620.0,Radial Velocity,2016
Kepler-403 b,Kepler-403,7.031462,0.076,1.25,2.1,1194.0,6090.0,Transit,2014
Kepler-753 b,Kepler-753,5.747725012,0.054,1.91,4.31,641.0,4346.0,Transit,2016
TOI-2180 b,TOI-2180,260.79,0.828,11.32107051,875.61726129,348.0,5695.0,Transit,2022
BD-17 63 b,BD-17 63,655.57,1.34,12.8,1639.99458012,168.92,4714.0,Radial Velocity,2008
K2-274 b,K2-274,14.1330314,0.0964,2.08,4.98,655.0,5044.0,Transit,2018
GJ 4276 b,GJ 4276,13.352,0.082,4.22,16.57,363.86,3387.0,Radial Velocity,2019
TOI-1472 b,TOI-1472,6.36338574,0.064,4.058,18.05,891.0,5100.0,Transit,2024
Kepler-1436 b,Kepler-1436,9.705716,0.0907,1.31,2.27,1001.0,5972.0,Transit,2016
NGTS-14 A b,NGTS-14 A,3.5357173,0.0403,4.976796,29.24036,1143.0,5187.0,Transit,2021
Kepler-1843 b,Kepler-1843,25.54339981,0.17871,2.70909809,7.8,772.0,5422.0,Transit,2021
HD 199509 b,HD 199509,99.62167,0.426,7.43,43.22466335,410.73,5796.02,Radial Velocity,2022
HD 219134 c,HD 219134,6.76458,0.0653,1.511,4.36,782.0,4699.0,Radial Velocity,2015
HR 8799 e,HR 8799,20815.6,16.4,13.11453,3178.3,1150.0,7400.0,Imaging,2010
HD 95089 b,HD 95089,464.4,1.36,13.7,400.4658,458.34,4918.0,Radial Velocity,2009
TOI-1803 c,TOI-1803,12.885779,0.097,4.29,8.0,588.0,4687.0,Transit,2025
K2-66 b,K2-66,5.06963,0.05983,2.49,21.3,1372.0,5887.0,Transit,2016
Kepler-1781 b,Kepler-1781,4.88752985,0.0574,2.38091029,6.26,1003.0,5568.0,Transit,2021
OGLE2-TR-L9 b,OGLE2-TR-L9,2.4855335,0.0308,18.046,1430.175,2034.0,6933.0,Transit,2008
HD 45350 b,HD 45350,963.6,1.92,13.5,568.89,217.81,5566.0,Radial Velocity,2004
4 UMa b,4 UMa,270.27,0.877,12.6,2511.48007211,967.44,4415.0,Radial Velocity,2006
K2-19 d,K2-19,2.50827,0.03478,1.044,6.2,1258.0,5350.0,Transit,2016
HAT-P-63 b,HAT-P-63,3.377728,0.04294,12.5428494,195.1466419,1237.0,5400.0,Transit,2021
Kepler-1890 b,Kepler-1890,4.820590019,0.05712,0.86867375,0.587,1328.0,6046.0,Transit,2021
WASP-133 b,WASP-133,2.176423,0.0345,13.56289,368.6828,1790.0,5700.0,Transit,2016
TOI-2015 b,TOI-2015,3.348237,0.029322,3.309,9.2,530.9,3297.0,Transit,2023
PDS 70 b,PDS 70,43500.0,20.8,21.96960217,1017.0509024,1392.0,4109.0,Imaging,2018
HD 43197 c,HD 43197,9295.9735,8.54,12.6,2500.67390628,90.89,5508.0,Radial Velocity,2022
Kepler-213 b,Kepler-213,2.46236,0.036,1.62,3.26,1326.0,5696.0,Transit,2014
Kepler-1867 b,Kepler-1867,9.887359619,0.0872,1.15985997,1.65,768.0,5693.0,Transit,2021
GJ 536 c,GJ 536,32.761,0.1617,2.3,5.89,290.5,3641.0,Radial Velocity,2025
Kepler-1038 b,Kepler-1038,148.4603382,0.5238,3.53,12.2,285.0,5335.0,Transit,2016
Kepler-934 b,Kepler-934,55.6738309,0.2658,2.09,5.02,384.0,5001.0,Transit,2016
K2-264 b,K2-264,5.840002,0.05023,2.231,5.61,496.0,3660.0,Transit,2018
HIP 14810 b,HIP 14810,6.673892,0.0696,13.0,1239.537,1048.2,5544.0,Radial Velocity,2005
Kepler-979 b,Kepler-979,8.0880135,0.0753,2.72,7.85,792.0,5310.0,Transit,2016
K2-130 b,K2-130,2.49412,0.032,1.25,2.1,1013.11,4356.47,Transit,2017
HD 47186 c,HD 47186,1353.6,2.395,13.0,111.42,183.18,5657.0,Radial Velocity,2008
Kepler-1391 b,Kepler-1391,54.4092333,0.30045,1.68,3.46,513.0,5840.0,Transit,2016
Kepler-1148 b,Kepler-1148,1.104463509,0.0188,1.69,3.5,1397.0,5054.0,Transit,2016
Kepler-1231 b,Kepler-1231,10.41725184,0.0914,1.42,2.6,870.0,5778.0,Transit,2016
HD 221420 b,HD 221420,10090.0,10.15,12.0,7278.2705203,123.49,5847.0,Radial Velocity,2019
WASP-181 b,WASP-181,4.5195064,0.05427,13.271456,95.03117,1186.0,5839.0,Transit,2019
GJ 887 c,GJ 887,21.784,0.121,2.43,6.5,320.0,3688.0,Radial Velocity,2020
Kepler-289 d,Kepler-289,66.0282,0.33,3.03,5.33,502.81,5990.0,Transit,2014
Kepler-1067 b,Kepler-1067,0.762129261,0.0164,0.8,0.437,1872.0,5592.0,Transit,2016
TOI-1227 b,TOI-1227,27.36397,0.0886,9.57246952,66.5,243.77,3072.0,Transit,2022
75 Cet c,75 Cet,2051.62,3.929,13.9,289.85950718,376.92,4809.0,Radial Velocity,2023
Kepler-279 e,Kepler-279,98.3531,0.439,4.13,56.0,552.0,6689.45,Transit,2025
HD 171238 b,HD 171238,1515.0,2.518,12.5,2796.8899816,166.96,5467.0,Radial Velocity,2009
K2-39 b,K2-39,4.60543,0.05708,6.27704,28.6047,1670.0,4881.0,Transit,2016
HD 145457 b,HD 145457,176.13,0.762,13.2,888.01256916,826.81,4757.0,Radial Velocity,2010
Kepler-1487 c,Kepler-1487,35.8007112,0.2588,7.97,48.7,991.0,5745.0,Transit,2023
Kepler-385 d,Kepler-385,56.4159,0.2872,2.6186448,7.36,535.0,5829.0,Transit,2020
Kepler-1193 b,Kepler-1193,2.832652134,0.04004,1.32,2.3,1453.0,5908.0,Transit,2016
Kepler-844 b,Kepler-844,2.613020856,0.0298,1.68,3.46,713.0,4128.0,Transit,2016
HD 81817 c,HD 81817,622.97802,2.325,12.0,7185.78245386,1198.52,4140.0,Radial Velocity,2022
HD 194490 b,HD 194490,13092.18348,11.116,12.4,3561.90295725,90.87,5861.32,Radial Velocity,2022
HD 28471 c,HD 28471,6.1245,0.065,2.26,5.72,1066.0,5766.0,Radial Velocity,2025
EPIC 201170410.02,EPIC 201170410,6.7987,0.0349,1.047,1.15,500.03,3648.0,Transit,2020
47 UMa c,47 UMa,2391.0,3.6,14.2,171.621,164.38,5872.0,Radial Velocity,2001
HIP 57274 c,HIP 57274,32.03,0.178,14.2,130.0,437.32,4640.0,Radial Velocity,2011
EPIC 246851721 b,EPIC 246851721,6.180235,0.07229,11.780659,953.49,1401.0,6202.0,Transit,2018
HD 158038 b,HD 158038,521.0,1.5,13.5,486.2799,405.91,4860.0,Radial Velocity,2011
HD 166724 b,HD 166724,5144.0,5.42,13.0,1207.7479466,94.83,5127.0,Radial Velocity,2012
HD 62509 b,HD 62509,589.64,1.64,13.3,731.0,549.6,4892.63,Radial Velocity,2006
Kepler-314 c,Kepler-314,5.960392,0.064,2.9,8.75,890.0,5378.0,Transit,2014
HD 11964 b,HD 11964,1945.0,3.16,14.1,198.0,203.93,5303.0,Radial Velocity,2005
Kepler-232 b,Kepler-232,4.431222,0.054,3.08,9.69,1104.0,5847.0,Transit,2014
Ross 458 c,Ross 458,,1100.0,14.01125,1906.98,4.32,3965.42,Imaging,2010
Kepler-786 b,Kepler-786,53.5293487,0.25483,2.43,6.48,348.0,4838.0,Transit,2016
HD 109271 b,HD 109271,7.8543,0.079,4.31,17.162,1128.86,5783.0,Radial Velocity,2013
Kepler-284 b,Kepler-284,12.699149,0.104,2.24,5.65,686.0,5615.0,Transit,2014
Kepler-950 b,Kepler-950,98.7180406,0.3982,8.98,59.6,360.0,5857.0,Transit,2016
Kepler-1463 b,Kepler-1463,25.15864,0.1694,1.86,4.12,619.0,5679.0,Transit,2016
HD 211810 b,HD 211810,1558.0,2.656,14.0,212.9461,177.77,5652.0,Radial Velocity,2018
HATS-62 b,HATS-62,3.2768837,0.04163,11.825495,56.89157,1237.0,5416.0,Transit,2018
Kepler-102 d,Kepler-102,10.311767,0.08618,1.154,3.0,686.0,4909.0,Transit,2014
Kepler-42 c,Kepler-42,0.45328509,0.006,0.73,60.337,720.0,3068.0,Transit,2011
HD 56957 b,HD 56957,5859.08992,6.426,12.8,1880.90851263,145.67,5743.0,Radial Velocity,2022
Kepler-1855 b,Kepler-1855,0.727330983,0.0115,1.216205,1.96,849.0,3460.0,Transit,2021
Kepler-298 c,Kepler-298,22.92881,0.136,1.93,4.38,416.0,4465.0,Transit,2014
Kepler-84 d,Kepler-84,4.224537,0.052,1.38,2.48,1254.0,6031.0,Transit,2014
TOI-1410.01,TOI-1410,1.21687,0.0207,3.10083009,12.5,1236.7,4635.0,Transit,2024
HD 180902 b,HD 180902,510.9,1.4,13.5,535.54355,412.37,4961.0,Radial Velocity,2009
HD 62364 b,HD 62364,5138.0,6.15,12.1,5965.63919939,143.96,6255.0,Radial Velocity,2022
TOI-5238 b,TOI-5238,4.872171,,5.22,23.7,1042.0,5631.0,Transit,2022
Kepler-682 b,Kepler-682,12.611906672,0.1058,7.37,42.6,753.0,5559.0,Transit,2016
TOI-2010 b,TOI-2010,141.834025,0.5516,11.81426566,408.7273314,400.2,5929.0,Transit,2023
HD 149143 b,HD 149143,4.07182,0.053,13.6,422.7139,1471.9,5856.0,Radial Velocity,2005
Kepler-18 d,Kepler-18,14.85888,0.1172,6.98,16.4,720.0,5345.0,Transit,2011
Kepler-1988 b,Kepler-1988,11.49500229,0.1038,1.53,2.96,1105.0,6033.0,Transit,2023
Kepler-864 c,Kepler-864,2.42150341,0.0382,1.62,3.26,1532.0,6213.0,Transit,2023
Kepler-1949 b,Kepler-1949,2.208280087,0.0352,2.21964541,5.56,1709.0,6028.0,Transit,2021
Kepler-27 c,Kepler-27,31.3309,0.191,4.9,4385.87,481.0,5400.0,Transit,2011
Kepler-754 b,Kepler-754,14.5596237,0.116,2.01,4.7,758.0,5935.0,Transit,2016
Kepler-1021 b,Kepler-1021,13.47469571,0.1034,2.33,6.04,634.0,5431.0,Transit,2016
Kepler-14 b,Kepler-14,6.790123,0.0771,12.733,2669.66,1605.0,6395.0,Transit,2011
WASP-187 b,WASP-187,5.147878,0.0653,18.38276,254.264,1760.0,6150.0,Transit,2020
Kepler-1698 b,Kepler-1698,1.2107,0.02065,1.07315686,1.25,1351.0,4975.03,Transit,2020
HIP 56640 b,HIP 56640,2675.57603,4.55,12.7,2151.69831539,239.37,4769.0,Radial Velocity,2021
WASP-169 b,WASP-169,5.6114118,0.0681,14.616536,178.30263,1604.0,6110.0,Transit,2019
eps CrB b,eps CrB,417.9,1.3,12.7,2129.461,853.92,4406.0,Radial Velocity,2012
Kepler-1425 b,Kepler-1425,14.4541302,0.11435,0.94,0.779,676.0,5718.0,Transit,2016
Kepler-1945 b,Kepler-1945,6.080039978,0.0597,1.289,2.21,808.0,4991.0,Transit,2021
TOI-2141 d,TOI-2141,60.45,0.2906,3.97,14.9,491.4,5635.0,Radial Velocity,2025
WASP-118 b,WASP-118,4.0460435,0.05453,16.14096,163.36462,1729.0,6410.0,Transit,2016
HD 240210 b,HD 240210,501.75,1.16,12.8,1655.82,970.67,4297.0,Radial Velocity,2009
Kepler-778 b,Kepler-778,3.75574426,0.0453,1.68,3.46,977.0,5102.0,Transit,2016
Kepler-1358 b,Kepler-1358,7.06317341,0.0656,1.12,1.46,827.0,5181.0,Transit,2016
Kepler-242 b,Kepler-242,8.20395,0.075,2.61,7.32,742.0,5020.0,Transit,2014
HD 213240 b,HD 213240,882.70001,1.89,12.8,1655.88600047,257.7,5979.0,Radial Velocity,2001
HD 75302 b,HD 75302,4356.0,5.3,12.8,1716.2733978,115.76,5697.46,Radial Velocity,2023
HD 37124 b,HD 37124,154.378,0.53364,14.0,214.53525,366.48,5698.64,Radial Velocity,2002
Wolf 327 b,Wolf 327,0.5734745,0.01,1.24,2.53,996.0,3542.0,Transit,2024
OGLE-2006-BLG-109L c,OGLE-2006-BLG-109L,4927.5,4.5,11.1,86.0,59.0,,Microlensing,2008
HD 12648 b,HD 12648,133.60001,0.54,13.4,622.9468,1053.23,4835.0,Radial Velocity,2015
HATS-5 b,HATS-5,4.763387,0.0542,10.223,75.323,1025.0,5304.0,Transit,2014
Kepler-1561 b,Kepler-1561,1.005207007,0.0194,1.09,1.32,1682.0,5957.0,Transit,2016
Kepler-274 c,Kepler-274,33.197861,0.204,1.84,4.04,678.0,6023.0,Transit,2014
HAT-P-25 b,HAT-P-25,3.65281514,0.0466,12.722215,180.84527,1182.0,5519.0,Transit,2012
BD+48 738 b,BD+48 738,392.6,1.0,13.9,289.2253,705.93,4414.0,Radial Velocity,2011
Kepler-697 b,Kepler-697,3.709870645,0.0471,4.13,16.0,1151.0,5513.0,Transit,2016
HD 70642 b,HD 70642,2124.54,3.318,13.0,1239.5307873,150.52,5732.0,Radial Velocity,2003
Kepler-1710 b,Kepler-1710,14.91110039,0.11583,3.19744103,3.49494179,694.0,5650.0,Transit,2021
Kepler-510 b,Kepler-510,19.55659418,0.1352,2.47,6.66,797.0,5746.0,Transit,2016
Kepler-1477 b,Kepler-1477,11.55530021,0.0911,1.18,1.76,674.0,5100.0,Transit,2016
HN Lib b,HN Lib,36.116,0.1417,2.2,5.46,234.4,3347.0,Radial Velocity,2023
TOI-1749 b,TOI-1749,2.38839,0.0291,1.39,57.0,831.0,3985.0,Transit,2021
TOI-4633 c,TOI-4633,271.9445,0.847,3.2,123.0,268.57,5800.0,Transit,2024
Kepler-297 b,Kepler-297,38.871826,0.217,2.87,48.5,509.0,5619.0,Transit,2014
Kepler-308 b,Kepler-308,9.694928,0.09,2.12,5.14,833.0,5895.0,Transit,2014
TCP J05074264+2447555 b,TCP J05074264+2447555,,0.94,4.72,20.0,344.63,5805.0,Microlensing,2018
TOI-1260 c,TOI-1260,7.493134,0.0657,2.76,13.2,651.0,4227.0,Transit,2021
Kepler-828 b,Kepler-828,0.567857136,0.01228,1.51,2.89,1848.0,5039.0,Transit,2016
TOI-1291 b,TOI-1291,7.1620097551,,5.63826391,27.1,1649.0,6139.95,Transit,2026
Barnard d,Barnard's star,2.3402,0.0188,0.694,0.263,483.0,3195.0,Radial Velocity,2025
Kepler-1951 b,Kepler-1951,20.65780067,0.1435,2.32107188,6.0,728.0,5468.0,Transit,2021
Kepler-1839 b,Kepler-1839,5.056759834,0.0583,1.9493759,4.46,1049.0,5926.0,Transit,2021
TOI-333 b,TOI-333,3.7852503,0.049,4.26,20.1,1445.0,6241.0,Transit,2025
HD 112640 b,HD 112640,613.2,1.7,12.9,1589.15,959.65,4155.0,Radial Velocity,2020
Kepler-1722 b,Kepler-1722,9.178569794,0.0819,2.86719266,8.58,753.0,5506.0,Transit,2021
Kepler-1024 b,Kepler-1024,66.4162133,0.3033,3.91,14.5,376.0,5143.0,Transit,2016
Kepler-200 b,Kepler-200,8.594805,0.08,2.13,5.18,854.0,5678.0,Transit,2014
Kepler-784 b,Kepler-784,31.5922646,0.22111,1.58,3.12,688.0,5674.0,Transit,2016
Kepler-1588 b,Kepler-1588,7.84931739,0.07419,0.76,0.363,925.0,5817.0,Transit,2016
WISE J033605.05-014350.4 b,WISE J033605.05-014350.4,2560.0,0.97,12.6,2622.08435775,325.0,415.0,Imaging,2023
K2-157 b,K2-157,0.3652575,0.00962,0.935,1.14,2432.0,5334.0,Transit,2018
Kepler-1968 b,Kepler-1968,7.281099796,0.0696,1.50004034,2.86,744.0,5008.0,Transit,2021
TOI-6054.01,TOI-6054,7.501428,0.0763,2.64,12.5,1360.0,6047.0,Transit,2024
Kepler-1676 b,Kepler-1676,29.9221,0.1954,3.3769596,11.3,782.0,5878.3,Transit,2020
Kepler-84 c,Kepler-84,12.883,0.1072,2.36,20.2,865.0,6039.0,Transit,2012
NGTS-30 b,NGTS-30,98.29838,0.408,10.40193409,305.11527072,500.0,5455.0,Transit,2024
Kepler-1653 b,Kepler-1653,140.2524,0.4706,2.17,5.35,284.0,4807.0,Transit,2017
Kepler-1079 b,Kepler-1079,13.24503188,0.1092,1.63,3.29,887.0,5758.0,Transit,2016
Kepler-1248 b,Kepler-1248,7.46725407,0.0806,1.18,1.76,1035.0,6149.0,Transit,2016
K2-65 b,K2-65,12.6475,0.1014,1.58,3.12,723.51,5213.0,Transit,2016
CWISEP J193518.59-154620.3 b,CWISEP J193518.59-154620.3,,2.48,12.2,4926.3403085,390.0,,Imaging,2025
TOI-2267 d,TOI-2267 B,2.0344671,0.0145,1.77,3.78,422.0,3022.0,Transit,2025
TOI-2416 b,TOI-2416,8.275479,0.0831,9.86390302,953.485221,1080.0,5808.0,Transit,2023
CFBDSIR J145829+101343 b,CFBDSIR J145829+101343,10037.5,2.6,12.4,3337.1,370.0,580.5,Imaging,2011
Kepler-405 b,Kepler-405,10.613839,0.095,2.08,4.98,785.0,5818.0,Transit,2014
Kepler-636 b,Kepler-636,16.080661147,0.1185,4.45,18.1,614.0,5203.0,Transit,2016
Kepler-565 b,Kepler-565,4.243747226,0.0501,3.64,12.9,1063.0,5735.0,Transit,2016
Kepler-132 e,Kepler-132,110.2869374,0.43927,1.18,1.76,414.0,6023.0,Transit,2016
HD 95735 c,GJ 411,2946.0,2.94,3.76,13.6,63.49,3719.0,Radial Velocity,2021
WISEP J121756.91+162640.2 A b,WISEP J121756.91+162640.2 A,,8.0,10.468,6992.0,450.0,575.0,Imaging,2012
KOI-984 c,KOI-984,21.512,0.1467,14.1,209.8,597.0,5295.0,Transit Timing Variations,2022
Kepler-138 e,Kepler-138,38.23,0.1803,0.797,0.43,292.0,3841.0,Transit Timing Variations,2022
Kepler-1639 b,Kepler-1639,9.878482,0.0932,2.58,7.18,1003.0,6150.0,Transit,2016
Kepler-1493 b,Kepler-1493,15.0217983,0.1197,1.41,2.57,874.0,5863.0,Transit,2016
Kepler-799 c,Kepler-799,15.19419956,0.1214,2.78068551,8.15,893.0,5588.0,Transit,2021
Kepler-588 b,Kepler-588,4.221625357,0.052,2.63,7.41,1176.0,5835.0,Transit,2016
TOI-6954 b,TOI-6954,4.02074127419,,3.63524486,12.8,930.0,5170.87,Transit,2026
TOI-5218 b,TOI-5218,4.291452,0.0469,9.86,657.0,783.0,4230.0,Transit,2024
HD 9174 b,HD 9174,1179.0,2.2,13.7,352.7913,234.3,5577.0,Radial Velocity,2016
Kepler-1541 b,Kepler-1541,8.40691199,0.07555,1.16,1.65,1048.0,5282.0,Transit,2016
Kepler-169 e,Kepler-169,13.767102,0.105,2.2,5.48,595.0,4997.0,Transit,2014
Kepler-1844 b,Kepler-1844,3.924510002,0.0478,3.03648191,9.46,1074.0,5776.0,Transit,2021
TOI-481 b,TOI-481,10.33111,0.097,11.09691,486.2799,1370.0,5735.0,Transit,2020
Kepler-1311 d,Kepler-1311,197.5110016,0.68434,9.65837605,67.5,391.0,5616.0,Transit,2021
2MASS J12073346-3932539 b,2MASS J12073346-3932539,,46.0,15.69257298,1652.7077164,1163.0,2825.0,Imaging,2004
Kepler-1669 b,Kepler-1669,9.51216,0.0745,2.78043818,8.15,530.0,4303.0,Transit,2020
Kepler-537 b,Kepler-537,3.247555219,0.04317,1.41,2.57,1181.0,5763.0,Transit,2016
TOI-2285 b,TOI-2285,13.635109,0.1363,1.77,19.5,358.0,3491.0,Transit,2021
BD+45 564 b,BD+45 564,307.88,0.83,13.6,432.24663352,238.82,5004.0,Radial Velocity,2021
Kepler-1069 b,Kepler-1069,23.8990296,0.16587,1.6,3.19,823.0,5722.0,Transit,2016
Kepler-558 b,Kepler-558,29.00790538,0.1759,2.37,6.21,498.0,5242.0,Transit,2016
Kepler-315 c,Kepler-315,265.469335,0.791,4.15,16.1,291.0,5796.0,Transit,2014
Kepler-997 b,Kepler-997,2.707306716,0.04022,1.36,2.42,1709.0,6150.0,Transit,2016
Kepler-635 b,Kepler-635,23.44971004,0.18332,2.64,7.46,802.0,6174.0,Transit,2016
Kepler-575 b,Kepler-575,9.37891944,0.0788,2.39,6.3,803.0,5710.0,Transit,2016
Kepler-1848 b,Kepler-1848,5.604020119,0.05835,1.4088539,2.57,774.0,4847.0,Transit,2021
Kepler-80 b,Kepler-80,7.05246,0.0648,2.67,6.93,547.0,4540.0,Transit,2012
Kepler-748 b,Kepler-748,7.40742793,0.0745,2.52,6.9,938.0,5934.0,Transit,2016
K2-266 b,K2-266,0.658524,0.01306,3.3,11.26782377,1515.0,4285.0,Transit,2018
Kepler-1268 b,Kepler-1268,40.9903986,0.2383,2.03,4.78,627.0,5904.0,Transit,2016
Kepler-1525 b,Kepler-1525,2.416601183,0.03557,0.91,0.693,1343.0,5748.0,Transit,2016
GJ 163 b,GJ 163,8.63182,0.0607,3.25,10.6,438.49,3500.0,Radial Velocity,2013
HAT-P-21 b,HAT-P-21,4.12448,0.05037,12.44199,1547.8321,1367.0,5588.0,Transit,2010
HD 95127 b,HD 95127,482.0,1.28,12.4,3378.5329,1151.28,4218.0,Radial Velocity,2015
Kepler-1915 b,Kepler-1915,13.83539963,0.114,3.21798413,10.4,809.0,6020.0,Transit,2021
Kepler-1198 b,Kepler-1198,7.6847716,0.0732,1.47,2.76,830.0,5517.0,Transit,2016
Kepler-1576 b,Kepler-1576,6.98471973,0.07211,1.04,1.12,1059.0,5876.0,Transit,2016
Kepler-255 b,Kepler-255,5.714606,0.063,1.55,3.02,971.0,5573.0,Transit,2014
Kepler-1348 b,Kepler-1348,27.5722742,0.1834,1.94,4.42,636.0,5911.0,Transit,2016
TOI-251 b,TOI-251,4.93777,0.05741,2.74,317.83,1041.19,5875.0,Transit,2021
Kepler-310 b,Kepler-310,13.930698,0.111,1.19,1.81,665.0,5797.0,Transit,2014
KELT-19 A b,KELT-19 A,4.6117093,0.0637,21.40919,1293.5681,1935.0,7500.0,Transit,2017
Kepler-337 b,Kepler-337,3.292781,0.045,1.54,2.99,1458.0,5684.0,Transit,2014
Kepler-709 b,Kepler-709,16.08524954,0.1173,2.92,8.85,613.0,5071.0,Transit,2016
K2-21 b,K2-21,9.325038,0.076,1.84,4.04,500.0,4222.06,Transit,2015
Kepler-1638 b,Kepler-1638,259.33683,0.745,1.87,4.16,304.0,5710.0,Transit,2016
Kepler-114 d,Kepler-114,11.776,0.08358,2.53,3.9,446.0,4660.0,Transit,2013
Kepler-1546 b,Kepler-1546,19.5974971,0.1366,3.13,9.96,671.0,5623.0,Transit,2016
KOI-1843.03,Kepler-974,0.1768913,0.005,0.61,8.0,1654.0,3584.0,Transit,2013
EPIC 220674823 b,EPIC 220674823,0.57130782,0.0132,1.606,7.54,2324.0,5578.0,Transit,2016
Kepler-348 c,Kepler-348,17.265427,0.138,1.33,2.33,888.0,6177.0,Transit,2014
Kepler-925 b,Kepler-925,33.8678531,0.1805,2.34,6.08,394.0,4673.0,Transit,2016
Kepler-1380 b,Kepler-1380,10.3108245,0.0917,1.43,2.63,786.0,5570.0,Transit,2016
Kepler-311 b,Kepler-311,9.176092,0.087,1.7,3.53,960.0,5905.0,Transit,2014
TOI-6008 b,TOI-6008,0.8574347,0.010777,1.03,4.0,707.0,3075.0,Transit,2024
Kepler-916 b,Kepler-916,32.2968798,0.1885,1.76,3.75,503.0,5248.0,Transit,2016
WASP-68 b,WASP-68,5.0843,0.06206,14.79588,343.2564,1490.0,5910.0,Transit,2014
Kepler-740 b,Kepler-740,3.584101216,0.0462,4.57,18.9,1131.0,5438.0,Transit,2016
Kepler-1008 b,Kepler-1008,12.43931193,0.09755,1.28,2.18,627.0,5066.0,Transit,2016
Kepler-757 b,Kepler-757,1.022678821,0.019,1.36,2.42,1734.0,6014.0,Transit,2016
WASP-129 b,WASP-129,5.748145,0.0628,10.42437,317.83,1100.0,5900.0,Transit,2016
Kepler-954 b,Kepler-954,16.78176602,0.1202,2.32,5.99,545.0,4990.0,Transit,2016
Kepler-633 b,Kepler-633,8.50340718,0.08185,1.63,3.29,1021.0,5899.0,Transit,2016
Kepler-508 b,Kepler-508,25.30889748,0.17274,1.64,3.33,710.0,6025.0,Transit,2016
Kepler-1264 b,Kepler-1264,0.968526023,0.01839,1.18,1.76,1677.0,5791.0,Transit,2016
Kepler-1515 b,Kepler-1515,214.3114164,0.75235,9.55,66.2,380.0,6511.0,Transit,2016
Kepler-1188 b,Kepler-1188,17.1369543,0.135,2.08,4.98,775.0,5913.0,Transit,2016
Kepler-1598 b,Kepler-1598,4.34195123,0.05207,0.95,0.809,1236.0,5940.0,Transit,2016
Kepler-1299 b,Kepler-1299,19.9400874,0.1357,2.98,9.17,588.0,5609.0,Transit,2016
Kepler-19 c,Kepler-19,28.731,0.1765736996,3.68,13.1,589.64,5544.0,Transit Timing Variations,2011
Kepler-363 b,Kepler-363,3.614568,0.048,1.16,1.65,1347.0,5593.0,Transit,2014
K2-347 b,K2-347,7.187257,,2.41,6.39,640.0,4599.0,Transit,2021
Wolf 1069 b,Wolf 1069,15.564,0.0672,1.08,1.26,250.1,3158.0,Radial Velocity,2023
Kepler-1592 b,Kepler-1592,3.05710069,0.04,1.54,2.99,1202.0,6213.0,Transit,2016
Kepler-530 b,Kepler-530,39.30941904,0.21491,3.01,9.32,488.0,5697.0,Transit,2016
Kepler-1514 c,Kepler-1514,10.514181,0.0997,1.1758241,1.74,1066.0,6145.0,Transit,2020
HIP 5763 b,HIP 5763,30.014,0.17,14.2,162.09248757,440.9,4352.0,Radial Velocity,2021
Kepler-145 c,Kepler-145,42.882,0.26244,4.32,79.4,709.0,6022.0,Transit,2013
Kepler-936 b,Kepler-936,10.56134221,0.0954,1.45,2.7,867.0,5482.0,Transit,2016
Kepler-445 b,Kepler-445,2.984151,0.0217,1.58,3.12,401.0,3157.0,Transit,2015
K2-192 b,K2-192,4.162817,0.049,1.52,2.92,939.0,5222.0,Transit,2018
Kepler-407 c,Kepler-407,3000.0,3.27090369,12.3,4000.0,146.73,5476.0,Radial Velocity,2014
Kepler-368 c,Kepler-368,72.379334,0.36,3.88,14.3,575.0,5502.0,Transit,2014
TOI-2337 b,TOI-2337,2.99432,,10.08808263,508.5254512,1272.46,4780.0,Transit,2022
Kepler-1834 c,Kepler-1834,0.766691517,0.015,1.22,1.98,1541.0,4821.0,Transit,2023
Kepler-616 d,Kepler-616,51.06740189,0.2749,2.653,7.52,499.0,6004.0,Transit,2021
TOI-3896 b,TOI-3896,4.37730369667,,3.14949237,10.1,966.0,5110.91,Transit,2026
Kepler-1595 b,Kepler-1595,4.56380468,0.051,1.23,2.04,980.0,5203.0,Transit,2016
Kepler-871 b,Kepler-871,22.0459018,0.1572,3.74,13.5,640.0,5993.0,Transit,2016
TOI-1036 b,TOI-1036,3.77952125496,,6.28499593,32.5,1294.0,5664.68,Transit,2026
Kepler-1478 b,Kepler-1478,26.0840594,0.1681,1.73,3.64,598.0,5904.0,Transit,2016
Kepler-1966 b,Kepler-1966,8.617429733,0.0763,1.10479327,1.39,733.0,5009.0,Transit,2021
Kepler-1308 b,Kepler-1308,2.104338119,0.025,0.52,0.0933,662.0,3468.0,Transit,2016
Kepler-1172 b,Kepler-1172,26.0204423,0.168,3.2,10.3,675.0,5558.0,Transit,2016
Kepler-1912 b,Kepler-1912,6.059219837,0.06489,1.35670508,2.41,976.0,5734.0,Transit,2021
TOI-1750 b,TOI-1750,11.33727129656,,2.78943837,8.19,612.92,4683.75,Transit,2026
Kepler-1964 b,Kepler-1964,2.440829992,0.0322,1.7810587,3.83,986.0,4803.0,Transit,2021
Kepler-143 b,Kepler-143,16.007583,0.127,2.41,6.39,838.0,5848.0,Transit,2014
Kepler-735 b,Kepler-735,11.51516988,0.0965,2.95,9.01,657.0,5107.0,Transit,2016
Kepler-1067 c,Kepler-1067,5.425839901,0.06069,1.74682428,3.7,973.0,5594.0,Transit,2021
WASP-29 b,WASP-29,3.92273,0.0457,8.63093,73.1009,970.0,4800.0,Transit,2010
Kepler-1532 b,Kepler-1532,1.093663559,0.0206,1.35,2.39,1681.0,5559.0,Transit,2016
Kepler-215 d,Kepler-215,30.864423,0.185,2.39,23.6,527.0,5739.0,Transit,2014
CoRoT-21 b,CoRoT-21,2.72474,0.0417,14.5717,718.2958,2044.44,6200.0,Transit,2012
Kepler-1586 b,Kepler-1586,15.6049212,0.12208,1.52,2.92,1013.0,6681.0,Transit,2016
Kepler-639 b,Kepler-639,10.21420496,0.09358,2.38,6.26,957.0,5896.0,Transit,2016
Kepler-1442 b,Kepler-1442,81.4162941,0.40814,3.93,14.7,522.0,6394.0,Transit,2016
WASP-100 b,WASP-100,2.84938,0.04574,14.90797,400.4658,2190.0,6900.0,Transit,2014
Kepler-1972 b,Kepler-1972,7.54425,0.08006,0.802,2.02,1084.0,5818.0,Transit,2022
Kepler-637 b,Kepler-637,23.20584623,0.16619,4.75,20.2,1002.0,6096.0,Transit,2016
Kepler-253 b,Kepler-253,3.783986,0.046,1.63,3.29,949.0,5208.0,Transit,2014
Kepler-210 c,Kepler-210,7.972513,0.07,3.62,12.8,497.0,4559.0,Transit,2014
Kepler-722 b,Kepler-722,4.093573252,0.0514,2.63,7.41,1182.0,5863.0,Transit,2016
HAT-P-64 b,HAT-P-64,4.007232,0.05387,19.08889413,184.34047606,1766.0,6457.0,Transit,2021
Kepler-1555 b,Kepler-1555,8.10501635,0.0805,1.61,3.22,959.0,5866.0,Transit,2016
TIC 257060897 b,TIC 257060897,3.66003639,0.04922,17.26183028,201.50321004,1775.0,5993.0,Transit,2021
TOI-6393 b,TOI-6393,9.53176110329,,2.75958542,8.04,696.0,5008.2,Transit,2026
TOI-1775 b,TOI-1775,10.2405549,0.08,8.04728896,96.0,707.89,5284.0,Transit,2024
HD 181720 b,HD 181720,956.0,1.85,14.0,127.132,249.06,5736.0,Radial Velocity,2009
Kepler-818 b,Kepler-818,10.035385814,0.0886,5.11,22.9,786.0,5638.0,Transit,2016
HD 96700 b,HD 96700,8.1245,0.0777,2.93,8.9,1089.02,5845.0,Radial Velocity,2021
Kepler-401 c,Kepler-401,47.318218,0.269,2.15,5.27,598.0,6117.0,Transit,2014
Kepler-265 c,Kepler-265,17.028937,0.127,2.63,7.41,755.0,5835.0,Transit,2014
Kepler-1168 b,Kepler-1168,55.8226539,0.2663,2.5,6.8,379.0,5157.0,Transit,2016
Kepler-1960 b,Kepler-1960,2.297940016,0.0354,1.30749704,2.26,1547.0,6371.0,Transit,2021
Kepler-1564 b,Kepler-1564,18.0540381,0.1327,1.47,2.76,635.0,5528.0,Transit,2016
Kepler-1666 b,Kepler-1666,25.8476,0.1761,2.88273782,8.66,672.0,6293.0,Transit,2020
Kepler-532 b,Kepler-532,12.92491623,0.10151,2.57,7.13,620.0,5192.0,Transit,2016
Kepler-713 b,Kepler-713,7.411141,0.0748,2.48,6.71,905.0,5785.0,Transit,2016
HD 180053 b,HD 180053,213.72,0.843,13.3,697.31902,542.98,5131.0,Radial Velocity,2018
HD 181342 b,HD 181342,564.1,1.592,13.2,807.2882,410.15,4945.0,Radial Velocity,2009
Kepler-668 b,Kepler-668,8.35390639,0.0768,2.7,7.75,790.0,5352.0,Transit,2016
TOI-7008 b,TOI-7008,0.84069041367,,4.94735276,21.7,1783.0,5116.06,Transit,2026
K2-148 b,K2-148,4.38395,0.0454,1.33,2.33,733.87,4079.0,Transit,2018
Kepler-189 c,Kepler-189,20.134866,0.137,2.38,22.7,544.0,5235.0,Transit,2014
Kepler-223 c,Kepler-223,9.84564,0.09117,3.44,5.1,947.0,5803.0,Transit,2014
Kepler-271 d,Kepler-271,5.24972541,0.05554,0.66,0.219,954.0,5555.0,Transit,2016
Kepler-342 c,Kepler-342,26.234138,0.185,1.96,4.5,754.0,6175.0,Transit,2014
HD 168443 c,HD 168443,1753.1096,2.842,12.2,5500.33841154,205.47,5491.0,Radial Velocity,2000
K2-71 b,K2-71,6.98541,0.0559,2.15,5.27,533.27,4006.0,Transit,2016
Kepler-394 c,Kepler-394,12.130686,0.11,1.66,3.39,901.0,6402.0,Transit,2014
EPIC 212587672 c,EPIC 212587672,23.228555,,2.32,5.99,658.0,6004.0,Transit,2021
Kepler-1600 c,Kepler-1600,7.298049927,0.06961,1.94206512,4.43,786.0,5119.0,Transit,2021
Kepler-1344 b,Kepler-1344,4.7683049,0.05501,1.84,4.04,1219.0,5981.0,Transit,2016
GJ 887 b,GJ 887,9.2619,0.0683,1.8,3.9,426.0,3688.0,Radial Velocity,2020
TOI-5882 b,TOI-5882,7.148972,0.0804,11.46678726,6995.40323807,1515.0,5920.0,Transit,2025
Kepler-917 b,Kepler-917,2.970414375,0.0378,1.91,4.31,991.0,5418.0,Transit,2016
HIP 109600 b,HIP 109600,232.08,0.706,13.2,851.7844,312.88,5530.0,Radial Velocity,2016
Kepler-1454 b,Kepler-1454,47.0319479,0.2447,1.88,4.19,492.0,5448.0,Transit,2016
HD 17092 b,HD 17092,359.89999,1.31,12.5,3219.6179,671.64,4326.0,Radial Velocity,2007
HD 113538 b,HD 113538,663.2,1.24,13.2,114.41,140.67,4462.0,Radial Velocity,2010
Kepler-1798 b,Kepler-1798,16.85589981,0.1082,2.30911251,5.94,408.0,3967.0,Transit,2021
Kepler-500 b,Kepler-500,8.508324398,0.08361,2.58,7.18,909.0,5813.0,Transit,2016
HD 126614 b,HD 126614,1257.25303,2.249,12.7,107.74382997,209.54,5568.0,Radial Velocity,2009
NGTS-16 b,NGTS-16,4.84532,0.0523,14.57167491,211.99154747,1177.0,5550.0,Transit,2021
Kepler-869 b,Kepler-869,40.4287755,0.2244,3.61,12.7,494.0,5664.0,Transit,2016
Kepler-331 c,Kepler-331,17.28111,0.105,1.84,4.04,425.0,4347.0,Transit,2014
Kepler-970 b,Kepler-970,16.736525,0.139,2.609,7.31,464.0,4290.0,Transit,2016
HAT-P-70 b,HAT-P-70,2.74432452,0.04739,20.96083,2154.8874,2562.0,8450.0,Transit,2019
Kepler-1306 b,Kepler-1306,16.29595382,0.123,1.91,4.31,678.0,5727.0,Transit,2016
Kepler-1250 b,Kepler-1250,2.607543834,0.0393,1.92,4.35,1431.0,5717.0,Transit,2016
HD 98649 b,HD 98649,5384.0,5.97,12.5,3082.9355479,114.22,5759.0,Radial Velocity,2012
HD 28471 d,HD 28471,11.681,0.1,2.06,4.91,945.0,5766.0,Radial Velocity,2025
K2-257 b,K2-257,1.60588,0.0216,0.83,0.498,789.0,3725.0,Transit,2018
K2-185 b,K2-185,10.616384,,1.15,1.6,809.0,5788.0,Transit,2018
Kepler-1617 b,Kepler-1617,27.4785572,0.17707,1.2,1.87,736.0,6167.0,Transit,2016
Kepler-168 b,Kepler-168,4.425391,0.056,1.46,2.73,1240.0,6282.0,Transit,2014
K2-339 b,K2-339,19.507428,,1.92,4.35,508.0,4857.0,Transit,2021
HATS-2 b,HATS-2,1.35413379,0.02317,12.57647635,435.42491759,1550.0,5227.0,Transit,2013
Kepler-256 b,Kepler-256,1.620493,0.027,1.59,3.15,1681.0,5551.0,Transit,2014
HD 113996 b,HD 113996,610.2,1.6,12.7,2002.329,798.69,4181.0,Radial Velocity,2017
Kepler-85 c,Kepler-85,12.51,0.10363,1.978,2.15,706.0,5505.2,Transit,2012
HD 80913 b,HD 80913,10839.83341,9.95,12.0,7505.2000029,118.23,6013.24,Radial Velocity,2022
TOI-1298 b,TOI-1298,4.537143,0.057,9.65807033,99.0,1278.0,5752.0,Transit,2021
HD 63433 d,HD 63433,4.209075,0.0503,1.073,1.25,1040.0,5688.0,Transit,2023
HR 810 b,HR 810,302.79999,0.92,12.7,1970.5361234,329.57,6167.0,Radial Velocity,1999
HD 94890 b,HD 94890,824.61,2.07,13.3,676.97450691,533.83,4867.0,Radial Velocity,2025
Kepler-662 b,Kepler-662,21.67697486,0.1408,2.18,5.39,530.0,4897.0,Transit,2016
HD 18143 b,HD 18143,10.2851,0.088,3.28,10.80616584,769.92,5078.0,Radial Velocity,2022
Kepler-231 c,Kepler-231,19.271566,0.114,1.93,24.1,393.0,3767.0,Transit,2014
Kepler-214 b,Kepler-214,15.660544,0.13,2.61,7.32,758.0,6169.0,Transit,2014
HD 219139 b,HD 219139,275.5,0.94,14.0,247.90615746,804.83,4831.0,Radial Velocity,2021
Kepler-11 g,Kepler-11,118.3807,0.466,3.33,25.0,376.0,5663.0,Transit,2010
Kepler-702 b,Kepler-702,10.526294063,0.088,9.17,61.8,713.0,5419.0,Transit,2016
K2-337 b,K2-337,16.273563,,2.62,7.37,850.0,5869.0,Transit,2021
Kepler-138 c,Kepler-138,13.7815,0.0913,1.51,2.3,410.0,3841.0,Transit,2014
TOI-4578 b,TOI-4578,8.62392630369,,2.26974262,5.77,842.42,5951.32,Transit,2026
TOI-1472 c,TOI-1472,15.5381747,0.116,3.334,21.13,662.0,5100.0,Radial Velocity,2025
TIC 88785435 b,TIC 88785435,10.508843,0.08432,5.03,22.3,635.0,3998.0,Transit,2025
Kepler-1898 b,Kepler-1898,4.765620232,0.05063,0.93353523,0.76,1167.0,5702.0,Transit,2021
Kepler-319 b,Kepler-319,4.362705,0.051,1.63,3.29,1023.0,5526.0,Transit,2014
HAT-P-60 b,HAT-P-60,4.7947813,0.06277,18.28184752,182.43350562,1772.0,6212.0,Transit,2021
Kepler-256 e,Kepler-256,10.681572,0.096,2.35,6.12,897.0,5551.0,Transit,2014
Kepler-1885 b,Kepler-1885,2.522559881,0.036,1.51110555,2.89,1205.0,5591.0,Transit,2021
Kepler-756 b,Kepler-756,1.224866322,0.0219,1.12,1.46,1741.0,5282.0,Transit,2016
Kepler-606 b,Kepler-606,24.31575992,0.17,3.31,11.0,683.0,6161.0,Transit,2016
K2-388 b,K2-388,6.33932,,3.9,14.5,874.0,5310.0,Transit,2022
Kepler-1023 b,Kepler-1023,62.1387714,0.30284,2.63,7.41,524.0,5494.0,Transit,2016
Kepler-1037 b,Kepler-1037,1.063788673,0.0198,1.28,2.18,1650.0,5105.0,Transit,2016
Kepler-621 b,Kepler-621,2.628113746,0.031,2.3,5.9,737.0,4521.0,Transit,2016
Kepler-243 b,Kepler-243,5.715442,0.062,2.45,6.57,850.0,5228.0,Transit,2014
Kepler-1379 b,Kepler-1379,0.881841146,0.0171,1.3,2.24,1564.0,5188.0,Transit,2016
AB Pic b,AB Pic,,260.0,12.3,4290.5,15.8,5285.0,Imaging,2005
Kepler-304 b,Kepler-304,3.295709,0.039,2.86,8.55,875.0,4731.0,Transit,2014
Kepler-643 b,Kepler-643,16.33889626,0.13485,10.16,321.0083,963.0,4908.0,Transit,2016
HD 159243 c,HD 159243,248.4,0.8,13.4,603.9,349.35,6123.0,Radial Velocity,2013
Kepler-331 d,Kepler-331,32.134328,0.159,1.64,3.33,346.0,4347.0,Transit,2014
Kepler-1310 b,Kepler-1310,0.679336272,0.01452,1.44,2.67,1883.0,5549.0,Transit,2016
Kepler-1245 c,Kepler-1245,2.936584681,0.0372,1.44,2.67,1190.0,5306.0,Transit,2016
Kepler-1482 b,Kepler-1482,12.25383217,0.09968,1.01,1.01,678.0,5381.0,Transit,2016
Kepler-371 b,Kepler-371,34.763278,0.2,1.89,4.23,554.0,5666.0,Transit,2014
TOI-238 b,TOI-238,1.273099,0.0212,1.559,3.37,1378.0,5059.0,Transit,2024
Kepler-698 b,Kepler-698,16.32976218,0.1255,3.68,13.1,727.0,5612.0,Transit,2016
TOI-1117 d,TOI-1117,8.665,0.0817,3.27,10.71,978.0,5635.0,Radial Velocity,2025
Kepler-417 c,Kepler-417,15.943,0.1194,2.69,7.7,616.0,5177.0,Transit Timing Variations,2014
HD 5319 c,HD 5319,872.2,1.93,13.8,334.67499,340.67,4871.0,Radial Velocity,2014
Kepler-1610 b,Kepler-1610,8.70181574,0.0777,1.61,3.22,750.0,5383.0,Transit,2016
Kepler-416 b,Kepler-416,6.319,0.0674,2.48,58.2,986.0,5718.0,Transit Timing Variations,2014
K2-72 e,K2-72,24.158868,0.106,1.29,2.21,286.34,3360.47,Transit,2016
Kepler-1625 b,Kepler-1625,287.378949,0.87762,6.06,30.6,350.0,5677.0,Transit,2016
HATS-14 b,HATS-14,2.7667641,0.03815,11.646151,340.39593,1276.0,5346.0,Transit,2015
Kepler-315 b,Kepler-315,96.101141,0.402,3.77,13.7,409.0,5796.0,Transit,2014
Kepler-792 b,Kepler-792,11.30119217,0.0988,1.96,4.5,852.0,5971.0,Transit,2016
OGLE-TR-211 b,OGLE-TR-211,3.67724,0.051,15.244,327.351,1686.0,6325.0,Transit,2007
Kepler-475 b,Kepler-475,3.105508189,0.03989,2.49,6.76,980.0,5009.0,Transit,2016
Kepler-482 b,Kepler-482,56.35418576,0.25787,2.36,6.17,352.0,4871.0,Transit,2016
Kepler-1449 b,Kepler-1449,13.2274528,0.1176,1.68,3.46,867.0,5979.0,Transit,2016
HIP 63242 b,HIP 63242,124.6,0.565,12.5,2917.56,993.26,4830.0,Radial Velocity,2013
EPIC 212297394 b,EPIC 212297394,2.289363,,1.48,2.79,1149.0,5171.0,Transit,2019
HD 45652 b,HD 45652,44.073,0.237,14.3,137.62039,508.4,5294.0,Radial Velocity,2008
Kepler-1646 b,Kepler-1646,4.48558383,0.0295,1.23,2.04,365.0,3299.0,Transit,2016
HD 102843 b,HD 102843,3090.942,4.074,13.1,113.9,127.34,5436.0,Radial Velocity,2019
HD 192699 b,HD 192699,340.94,1.063,13.4,666.17168,495.11,5041.0,Radial Velocity,2007
TOI-4747 b,TOI-4747,5.21924158592,,3.95803201,14.8,1035.0,5595.08,Transit,2026
2MASS J22362452+4751425 b,2MASS J22362452+4751425,,230.0,12.3,3972.875,10.3,4045.0,Imaging,2016
USco1621 b,USco1621 A,,2880.0,12.2,5085.28,2270.0,3460.0,Imaging,2019
GJ 876 d,GJ 876,1.93778,0.02080665,2.51,6.83,603.09,3293.74,Radial Velocity,2005
Kepler-1130 c,Kepler-1130,3.266639948,0.04238,0.79239584,0.422,1072.0,5450.0,Transit,2021
K2-24 b,K2-24,20.88977,0.154,5.4,19.0,686.0,5625.0,Transit,2016
Kepler-106 b,Kepler-106,6.16486,0.06491,0.82,5.3,1021.0,5858.0,Transit,2014
TOI-469.01,TOI-469,13.6308205,0.111,3.41,9.1,716.0,5289.0,Transit,2021
Kepler-1580 b,Kepler-1580,56.6449279,0.33571,2.11,5.1,733.0,6228.0,Transit,2016
Kepler-1365 b,Kepler-1365,7.69993485,0.07839,0.92,0.721,969.0,5770.0,Transit,2016
Kepler-1521 b,Kepler-1521,47.14840805,0.23476,2.5,6.8,391.0,5042.0,Transit,2016
HD 360 b,HD 360,273.1,0.98,14.0,238.37130525,765.69,4770.0,Radial Velocity,2021
Kepler-419 c,Kepler-419,675.47,1.68,12.6,2320.1,315.55,6430.0,Transit Timing Variations,2014
Kepler-1505 b,Kepler-1505,30.8609366,0.18298,0.93,0.749,525.0,5686.0,Transit,2016
Kepler-367 b,Kepler-367,37.815724,0.201,1.3,2.24,401.0,4710.0,Transit,2014
Kepler-1077 b,Kepler-1077,34.3511874,0.2101,2.77,8.1,576.0,5816.0,Transit,2016
TOI-519 b,TOI-519,1.2652328,0.0159,11.54525012,147.15455244,687.0,3322.0,Transit,2021
HD 74698 b,HD 74698,15.017,0.121,5.12,23.0,925.57,5783.0,Radial Velocity,2023
HD 163607 c,HD 163607,1272.0,2.39,13.3,699.54383,228.5,5522.0,Radial Velocity,2012
Kepler-106 c,Kepler-106,13.5708,0.10987,2.5,10.44,785.0,5858.0,Transit,2014
Kepler-890 b,Kepler-890,52.75875577,0.2944,8.89,58.6,540.0,5954.0,Transit,2016
TOI-6330 b,TOI-6330,6.8500246,0.05763,10.89,3179.0,495.0,3539.0,Transit,2025
Kepler-952 b,Kepler-952,130.3546919,0.5183,7.65,45.4,369.0,5730.0,Transit,2016
Kepler-268 b,Kepler-268,25.934138,0.18,2.55,7.04,695.0,6081.0,Transit,2014
Kepler-414 c,Kepler-414,7.171,0.07195,3.01,29.9,890.0,5536.0,Transit Timing Variations,2014
HD 60292 b,HD 60292,495.4,1.5,12.7,2065.895,889.53,4348.0,Radial Velocity,2020
Kepler-466 c,Kepler-466,3.709213846,0.04658,1.25,2.1,1206.0,5927.0,Transit,2016
K2-352 d,K2-352,14.871387,,2.23,5.6,727.0,5791.0,Transit,2021
TOI-938 b,TOI-938,8.80733882211,,4.82401567,20.8,1073.0,5829.42,Transit,2026
HD 216437 b,HD 216437,1359.0,2.57,13.0,1334.8793094,209.85,5909.0,Radial Velocity,2002
Kepler-911 b,Kepler-911,20.310501,0.15594,2.6,7.27,931.0,6112.0,Transit,2016
Kepler-1428 b,Kepler-1428,10.67607169,0.11051,1.64,3.33,1049.0,6184.0,Transit,2016
HATS-12 b,HATS-12,3.142702,0.0441,7.76,759.6137,1446.0,6357.0,Transit,2016
HD 109833 b,HD 109833,9.188526,,2.888,8.69,786.0,5881.0,Transit,2022
Kepler-286 c,Kepler-286,3.468095,0.042,1.37,2.45,1098.0,5580.0,Transit,2014
Kepler-349 b,Kepler-349,5.929778,0.065,1.9,94.5,972.0,5956.0,Transit,2014
Kepler-338 d,Kepler-338,44.431014,0.257,3.0,9.27,680.0,5923.0,Transit,2014
Kepler-259 c,Kepler-259,36.924931,0.217,2.7,7.75,530.0,5938.0,Transit,2014
Kepler-265 e,Kepler-265,67.831024,0.319,2.59,7.22,476.0,5835.0,Transit,2014
Kepler-1238 b,Kepler-1238,4.14787559,0.0541,1.93,4.38,1389.0,6386.0,Transit,2016
HD 33283 b,HD 33283,18.1991,0.1508,12.5,104.56607,1034.4,5935.0,Radial Velocity,2006
Kepler-1992 b,Kepler-1992,15.6112238,0.1169,0.91,0.693,637.0,5383.0,Transit,2023
Kepler-1990 c,Kepler-1990,4.06844957,0.0504,0.98,0.904,1170.0,5751.0,Transit,2023
Kepler-399 b,Kepler-399,14.425281,0.103,0.96,0.84,773.0,5502.0,Transit,2014
Kepler-1709 b,Kepler-1709,65.70459747,0.32704,3.12424875,9.93,472.0,5918.0,Transit,2021
Kepler-1907 c,Kepler-1907,14.86390018,0.10371,1.15547044,1.63,620.0,5159.0,Transit,2021
Kepler-245 d,Kepler-245,36.277108,0.202,3.03,21.6,445.0,5100.0,Transit,2014
Kepler-1321 d,Kepler-1321,5.720920086,0.0501,2.62843782,7.41,509.0,3640.0,Transit,2021
Kepler-983 b,Kepler-983,60.0855082,0.3148,2.36,6.17,485.0,6052.0,Transit,2016
Kepler-603 d,Kepler-603,6.2171292,0.07117,1.32,2.3,1098.0,5808.0,Transit,2016
Kepler-1578 b,Kepler-1578,1.450886907,0.0252,1.04,1.12,1700.0,5545.0,Transit,2016
Kepler-439 b,Kepler-439,178.1396,0.563,2.24,5.65,291.0,5431.0,Transit,2015
K2-124 b,K2-124,6.413651,0.049,2.9,8.75,442.0,3570.0,Transit,2017
Kepler-55 f,Kepler-55,10.198545,0.081,1.59,3.15,559.0,4503.0,Transit,2014
HD 113337 b,HD 113337,317.58639,1.022,13.1,1035.80277841,395.73,6774.0,Radial Velocity,2013
Kepler-1808 b,Kepler-1808,23.3404007,0.1467,3.02511302,9.4,601.0,5530.0,Transit,2021
HD 233832 b,HD 233832,2058.0,2.827,13.5,565.7374,117.8,4981.0,Radial Velocity,2018
HD 102956 b,HD 102956,6.4947,0.0807,13.8,305.1168,1804.96,4985.0,Radial Velocity,2010
Kepler-279 c,Kepler-279,35.736,0.2236,4.3,49.4,774.0,6689.45,Transit,2013
HD 9446 b,HD 9446,30.052,0.189,14.0,222.472,642.55,5793.0,Radial Velocity,2009
Kepler-1054 b,Kepler-1054,4.30655689,0.05542,2.63,7.41,1177.0,6209.0,Transit,2016
Kepler-1835 b,Kepler-1835,11.96409988,0.0997,3.53387773,12.2,808.0,5903.0,Transit,2021
Kepler-763 c,Kepler-763,4.09667624,0.0466,1.42,2.6,938.0,4999.0,Transit,2023
K2-99 c,K2-99,522.2,1.43,12.6,2669.7586188,390.0,6069.0,Radial Velocity,2022
K2-30 b,K2-30,4.098503,0.04839,11.646151,184.02357,1092.0,5425.0,Transit,2016
Kepler-998 b,Kepler-998,5.65377733,0.0626,2.32,5.99,1020.0,6058.0,Transit,2016
Kepler-162 b,Kepler-162,6.919798,0.069,1.26,2.13,961.0,5816.0,Transit,2014
Kepler-1849 b,Kepler-1849,57.29290009,0.2597,2.38685349,6.29,355.0,4806.0,Transit,2021
Kepler-1528 b,Kepler-1528,1.791110205,0.0296,1.46,2.73,1549.0,5857.0,Transit,2016
Kepler-116 c,Kepler-116,13.07163,0.116,2.3,5.9,964.0,6142.0,Transit,2014
Kepler-712 c,Kepler-712,226.89047,0.66479,4.85,21.0,236.0,5148.0,Transit,2016
WASP-165 b,WASP-165,3.465509,0.04823,14.12334,209.13214,1624.0,5599.0,Transit,2018
WASP-8 b,WASP-8,8.15872,0.0801,12.66617,807.2882,1059.0,5600.0,Transit,2010
HD 26161 b,HD 26161,10942.29013,10.087,11.9,9045.39646322,110.98,6057.62,Radial Velocity,2021
WASP-55 b,WASP-55,4.465631,0.0558,14.72860064,186.2474465,1342.0,6096.0,Transit,2012
Kepler-306 b,Kepler-306,4.646186,0.05,1.52,2.92,830.0,4954.0,Transit,2014
K2-189 c,K2-189,6.67932,0.068,2.31,5.95,877.0,5442.0,Transit,2018
24 Sex b,24 Sex,452.8,1.333,13.4,632.46,471.32,5098.0,Radial Velocity,2010
GJ 720 A b,GJ 720 A,19.466,0.119,3.77,13.64,401.0,3837.0,Radial Velocity,2021
TOI-1994 b,TOI-1994,4.0337142,0.0613,13.67495645,7024.0077947,2290.0,7700.0,Transit,2024
Kepler-195 b,Kepler-195,8.307872,0.077,2.03,4.78,751.0,5329.0,Transit,2014
WISPIT 2 b,WISPIT 2,,57.0,17.93436912,1541.46777395,33.46,4400.0,Imaging,2025
Kepler-1388 d,Kepler-1388,20.9568158,0.126,2.86,8.55,363.0,4098.0,Transit,2016
Kepler-1523 b,Kepler-1523,0.93875077,0.01867,1.58,3.12,1676.0,5708.0,Transit,2016
Kepler-296 b,Kepler-296,10.864384,0.079,1.61,3.22,495.0,3740.0,Transit,2014
TOI-733 b,TOI-733,4.884765,0.0618,1.992,5.72,1055.8,5585.0,Transit,2023
TOI-6420 b,TOI-6420,6.961508,0.0753,11.93756445,2606.1929374,1213.0,6020.0,Transit,2025
Kepler-199 b,Kepler-199,23.637604,0.158,3.11,9.85,595.0,5644.0,Transit,2014
TOI-5486 b,TOI-5486,2.02470073205,,3.96824928,14.9,752.0,3750.17,Transit,2026
Kepler-400 c,Kepler-400,17.340824,0.134,1.49,2.83,755.0,5886.0,Transit,2014
Kepler-284 c,Kepler-284,37.514456,0.213,2.61,7.32,478.0,5615.0,Transit,2014
Kepler-87 b,Kepler-87,114.73635,0.481,13.49,324.2,478.0,5600.0,Transit,2013
TOI-1768.01,TOI-1768,7.337703649,0.076381,3.453,11.8,1566.0,5994.0,Transit,2024
Kepler-1549 b,Kepler-1549,214.886545,0.6687,2.57,7.13,286.0,5324.0,Transit,2016
TOI-1246 d,TOI-1246,18.654874,0.132,3.43139739,5.4,587.77,5213.0,Transit,2022
HD 24040 b,HD 24040,3668.0,4.92,12.9,1589.142035,143.81,5802.0,Radial Velocity,2006
Kepler-836 b,Kepler-836,11.36112327,0.1013,2.73,7.9,869.0,5895.0,Transit,2016
WASP-145 A b,WASP-145 A,1.7690381,0.0261,10.0881,282.8687,1200.0,4900.0,Transit,2018
GJ 273 b,GJ 273,18.6498,0.091101,1.51,2.89,292.47,3382.0,Radial Velocity,2017
TOI-5388.01,TOI-5388,2.5946748,0.024335855,0.99,2.2,488.0,3440.0,Transit,2024
HD 191939 c,HD 191939,28.579743,0.1752,3.195,8.0,600.0,5348.0,Transit,2020
HIP 5158 b,HIP 5158,345.72,0.89,13.6,451.0,219.65,4962.0,Radial Velocity,2009
TOI-4600 b,TOI-4600,82.6869,0.349,6.8,959.84178914,347.0,5170.0,Transit,2023
TOI-682.01,TOI-682,6.8392388,,3.74186,13.5,1090.0,5085.0,Transit,2021
Kepler-937 b,Kepler-937,67.668827,0.3214,3.72,13.4,495.0,6095.0,Transit,2016
Kepler-56 d,Kepler-56,1002.0,2.16,12.8,1784.0,324.75,4819.44,Radial Velocity,2016
Kepler-1985 b,Kepler-1985,3.42064689,0.0426,2.27,5.77,1129.0,5370.0,Transit,2023
TOI-286 c,TOI-286,39.361826,0.213,1.88,3.72,475.0,5152.0,Transit,2024
TOI-2384 b,TOI-2384,2.13570304,0.02793,11.48920522,624.85064816,889.7,3943.0,Transit,2024
Kepler-586 b,Kepler-586,2.104722184,0.0331,2.79,8.2,1365.0,5575.0,Transit,2016
HAT-P-36 b,HAT-P-36,1.32734683,0.0241,14.313893,587.413406,1780.97,5620.0,Transit,2011
HD 11506 d,HD 11506,26500.0,18.2,12.3,4068.2036096,77.07,6123.0,Radial Velocity,2022
Kepler-345 b,Kepler-345,7.415563,0.066,0.74,0.48,622.0,4504.0,Transit,2014
Kepler-1503 b,Kepler-1503,96.16987,0.3771,2.27,5.77,321.0,5069.0,Transit,2016
HD 47186 b,HD 47186,4.0845,0.05,5.02,22.2481,1267.79,5657.0,Radial Velocity,2008
Kepler-520 c,Kepler-520,5.21104261,0.06035,1.07,1.24,1107.0,6112.0,Transit,2016
Kepler-1880 b,Kepler-1880,6.309219837,0.054,2.11686218,5.13,606.0,4380.0,Transit,2021
Kepler-598 b,Kepler-598,3.70175428,0.04487,1.5,2.86,1050.0,5307.0,Transit,2016
Kepler-1829 b,Kepler-1829,5.186719894,0.0559,2.47887001,6.71,860.0,5230.0,Transit,2021
KOI-12 b,KOI-12,17.855182,0.154,13.78707,349.613,911.0,6635.0,Transit,2015
Kepler-80 e,Kepler-80,4.64489,0.0491,1.6,4.13,629.0,4540.0,Transit,2014
HD 187085 b,HD 187085,1019.74,2.1,13.9,265.70588,229.38,6117.0,Radial Velocity,2006
Kepler-1217 b,Kepler-1217,2.032325072,0.0326,1.99,4.62,1542.0,5905.0,Transit,2016
Kepler-707 b,Kepler-707,2.237492751,0.0325,1.33,2.33,1160.0,5099.0,Transit,2016
KOI-984 b,KOI-984,4.2881785,0.0504,4.3,17.1,1022.0,5295.0,Transit,2022
Kepler-444 d,Kepler-444,6.189392,0.06,0.53,0.2,783.0,5046.0,Transit,2015
Kepler-20 g,Kepler-20,34.94,0.2055,4.71,19.96,524.0,5495.0,Radial Velocity,2016
K2-223 c,K2-223,4.562546,0.0549,1.5,2.86,1091.0,5859.0,Transit,2018
CoRoT-17 b,CoRoT-17,3.7681,0.0461,11.43,772.29,1626.0,5740.0,Transit,2011
Kepler-1827 b,Kepler-1827,3.700619936,0.04647,1.85644292,4.1,1329.0,5423.0,Transit,2021
HD 108341 b,HD 108341,1129.0,2.0,13.3,715.11391575,155.23,5122.0,Radial Velocity,2014
Kepler-59 b,Kepler-59,11.8681707,0.09943,1.1,4.1,864.0,6074.0,Transit,2012
EPIC 249893012 b,EPIC 249893012,3.5951,0.047,1.95,8.75,1616.0,5430.0,Transit,2020
Kepler-1267 b,Kepler-1267,13.0313945,0.1057,3.01,9.32,774.0,6096.0,Transit,2016
Kepler-1157 b,Kepler-1157,4.45743164,0.0448,1.09,1.32,732.0,4679.0,Transit,2016
TOI-622 b,TOI-622,6.402513,0.0708,9.2362001,96.30200732,1388.0,6400.0,Transit,2023
Kepler-640 b,Kepler-640,22.24813967,0.15418,2.56,7.08,609.0,5653.0,Transit,2016
HD 141399 d,HD 141399,1069.8,2.09,13.7,375.0394,220.0,5600.0,Radial Velocity,2014
K2-99 b,K2-99,18.24783,0.153,11.88151954,276.51071409,1184.0,6069.0,Transit,2016
HD 102195 b,HD 102195,4.11377,0.05,14.2,130.3103,1035.17,5301.0,Radial Velocity,2006
HIP 38594 c,HIP 38594,3477.768,3.805,7.94,48.4,79.96,4086.3,Radial Velocity,2020
K2-150 b,K2-150,10.59357,0.0727,2.0,4.66,413.19,3499.0,Transit,2018
K2-21 c,K2-21,15.50192,0.107,2.49,6.76,420.0,4222.06,Transit,2015
HD 220074 b,HD 220074,672.09998,1.6,12.2,5288.6912,1069.88,3787.0,Radial Velocity,2012
Kepler-394 b,Kepler-394,8.005013,0.083,1.6,3.19,1035.0,6402.0,Transit,2014
TOI-4364 b,TOI-4364,5.424019,0.04753,2.01,4.7,488.0,3528.0,Transit,2025
HD 120084 b,HD 120084,2142.0,4.21,12.7,2034.1018048,369.24,4879.0,Radial Velocity,2013
Kepler-325 d,Kepler-325,38.715185,0.22,2.79,8.2,498.0,5752.0,Transit,2014
Kepler-684 b,Kepler-684,6.770302008,0.064,3.36,11.2,812.0,5493.0,Transit,2016
Kepler-1015 b,Kepler-1015,16.00494214,0.1345,3.55,12.3,1040.0,6769.0,Transit,2016
TOI-763 c,TOI-763,12.2737,0.1011,2.63,9.32,800.0,5450.0,Transit,2020
Kepler-1130 d,Kepler-1130,4.272250175,0.05068,0.64472273,0.202,981.0,5450.0,Transit,2021
TOI-5542 b,TOI-5542,75.12375,0.332,11.30986153,419.53349724,441.0,5700.0,Transit,2022
Kepler-846 b,Kepler-846,19.80792185,0.1399,2.48,6.71,624.0,5579.0,Transit,2016
Kepler-1051 b,Kepler-1051,25.96200249,0.18395,3.4,11.5,850.0,6675.0,Transit,2016
TOI-2068 b,TOI-2068,7.768915,0.0632,1.821,3.97,520.62,3710.0,Transit,2024
Kepler-1175 b,Kepler-1175,37.94563,0.2181,2.99,9.22,515.0,5453.0,Transit,2016
HD 222237 b,HD 222237,14892.0,10.8,12.8,1649.52943233,58.74,4751.0,Radial Velocity,2024
Kepler-1573 b,Kepler-1573,2.6157554,0.0364,1.2,1.87,1379.0,5808.0,Transit,2016
K2-6 b,K2-6,30.94191,0.1898,2.5,6.8,615.0,5850.0,Transit,2015
TOI-4561 b,TOI-4561,8.93547936706,,1.77789214,3.81,789.81,5537.93,Transit,2026
Kepler-1983 b,Kepler-1983,7.32851947,0.0689,2.33,6.04,807.0,5135.0,Transit,2023
HATS-1 b,HATS-1,3.446459,0.0444,14.594,589.55,1359.0,5870.0,Transit,2012
BD-10 3166 b,BD-10 3166,3.48777,0.04,14.1,187.5197,1240.38,5393.0,Radial Velocity,2000
TOI-1422 b,TOI-1422,12.99894,0.107,3.83,9.5,870.0,5840.0,Transit,2022
Kepler-1273 b,Kepler-1273,28.625653,0.1857,2.49,6.76,573.0,5566.0,Transit,2016
Kepler-843 b,Kepler-843,2.053879821,0.0313,2.59,7.22,1523.0,5830.0,Transit,2016
Kepler-708 b,Kepler-708,3.167891938,0.0426,2.93,8.91,1221.0,5692.0,Transit,2016
TOI-3486 b,TOI-3486,2.21778105,0.03138,10.5700688,99.16246298,1190.0,4930.0,Transit,2025
Kepler-540 b,Kepler-540,172.7049784,0.58822,2.71,7.8,355.0,5946.0,Transit,2016
WASP-160 B b,WASP-160 B,3.7684952,0.0452,12.21781,88.35674,1119.0,5298.0,Transit,2018
Qatar-8 b,Qatar-8,3.71495,0.0474,14.403565,117.91493,1457.0,5738.0,Transit,2019
TOI-1836 b,TOI-1836,20.380799,0.1597,8.00321222,38.45723725,966.0,6380.0,Transit,2024
Kepler-278 b,Kepler-278,30.1556,0.202,3.955,56.0,586.0,4965.0,Transit,2014
Kepler-553 c,Kepler-553,328.24017,0.898,11.57887706,2129.4503269,251.0,5191.0,Transit,2016
TOI-712 c,TOI-712,51.69906,0.2447,2.701,7.76,369.9,4622.0,Transit,2022
Kepler-750 b,Kepler-750,9.42887179,0.08742,3.07,9.64,1163.0,6160.0,Transit,2016
GJ 463 b,GJ 463,3459.0,3.53,13.1,1080.6165838,63.55,3563.0,Radial Velocity,2022
Kepler-1677 b,Kepler-1677,22.064,0.1599,2.70216183,7.76,712.0,6013.72,Transit,2020
Gl 725 A b,Gl 725 A,11.2201,0.068,1.48,2.78,376.1,3433.0,Radial Velocity,2025
14 Her b,14 Her,1766.41,2.839,12.5,2828.6728223,147.32,5338.0,Radial Velocity,2002
Kepler-261 c,Kepler-261,24.570858,0.156,2.0,4.66,505.0,5098.0,Transit,2014
Kepler-1030 b,Kepler-1030,19.32952416,0.1338,2.48,6.71,529.0,4983.0,Transit,2016
TOI-3688 A b,TOI-3688 A,3.246075,0.0456,13.08088048,311.47183886,1534.0,5950.0,Transit,2023
TOI-559 b,TOI-559,6.9839095,0.0723,12.22899794,1910.14872607,1180.0,5925.0,Transit,2021
TOI-2018 b,TOI-2018,7.435583,,2.268,9.2,576.34,4174.0,Transit,2023
Kepler-237 c,Kepler-237,8.103636,0.071,2.08,4.98,687.0,4861.0,Transit,2014
K2-64 b,K2-64,6.53044,0.0619,2.07,4.94,877.23,5312.0,Transit,2016
Kepler-138 d,Kepler-138,23.0923,0.1288,1.51,2.1,345.0,3841.0,Transit,2014
GJ 676 A c,GJ 676 A,13921.42302,9.726,12.3,4288.14086724,47.96,3734.0,Radial Velocity,2016
TOI-5799 c,TOI-5799,14.010449,0.0782,1.76,3.75,337.0,3452.0,Transit,2025
NGTS-1 b,NGTS-1,2.647298,0.0326,14.90797,258.07796,790.0,3916.0,Transit,2017
Kepler-174 c,Kepler-174,44.000529,0.214,1.49,2.83,377.0,4880.0,Transit,2014
Kepler-1824 b,Kepler-1824,95.61100006,0.4267,2.38127597,6.26,421.0,6002.0,Transit,2021
EPIC 201757695.02,EPIC 201757695,2.0478,0.0296,0.90819,0.688,1025.29,4520.0,Transit,2020
TOI-4666 b,TOI-4666,2.9089165,0.034,12.53164042,155.41809102,695.0,3793.0,Transit,2025
HD 110537 b,HD 110537,24469.67342,16.714,11.9,8612.83200129,72.83,5718.0,Radial Velocity,2022
Kepler-118 c,Kepler-118,20.17202,0.141,7.68,45.7,564.0,5274.0,Transit,2014
18 Del b,18 Del,982.85,2.476,12.5,2926.24614325,452.72,4980.0,Radial Velocity,2008
HD 108236 b,HD 108236,3.795963,0.04527,1.615,3.24,1099.0,5660.0,Transit,2020
Kepler-1500 b,Kepler-1500,15.0330105,0.1236,1.2,1.87,928.0,5845.0,Transit,2016
HD 212771 b,HD 212771,380.7,1.19,13.3,759.6137,507.69,5003.0,Radial Velocity,2009
HD 5319 b,HD 5319,637.1,1.57,13.5,494.54348,377.72,4871.0,Radial Velocity,2007
HD 16141 b,HD 16141,75.523,0.36,10.9,82.6358,562.87,5757.0,Radial Velocity,2000
TYC 8998-760-1 c,TYC 8998-760-1,,320.0,12.3299,1906.98,1240.0,4573.0,Imaging,2020
TOI-5027 b,TOI-5027,10.24368,0.093,10.76062147,642.01338214,1056.0,5909.0,Transit,2025
Kepler-766 b,Kepler-766,6.10027804,0.066,3.39,11.4,990.0,5992.0,Transit,2016
GJ 433 b,GJ 433,7.3705,0.062,2.33,6.043,473.94,3461.0,Radial Velocity,2013
KOI-134 c,KOI-134,33.95,0.2305,9.86,69.92224954,798.82,6160.0,Transit Timing Variations,2025
K2-185 c,K2-185,52.713494,,2.39,6.3,477.0,5788.0,Transit,2018
Kepler-1114 b,Kepler-1114,14.97435694,0.11056,1.35,2.39,631.0,5374.0,Transit,2016
Kepler-101 b,Kepler-101,3.4876812,0.0474,5.77,51.1,1513.0,5667.0,Transit,2014
Kepler-1346 b,Kepler-1346,3.40165668,0.044,1.58,3.12,1236.0,6133.0,Transit,2016
HD 93963 A b,HD 93963 A,1.0376109,0.02061,1.46954368,2.8,1842.23,5908.0,Transit,2022
Kepler-290 c,Kepler-290,36.77031,0.205,2.7,7.75,437.0,5147.0,Transit,2014
HD 18438 b,HD 18438,803.0,2.1,12.1,6674.396547,1208.15,3860.0,Radial Velocity,2023
Kepler-250 c,Kepler-250,7.156804,0.069,2.28,5.82,782.0,5160.0,Transit,2014
K2-285 c,K2-285,7.138048,0.0824,3.53,15.68,741.4,4975.0,Transit,2018
Kepler-42 d,Kepler-42,1.865169,0.0154,0.57,0.357785,450.0,3068.0,Transit,2011
Kepler-1917 b,Kepler-1917,12.90240002,0.103,1.88971288,4.23,675.0,5530.0,Transit,2021
Kepler-126 b,Kepler-126,10.495711,0.099,1.52,4.11726105,1009.0,6239.0,Transit,2014
Kepler-309 c,Kepler-309,105.356383,0.401,2.51,6.85,204.0,4713.0,Transit,2014
K2-280 b,K2-280,19.89526,0.1461,7.5,37.1,787.0,5500.0,Transit,2018
SPECULOOS-3 b,SPECULOOS-3,0.71912603,0.00733,0.977,0.894,553.0,2800.0,Transit,2024
TOI-5181 A b,TOI-5181 A,3.8922295,0.0522,13.34989601,330.54154328,1585.0,6060.0,Transit,2025
Kepler-615 b,Kepler-615,10.35584657,0.085,1.74,3.68,620.0,4655.0,Transit,2016
CoRoT-31 b,CoRoT-31,4.62941,0.0586,16.36514,266.9772,1664.86,5700.0,Transit,2020
K2-43 c,K2-43,2.198884,,2.42,6.44,1093.7,3840.6,Transit,2019
TOI-2107 b,TOI-2107,2.4545467,0.03515,13.57407563,263.79757781,1397.0,5627.0,Transit,2024
K2-157 c,K2-157,25.942,0.165,6.08,30.8,587.0,5334.0,Radial Velocity,2025
Kepler-1005 b,Kepler-1005,6.49801525,0.06717,1.5,2.86,1026.0,5782.0,Transit,2016
Kepler-600 b,Kepler-600,23.67517607,0.1536,2.9,8.75,528.0,5279.0,Transit,2016
TOI-1064 c,TOI-1064,12.226574,0.09429,2.651,2.5,634.0,4734.0,Transit,2022
WASP-163 b,WASP-163,1.6096884,0.0266,13.473218,594.3421,1638.0,5500.0,Transit,2018
Kepler-4 b,Kepler-4,3.21346,0.0456,4.002,24.472,1650.0,5857.0,Transit,2009
TOI-913 b,TOI-913,11.098644,,2.4528,6.59,712.01,4969.0,Transit,2023
K2-245 b,K2-245,11.89307,0.0959,4.34,17.4,923.0,5793.0,Transit,2018
K2-27 b,K2-27,6.771347,0.06702,4.74,30.2,836.0,5246.0,Transit,2016
Kepler-737 b,Kepler-737,28.59915399,0.1422,1.96,4.5,298.0,3813.0,Transit,2016
HD 95338 b,HD 95338,55.082694,0.262,4.27174254,42.9,443.0,5097.0,Radial Velocity,2020
TOI-5799 b,TOI-5799,4.164507,0.0348,1.733,3.65,505.0,3452.0,Transit,2024
Kepler-102 e,Kepler-102,16.1456994,0.1162,2.17,4.7,590.0,4909.0,Transit,2013
K2-243 c,K2-243,24.94598,0.1817,2.01,4.7,801.0,6570.0,Transit,2018
Kepler-1315 b,Kepler-1315,0.84338011,0.01617,1.38,2.48,1541.0,4861.0,Transit,2016
WASP-42 b,WASP-42,4.9816819,0.0561,12.576498,167.49641,1021.0,5315.0,Transit,2012
TOI-1798.02,TOI-1798,0.437811822,0.010789,1.464,5.6,1935.83,5165.0,Transit,2024
TOI-712 d,TOI-712,84.8396,0.3405,2.474,6.68,313.6,4622.0,Transit,2022
Kepler-1126 c,Kepler-1126,199.66876,0.6193,1.45,2.7,305.0,5678.0,Transit,2023
K2-12 b,K2-12,8.28246,0.0792,2.44,5.2,1026.0,5672.0,Transit,2015
Kepler-1601 b,Kepler-1601,2.20921951,0.03281,0.82,0.477,1507.0,5869.0,Transit,2016
Kepler-514 b,Kepler-514,5.65179605,0.06559,1.72,3.61,1248.0,6106.0,Transit,2016
HD 127506 b,HD 127506,65.78395,0.287,5.67,27.333243,354.8,4595.32,Radial Velocity,2022
TOI-4156 b,TOI-4156,4.46189034133,,2.53823825,6.98,1289.0,5971.64,Transit,2026
TOI-2207 b,TOI-2207,8.001968,0.0854,11.1529358,203.41018048,1259.0,6101.0,Transit,2022
TOI-2382 b,TOI-2382,4.6612061,0.059,12.25141591,235.19302118,1426.0,6033.0,Transit,2025
KELT-14 b,KELT-14,1.7100566,0.03005,19.537287,408.09372,1970.0,5720.0,Transit,2016
Kepler-599 b,Kepler-599,15.65562652,0.1128,2.84,8.45,623.0,5127.0,Transit,2016
HD 206610 b,HD 206610,673.2,1.74,13.4,647.10188,437.88,4842.0,Radial Velocity,2009
TOI-1386 b,TOI-1386,25.8401,0.173,6.2163865,45.8,615.03,5735.0,Transit,2024
Kepler-1139 b,Kepler-1139,0.813166719,0.01664,1.19,1.81,1693.0,5550.0,Transit,2016
Kepler-1181 b,Kepler-1181,4.89337519,0.0621,1.57,3.09,1374.0,6176.0,Transit,2016
Kepler-1877 b,Kepler-1877,2.377569914,0.03472,0.624086,0.179,1278.0,5615.0,Transit,2021
HD 105779 b,HD 105779,2412.0,3.38,14.1,203.41018048,147.29,5792.0,Radial Velocity,2022
TOI-2411 b,TOI-2411,0.7826942,0.0144,1.68,3.46,1355.0,4099.0,Transit,2022
omi CrB b,omi CrB,187.01,0.699,13.7,355.96781584,947.65,4769.0,Radial Velocity,2012
Kepler-246 b,Kepler-246,4.60182,0.052,2.34,6.08,896.0,5206.0,Transit,2014
HIP 94235 b,HIP 94235,7.713057,0.0787,3.0,379.0,1060.0,5991.0,Transit,2022
Kepler-1508 b,Kepler-1508,20.7056504,0.1629,1.33,2.33,967.0,6158.0,Transit,2016
Kepler-134 b,Kepler-134,5.317429,0.06,2.0,4.66,1105.0,5983.0,Transit,2014
Kepler-437 b,Kepler-437,66.65062,0.288,2.14,5.22,308.0,4551.0,Transit,2015
Kepler-1199 b,Kepler-1199,15.0447198,0.11309,1.15,1.6,931.0,5889.0,Transit,2016
Kepler-1693 b,Kepler-1693,12.0999,0.1011,1.28938413,2.21,807.0,5432.34,Transit,2020
HD 65216 c,HD 65216,5370.0,5.75,13.4,645.1949,105.87,5612.0,Radial Velocity,2013
Kepler-137 c,Kepler-137,18.735753,0.13,1.88,4.19,568.0,5187.0,Transit,2014
Kepler-373 c,Kepler-373,16.725948,0.126,1.24,2.07,729.0,5787.0,Transit,2014
TOI-4405 b,TOI-4405,5.92143995316,,2.55505441,7.06,671.87,4467.38,Transit,2026
Kepler-103 c,Kepler-103,179.60978,0.6679,5.4539,58.47,434.0,6047.0,Transit,2014
Kepler-1892 b,Kepler-1892,6.331230164,0.0633,1.83707938,4.03,822.0,5383.0,Transit,2021
HD 21693 c,HD 21693,53.7357,0.2586,4.34,17.37,492.36,5430.0,Radial Velocity,2019
Kepler-1693 c,Kepler-1693,5.363709927,0.0588,0.97698289,0.894,1059.0,5553.0,Transit,2021
Kepler-1387 b,Kepler-1387,2.279526656,0.031,0.93,0.749,1123.0,5046.0,Transit,2016
Kepler-1263 b,Kepler-1263,4.55139967,0.0499,1.14,1.55,907.0,5213.0,Transit,2016
TOI-4562 b,TOI-4562,225.1064,0.768,12.53,732.0,318.0,6096.0,Transit,2023
Kepler-1098 b,Kepler-1098,2.543072855,0.0358,1.3,2.24,1319.0,5794.0,Transit,2016
TOI-1279 b,TOI-1279,9.61419,0.085,2.66146528,10.6,759.0,5457.0,Transit,2024
HATS-30 b,HATS-30,3.1743516,0.04354,13.170575,224.38798,1414.0,5943.0,Transit,2016
Kepler-1161 b,Kepler-1161,10.71252541,0.0784,2.13,5.18,485.0,4253.0,Transit,2016
WASP-105 b,WASP-105,7.87288,0.075,10.76064,572.094,900.0,5070.0,Transit,2017
HD 66141 b,HD 66141,480.5,1.2,12.8,1906.9,880.31,4323.0,Radial Velocity,2012
Kepler-1593 b,Kepler-1593,174.509835,0.55494,3.17,10.2,260.0,4995.0,Transit,2016
Kepler-980 b,Kepler-980,11.55102504,0.09993,2.67,7.61,845.0,5935.0,Transit,2016
TOI-521 b,TOI-521,1.54285047,0.0195,1.98,5.3,794.0,3544.0,Transit,2025
TOI-620 b,TOI-620,5.0988179,0.04825,3.76,13.6,603.6,3708.0,Transit,2022
HD 20794 f,HD 20794,647.6,1.3541,2.28,5.82,214.52,5368.0,Radial Velocity,2025
Kepler-1570 b,Kepler-1570,26.548955,0.16699,1.07,1.24,836.0,5550.0,Transit,2016
Kepler-252 c,Kepler-252,10.848463,0.08,2.15,5.27,499.0,4208.0,Transit,2014
Kepler-1016 c,Kepler-1016,105.6551369,0.43519,3.68,13.1,407.0,5821.0,Transit,2016
TOI-3785 b,TOI-3785,4.6747373,0.043,5.14,14.95,582.0,3576.0,Transit,2023
BD-11 4672 c,BD-11 4672,74.2,0.3,4.04,15.37,320.21,4550.0,Radial Velocity,2020
HD 110014 b,HD 110014,835.477,2.14,12.4,3524.59,669.84,4445.0,Radial Velocity,2009
Kepler-236 b,Kepler-236,8.295611,0.065,1.57,3.09,469.0,3750.0,Transit,2014
Kepler-1656 c,Kepler-1656,1919.0,3.053,14.0,126.4,161.19,5569.0,Radial Velocity,2022
Kepler-1641 c,Kepler-1641,32.657212,0.2065,2.95,9.01,767.0,6152.0,Transit,2016
HD 89744 b,HD 89744,256.78,0.917,12.6,2653.8805,462.62,6291.0,Radial Velocity,1999
KOINTREAU-3 b,ISO-Oph 96,,342.0,13.1,1080.6165838,8.74,3920.0,Imaging,2026
HD 169830 c,HD 169830,1818.82339,3.075,12.6,2437.42605328,241.03,6300.0,Radial Velocity,2003
Kepler-1453 b,Kepler-1453,47.1611696,0.262,2.67,7.61,503.0,5665.0,Transit,2016
Kepler-1929 b,Kepler-1929,59.36249924,0.30883,3.07250761,9.65,566.0,5786.0,Transit,2021
HD 118203 c,HD 118203,5103.0,6.28,12.4,3747.19691853,146.0,5742.0,Radial Velocity,2024
Kepler-88 d,KOI-142,1403.0,2.466329866,13.1,965.14699656,158.95,5466.0,Radial Velocity,2020
TOI-3877 b,TOI-3877,4.123596,0.0529,11.67975789,99.7981198,1445.0,5731.0,Transit,2025
Kepler-597 b,Kepler-597,13.02365861,0.10916,2.37,6.21,743.0,5683.0,Transit,2016
Kepler-120 c,Kepler-120,12.794585,0.088,1.53,2.96,455.0,4096.0,Transit,2014
Kepler-317 c,Kepler-317,8.77501,0.083,1.72,3.61,837.0,5497.0,Transit,2014
Kepler-1330 b,Kepler-1330,10.10769068,0.0889,1.65,3.36,879.0,5608.0,Transit,2016
Kepler-497 b,Kepler-497,3.573203671,0.0457,6.04,30.4,1210.0,5834.0,Transit,2016
TOI-1439 b,TOI-1439,27.644,0.192,4.2427861,38.5,748.4,5841.0,Transit,2024
V0391 Peg b,V0391 Peg,1170.0,1.7,13.1,1017.056,519.69,29300.0,Pulsation Timing Variations,2007
TOI-2449 b,TOI-2449,106.14468,0.45,11.24,222.0,400.0,6021.0,Transit,2025
Kepler-501 c,Kepler-501,3.622760057,0.0467,1.68119739,3.47,1304.0,5794.0,Transit,2021
Kepler-728 b,Kepler-728,5.743477265,0.0625,3.34,11.1,982.0,5660.0,Transit,2016
Kepler-204 c,Kepler-204,25.660593,0.173,1.79,3.86,683.0,5812.0,Transit,2014
TOI-1782.01,TOI-1782,4.987641028,0.05024,2.368,6.2,697.84,4336.0,Transit,2024
Kepler-553 b,Kepler-553,4.030467,0.04766,4.74139884,116.00736855,1089.0,5191.0,Transit,2016
Kepler-282 b,Kepler-282,9.220524,0.082,1.01,1.01,817.0,5602.0,Transit,2014
Kepler-1468 b,Kepler-1468,8.23984869,0.0817,1.73,3.64,1093.0,5893.0,Transit,2016
Kepler-42 b,Kepler-42,1.2137672,0.0116,0.78,0.705944,519.0,3068.0,Transit,2011
Kepler-1322 b,Kepler-1322,0.962867382,0.0183,1.61,3.22,1666.0,5488.0,Transit,2016
Wendelstein-2 b,Wendelstein-2,1.7522239,0.0234,12.9934728,232.33373,2470.0,4591.0,Transit,2020
HD 142 A d,HD 142,108.45299,0.474,10.9,82.63538582,530.32,6245.0,Radial Velocity,2022
KOI-2513.01,KOI-2513,19.00547,0.5,2.80224517,7310.053361,758.0,5900.0,Transit,2023
GJ 3779 b,GJ 3779,3.0232,0.026,2.75,8.0,526.94,3324.0,Radial Velocity,2018
GJ 581 c,GJ 581,12.9211,0.0718,2.5,6.81,346.13,3500.0,Radial Velocity,2007
TOI-1203 b,TOI-1203,4.1572888,0.04869,1.52,3.51,1361.2,5737.0,Radial Velocity,2025
K2-13 b,K2-13,39.91488,0.2114,1.89,4.23,511.0,5698.0,Transit,2015
Kepler-359 c,Kepler-359,57.68802,0.307,4.3,2.9,512.0,6248.0,Transit,2014
Kepler-1818 b,Kepler-1818,4.644909859,0.055,1.71360684,3.58,1209.0,6047.0,Transit,2021
Kepler-1724 b,Kepler-1724,6.45442009,0.0683,2.83677238,8.43,999.0,6092.0,Transit,2021
TOI-220 b,TOI-220,10.695264,0.08911,3.03,13.8,805.0,5298.0,Transit,2021
iot Dra c,iot Dra,25000.0,19.4,12.2,4958.1231492,169.31,4504.0,Radial Velocity,2021
rho CrB c,rho CrB,102.036,0.4206,5.68,27.442,448.1,5817.0,Radial Velocity,2016
Kepler-543 b,Kepler-543,13.89961966,0.1023,2.5,6.8,521.0,4671.0,Transit,2016
CD-35 2722 b,CD-35 2722,,67.0,17.37392009,9375.9380065,1800.0,3689.0,Imaging,2011
WASP-117 b,WASP-117,10.02165,0.09459,11.88154,95.349,1001.0,6040.0,Transit,2014
Kepler-1180 b,Kepler-1180,16.8601286,0.1246,1.99,4.62,765.0,6077.0,Transit,2016
Kepler-770 b,Kepler-770,18.92540274,0.1694,2.3,5.9,1171.0,5598.0,Transit,2016
Kepler-258 b,Kepler-258,13.19722,0.103,4.06,15.5,642.0,4942.0,Transit,2014
HD 207832 c,HD 207832,1155.7,2.112,14.0,232.0159,179.84,5710.0,Radial Velocity,2012
Kepler-1809 b,Kepler-1809,3.7572999,0.04444,1.513,2.9,877.0,4901.0,Transit,2021
K2-249 b,K2-249,12.409,0.1151,2.79,8.2,1061.0,6504.0,Transit,2018
Kepler-612 b,Kepler-612,3.722156413,0.0452,2.84,8.45,1046.0,5693.0,Transit,2016
WASP-74 b,WASP-74,2.13775,0.03443,15.24424,228.8376,1865.0,5990.0,Transit,2015
Kepler-142 d,Kepler-142,41.809118,0.242,2.16,5.31,582.0,5790.0,Transit,2014
HD 188641 b,HD 188641,14583.81038,12.027,11.9,9333.03117155,114.36,5897.32,Radial Velocity,2022
Kepler-1640 b,Kepler-1640,7.5844126,0.0836,4.82,20.7,1228.0,6324.0,Transit,2016
TOI-799 b,TOI-799,5.54519139676,,2.06631784,4.92,958.69,5662.81,Transit,2026
WASP-153 b,WASP-153,3.332609,0.048,17.37395,123.9537,1700.0,5914.0,Transit,2017
Kepler-1376 b,Kepler-1376,5.30880656,0.0598,1.05,1.16,1042.0,5659.0,Transit,2016
Kepler-1837 b,Kepler-1837,5.906089783,0.065,2.06673842,4.92,1012.0,5966.0,Transit,2021
Kepler-1426 b,Kepler-1426,14.2563227,0.1187,1.56,3.05,797.0,5831.0,Transit,2016
TOI-3288 b,TOI-3288,1.4338647,0.02285,12.24020692,536.17652261,973.0,4072.0,Transit,2025
Kepler-1716 b,Kepler-1716,35.58100128,0.18836,2.4247685,6.46,408.0,4894.0,Transit,2021
Kepler-117 c,Kepler-117,50.790391,0.2804,12.341,584.78,704.0,6150.0,Transit,2014
Kepler-1906 b,Kepler-1906,7.362689972,0.0738,2.77615754,8.13,901.0,5868.0,Transit,2021
Kepler-1141 b,Kepler-1141,2.344511944,0.03496,0.82,0.477,1471.0,5791.0,Transit,2016
TOI-1203.01,TOI-1203,25.502672,0.1632,2.918,7.39,743.6,5737.0,Transit,2021
TrES-2 b,TrES-2,2.47063,0.03568,15.24424,473.5667,1466.0,5850.0,Transit,2006
TOI-1824 b,TOI-1824,22.808533,0.151,2.7438269,16.0,528.67,5165.0,Transit,2024
TOI-942 b,TOI-942,4.32421,0.04866,3.89,16.0,1120.0,4969.0,Transit,2020
Kepler-770 c,Kepler-770,1.475322314,0.0309,1.2,1.87,2740.0,5598.0,Transit,2016
HD 206255 b,HD 206255,96.045,0.461,6.47,34.2,596.48,5635.0,Radial Velocity,2019
Kepler-464 b,Kepler-464,7.256965224,0.07931,3.3,10.9,1163.0,5933.0,Transit,2016
HD 1461 c,HD 1461,13.5052,0.1117,2.23,5.59,892.87,5765.0,Radial Velocity,2015
Kepler-380 b,Kepler-380,3.930821,0.05,1.19,1.81,1317.0,6045.0,Transit,2014
Kepler-201 b,Kepler-201,25.672083,0.175,2.46,6.62,683.0,6065.0,Transit,2014
Kepler-423 b,Kepler-423,2.6843285,0.03585,13.361,189.101,1605.0,5560.0,Transit,2014
TOI-1728 b,TOI-1728,3.49151,0.0391,5.05,26.78,767.0,3980.0,Transit,2020
Kepler-1464 c,Kepler-1464,5.32786292,0.06101,1.0,0.972,1023.0,5828.0,Transit,2016
K2-17 b,K2-17,17.96753,0.119,2.23,5.6,487.0,4320.0,Transit,2015
K2-222 b,K2-222,15.3889274,0.1186,2.275,7.5,803.0,5942.0,Transit,2018
WASP-87 b,WASP-87,1.682795,0.02946,15.524465,692.8694,2049.54,6450.0,Transit,2016
TOI-3493 b,TOI-3493,8.1594667,,3.22,8.97,1102.0,5844.0,Transit,2025
GJ 433 d,GJ 433,36.059,0.178,2.14,5.223,279.71,3461.0,Radial Velocity,2020
NGTS-31 b,NGTS-31,4.162734,0.064,18.04645893,355.96781584,1410.0,5710.0,Transit,2025
Kepler-1327 b,Kepler-1327,14.88801098,0.11151,1.8,3.89,831.0,5885.0,Transit,2016
Kepler-1733 b,Kepler-1733,9.229579926,0.0933,3.63582354,12.8,1021.0,6320.0,Transit,2021
HD 141399 c,HD 141399,201.99,0.689,13.6,422.7139,383.17,5600.0,Radial Velocity,2014
HD 145934 b,HD 145934,2751.53433,4.89,13.4,658.5404593,276.92,4823.75,Radial Velocity,2015
Kepler-147 c,Kepler-147,33.416423,0.216,2.43,6.48,689.0,6012.0,Transit,2014
HD 22781 b,HD 22781,528.07,1.167,12.3,4338.2,193.48,5027.0,Radial Velocity,2011
Kepler-519 b,Kepler-519,24.3078946,0.15932,2.1,5.06,532.0,5260.0,Transit,2016
TOI-880.02,TOI-880,2.57571,0.0349,2.19,5.43,1085.0,5050.0,Transit,2024
TOI-2977 b,TOI-2977,2.3505614,0.03386,13.15934334,533.95172376,1544.0,5691.0,Transit,2023
TOI-6628 b,TOI-6628,18.18424,0.134,10.98480109,235.19302118,833.0,5463.0,Transit,2025
WASP-138 b,WASP-138,3.634433,0.0494,12.21781,387.7526,1590.0,6272.0,Transit,2016
TOI-2128 b,TOI-2128,16.34136,0.127,2.08874836,4.5,780.53,5968.0,Transit,2024
Kepler-17 b,Kepler-17,1.4857108,0.02591,14.68,778.65,1570.0,5781.0,Transit,2011
Kepler-327 b,Kepler-327,2.549575,0.029,1.11,1.41,682.0,3799.0,Transit,2014
TOI-715 b,TOI-715,19.288004,0.083,1.55,3.02,234.0,3075.0,Transit,2023
Kepler-816 b,Kepler-816,10.506825646,0.0895,10.24,74.5,668.0,5286.0,Transit,2016
Kepler-411 c,Kepler-411,7.834435,0.0739,4.421,26.4,838.0,4974.0,Transit,2016
TOI-663 d,TOI-663,7.1027268,0.0576,1.92,5.2,482.0,3681.0,Transit,2024
HD 168009 b,HD 168009,15.1479,0.1192,3.05,9.53485221,887.57,5778.33,Radial Velocity,2021
Kepler-280 b,Kepler-280,2.139542,0.032,1.45,2.7,1425.0,5744.0,Transit,2014
HD 72659 c,HD 72659,35500.0,21.5,12.1,6165.8710958,71.91,5929.0,Radial Velocity,2022
Kepler-1196 b,Kepler-1196,66.1849031,0.3179,2.23,5.6,436.0,5756.0,Transit,2016
Kepler-878 b,Kepler-878,25.9422033,0.165,1.93,4.38,501.0,5044.0,Transit,2016
HD 25171 b,HD 25171,1802.29,2.971,13.9,290.81445,190.04,6125.0,Radial Velocity,2010
Kepler-1153 b,Kepler-1153,1.755835327,0.0277,1.73,3.64,1343.0,5470.0,Transit,2016
Kepler-406 b,Kepler-406,2.42629,0.03599,1.43,6.35,1302.0,5538.0,Transit,2014
Kepler-1671 b,Kepler-1671,4.16787,0.04946,1.32557381,2.32,962.0,5135.55,Transit,2020
GJ 9714 b,GJ 9714,19240.75467,12.319,12.5,2988.54051102,47.68,4263.0,Radial Velocity,2022
K2-216 b,K2-216,2.1748,0.028,1.75,8.0,1103.0,4503.0,Transit,2018
TOI-4898 b,TOI-4898,2.76520470167,,3.7197954,13.4,667.0,4201.57,Transit,2026
HD 68988 c,HD 68988,16000.0,13.2,12.2,4776.96095721,87.5,5883.41,Radial Velocity,2021
WASP-106 b,WASP-106,9.28969,0.0901,12.10569916,613.40882551,1140.0,6002.0,Transit,2014
Kepler-220 c,Kepler-220,9.034199,0.076,1.57,3.09,586.0,4632.0,Transit,2014
Kepler-1468 d,Kepler-1468,19.59059906,0.1456,3.33187146,11.1,819.0,5794.0,Transit,2021
Kepler-32 d,Kepler-32,22.7802,0.13,2.7,67.4815,328.0,3900.0,Transit,2012
K2-283 b,K2-283,1.921036,0.0291,3.52,12.2,1186.0,5060.0,Transit,2018
HIP 105854 b,HIP 105854,184.2,0.81,12.6,2606.1,822.14,4780.0,Radial Velocity,2014
Kepler-1117 b,Kepler-1117,4.79028459,0.05485,1.11,1.41,938.0,5612.0,Transit,2016
K2-324 b,K2-324,3.262,0.0331,2.43,6.48,707.0,3752.0,Transit,2020
HD 42618 b,HD 42618,149.61,0.554,3.89,14.4,337.0,5727.0,Radial Velocity,2016
TOI-1052 c,TOI-1052,35.806,0.2263,6.48,34.3,719.0,6146.0,Radial Velocity,2023
Kepler-332 c,Kepler-332,15.995622,0.114,1.09,1.32,550.0,4955.0,Transit,2014
EPIC 249893012 c,EPIC 249893012,15.624,0.13,3.67,14.67,990.0,5430.0,Transit,2020
K2-317 b,K2-317,6.22,0.0542,2.93,8.91,432.0,3387.0,Transit,2020
TOI-1184 b,TOI-1184,5.748433803,0.056027,2.39,6.8,715.47,4534.0,Transit,2024
TOI-1288 c,TOI-1288,416.0,1.07,11.1,85.7,245.88,5388.0,Radial Velocity,2022
TOI-2876 b,TOI-2876,6.2996431,0.0654,9.6397234,54.03082919,929.0,5271.0,Transit,2025
Kepler-1884 b,Kepler-1884,8.988320351,0.0845,1.81406781,3.95,864.0,5984.0,Transit,2021
Kepler-1063 b,Kepler-1063,14.07971466,0.1176,1.49,2.83,931.0,5945.0,Transit,2016
TOI-808 b,TOI-808,9.73944854026,,2.20344362,5.49,710.98,5078.2,Transit,2026
Kepler-763 b,Kepler-763,1.19655156,0.0205,1.22,1.98,1414.0,5166.0,Transit,2016
TOI-1695 b,TOI-1695,3.1342791,0.033548,1.9,6.36,698.0,3690.0,Transit,2022
K2-36 c,K2-36,5.340888,0.05528,3.2,7.9,854.0,4916.0,Transit,2016
HD 25723 b,HD 25723,457.01,1.49,13.3,794.5710175,698.4,4766.0,Radial Velocity,2020
K2-321 b,K2-321,2.2979749,0.02839,2.05124347,4.86,830.0,3750.0,Transit,2020
HD 23472 d,HD 23472,3.97664,0.04298,0.75,0.55,909.0,4684.0,Transit,2022
TOI-2088 b,TOI-2088,124.72997,0.472,3.6831179,37.0,300.33,5081.0,Transit,2024
Kepler-181 b,Kepler-181,3.137873,0.04,1.27,2.15,1041.0,5333.0,Transit,2014
GJ 411 b,GJ 411,12.9394,0.07879,1.45,2.69,349.83,3719.0,Radial Velocity,2019
K2-3 b,K2-3,10.0546535,0.0747,2.078,5.11,501.3,3844.0,Transit,2015
Kepler-1355 b,Kepler-1355,1.289588112,0.0224,1.46,2.73,1448.0,5352.0,Transit,2016
TOI-1080 b,TOI-1080,3.9652482,0.0272,1.2,10.7,368.0,3065.0,Transit,2026
TOI-198 b,TOI-198,10.215213,0.0675,1.36,3.17,456.0,3801.0,Transit,2023
Kepler-354 b,Kepler-354,5.47666,0.054,1.84,4.04,741.0,4648.0,Transit,2014
47 UMa d,47 UMa,14002.0,11.6,13.5,521.22,91.58,5872.0,Radial Velocity,2009
Ross 176 b,Ross 176,5.0066338,0.0464,1.84,4.57,682.0,4041.0,Transit,2025
Kepler-217 c,Kepler-217,8.586004,0.089,1.85,4.08,1208.0,6171.0,Transit,2014
Kepler-804 c,Kepler-804,9.65185017,0.08654,1.14,1.55,890.0,5817.0,Transit,2016
K2-37 d,K2-37,14.09229,0.1102,2.31,12.5,646.0,5352.0,Transit,2016
Kepler-245 b,Kepler-245,7.49019,0.071,2.57,146.78,753.0,5100.0,Transit,2014
Kepler-624 b,Kepler-624,14.58649607,0.11638,2.31,5.95,852.0,6117.0,Transit,2016
Kepler-1284 b,Kepler-1284,0.664073806,0.0143,1.21,1.92,1703.0,5123.0,Transit,2016
TOI-1054.01,TOI-1054,15.5077855,,2.43432,6.5,853.0,6122.0,Transit,2021
HD 222155 b,HD 222155,3999.0,5.14,13.4,581.62598481,164.93,5701.0,Radial Velocity,2011
Kepler-18 c,Kepler-18,7.64159,0.0752,5.49,17.3,899.0,5345.0,Transit,2011
TOI-941 b,TOI-941,8.51460888787,,6.51165317,34.6,1000.0,5745.88,Transit,2026
Kepler-436 b,Kepler-436,64.00205,0.339,2.73,7.9,322.0,4651.0,Transit,2015
Kepler-1999 b,Kepler-1999,8.7396758,0.0713,3.29,10.8,577.0,4406.0,Transit,2023
TOI-6478 b,TOI-6478,34.005019,0.1136,4.6,19.2,204.4,3230.0,Transit,2025
TOI-1634 b,TOI-1634,0.98934551,0.01544,1.759,4.9,900.0,3550.0,Transit,2021
Kepler-11 e,Kepler-11,31.9996,0.195,4.19,8.0,582.0,5663.0,Transit,2010
Kepler-102 c,Kepler-102,7.071392,0.06702,0.567,1.7,777.0,4909.0,Transit,2014
HIP 99770 b,HIP 99770,18600.0,15.8,12.2,5403.082919,135.17,8000.0,Imaging,2023
Kepler-128 c,Kepler-128,22.8,0.16517,1.521,3.38,843.0,6072.0,Transit,2013
TOI-169 b,TOI-169,2.2554477,0.03524,12.172974,251.40353,1715.0,5880.0,Transit,2020
HD 43197 b,HD 43197,308.92072,0.882,14.2,175.75910907,282.81,5508.0,Radial Velocity,2010
Kepler-582 b,Kepler-582,18.49235668,0.1254,3.68,13.1,603.0,5564.0,Transit,2016
Kepler-1357 b,Kepler-1357,3.0091324,0.041,1.28,2.18,1177.0,5597.0,Transit,2016
TOI-3523 A b,TOI-3523 A,2.30458952,0.03559,15.9727975,435.42491759,1984.0,6450.0,Transit,2025
HD 23472 e,HD 23472,7.90754,0.068,0.818,0.72,723.0,4684.0,Transit,2022
HD 25463 c,HD 25463,3.04405,0.0443,1.36354953,4.3,1585.57,6353.0,Transit,2023
Kepler-1510 b,Kepler-1510,84.703921,0.4089,3.36,11.2,537.0,6200.0,Transit,2016
HD 200964 b,HD 200964,606.3,1.565,13.5,508.21017,425.95,4982.0,Radial Velocity,2010
K2-292 b,K2-292,16.9841,0.13,2.63,24.5,795.0,5725.0,Transit,2019
TOI-1246 b,TOI-1246,4.30744,0.049,3.01,8.1,955.0,5151.0,Transit,2022
TOI-1174 b,TOI-1174,8.953487683,0.07994,2.562,32.0,713.83,5030.0,Transit,2024
TOI-4438 b,TOI-4438,7.44628,0.0534,2.52,5.4,435.0,3422.0,Transit,2024
Kepler-1073 c,Kepler-1073,4.02582254,0.0483,1.64,3.33,1169.0,5792.0,Transit,2016
HAT-P-54 b,HAT-P-54,3.799847,0.04117,10.581296,241.5508,818.0,4390.0,Transit,2015
TOI-4504 c,TOI-4504,82.97213,0.3569,11.09689089,1197.32317485,182.8,5315.0,Transit,2024
Kepler-386 c,Kepler-386,25.193458,0.155,1.58,3.12,513.0,5178.0,Transit,2014
Kepler-197 c,Kepler-197,10.349695,0.09,1.23,5.3,930.0,6004.0,Transit,2014
GJ 1002 b,GJ 1002,10.3465,0.0457,1.03,1.08,230.9,3024.0,Radial Velocity,2022
Kepler-549 d,Kepler-549,24.61480613,0.1575,4.2,16.4,586.0,5312.0,Transit,2023
TOI-1451 b,TOI-1451,16.537944,0.127,2.61143902,15.2,723.33,5801.0,Transit,2024
K2-355 b,K2-355,5.7385647,0.0632,2.25,5.69,1066.0,5790.0,Transit,2021
Kepler-1040 b,Kepler-1040,201.1214,0.67249,2.08,4.98,300.0,5694.0,Transit,2016
Kepler-127 b,Kepler-127,14.435889,0.125,1.4,2.54,884.0,6106.0,Transit,2014
TOI-6692 b,TOI-6692,131.125,0.512,11.67975789,197.05361234,467.0,5890.0,Transit,2026
Kepler-235 b,Kepler-235,3.340222,0.037,2.23,5.6,731.0,4255.0,Transit,2014
K2-50 b,K2-50,8.7529,0.0705,1.59,3.15,580.53,4326.0,Transit,2016
TOI-5688 A b,TOI-5688 A,2.94815527,0.03379,10.3,124.0,742.0,3713.0,Transit,2024
HD 143361 b,HD 143361,1039.15,1.988,12.9,1382.55357045,180.26,5507.0,Radial Velocity,2008
TOI-1742 b,TOI-1742,21.269084,0.154,2.36507598,9.7,694.09,5815.0,Transit,2024
TOI-4463 A b,TOI-4463 A,2.8807198,0.04036,13.26022417,252.35575516,1395.0,5640.0,Transit,2023
Kepler-1285 b,Kepler-1285,14.7967458,0.12758,0.97,0.871,874.0,6170.0,Transit,2016
HAT-P-8 b,HAT-P-8,3.07634,0.04496,15.6926,406.8224,1713.0,6200.0,Transit,2008
Kepler-121 b,Kepler-121,3.177422,0.039,2.34,6.08,997.0,5311.0,Transit,2014
TOI-2295 c,TOI-2295,966.5,2.018,12.8,1783.01736327,234.9,5730.0,Radial Velocity,2024
TOI-1244 b,TOI-1244,6.400316483,0.060694,2.467,6.6,714.86,4599.0,Transit,2024
WASP-147 b,WASP-147,4.60273,0.0549,12.498035,87.40325,1404.0,5702.0,Transit,2018
HD 28109 c,HD 28109,55.99712,0.308,4.13,9.2,643.0,6189.0,Transit,2022
Kepler-992 b,Kepler-992,20.16034462,0.13372,1.62,3.26,510.0,4944.0,Transit,2016
Kepler-97 b,Kepler-97,2.58664,0.03563,1.48,3.51,1328.0,5779.0,Transit,2014
Kepler-133 c,Kepler-133,31.517586,0.204,2.84,8.45,663.0,5736.0,Transit,2014
TOI-2407 b,TOI-2407,2.702969,0.033,4.26,16.8,705.0,3530.0,Transit,2025
Kepler-1159 b,Kepler-1159,22.70816791,0.1603,2.37,6.21,677.0,6217.0,Transit,2016
Kepler-887 b,Kepler-887,20.42228798,0.15431,1.84,4.04,785.0,6194.0,Transit,2016
HD 213885 c,HD 213885,4.78503,0.056798,4.71,19.95,1265.4,5978.0,Radial Velocity,2019
Kepler-205 c,Kepler-205,20.306546,0.122,1.64,3.33,389.0,4321.0,Transit,2014
K2-139 b,K2-139,28.380619,0.1796,9.11,123.00021,524.0,5370.0,Transit,2017
Kepler-139 d,Kepler-139,7.305699922,0.0755533961,1.695,2.0,972.0,5622.0,Transit,2023
HIP 113103 b,HIP 113103,7.610303,0.06899,1.829,4.0,721.0,4930.0,Transit,2023
TOI-1467 b,TOI-1467,5.97114713,0.050748,1.92,9.0,506.07,3834.0,Transit,2024
Kepler-319 d,Kepler-319,31.781925,0.191,2.29,5.86,528.0,5526.0,Transit,2014
Kepler-559 b,Kepler-559,17.58752333,0.1277,3.61,12.7,706.0,5630.0,Transit,2016
Kepler-1865 b,Kepler-1865,2.524009943,0.0344,1.57686072,3.11,1203.0,5420.0,Transit,2021
YZ Cet d,YZ Cet,4.65626,0.02851,1.03,1.09,356.7,3151.0,Radial Velocity,2017
CoRoT-30 b,CoRoT-30,9.06005,0.0844,11.309881,921.707,894.6,5650.0,Transit,2020
GJ 536 b,GJ 536,8.70874,0.0668,2.41,6.37,451.0,3641.0,Radial Velocity,2016
K2-343 b,K2-343,2.787174,,1.65,3.36,653.0,3804.0,Transit,2021
ITG 15 b,ITG 15 A,,435.0,12.1,6674.396547,2601.0,,Imaging,2024
HD 224018 b,HD 224018,10.6413,0.0952,0.91,4.1,968.0,5784.0,Radial Velocity,2025
Kepler-404 b,Kepler-404,11.829851,0.102,1.27,2.15,730.0,5654.0,Transit,2014
TOI-1669 c,TOI-1669,2.6800535,0.0376,2.2963977,13.0,1285.16,5497.0,Transit,2024
TOI-1846 b,TOI-1846,3.9306737,0.03646,1.792,3.87,568.1,3568.0,Transit,2025
Kepler-529 b,Kepler-529,1.980357663,0.0309,1.86,4.12,1662.0,6087.0,Transit,2016
Kepler-334 d,Kepler-334,25.09849,0.168,1.41,2.57,656.0,5828.0,Transit,2014
Kepler-908 b,Kepler-908,1.340597468,0.02526,1.22,1.98,1783.0,5973.0,Transit,2016
TOI-2202 b,TOI-2202,11.9126075,0.09564,10.95117414,287.31687993,652.07,5169.0,Transit,2021
Kepler-856 b,Kepler-856,8.027680595,0.0787,9.3,63.3,824.0,5535.0,Transit,2016
Kepler-1940 b,Kepler-1940,4.950610161,0.0525,1.54732469,3.01,885.0,5431.0,Transit,2021
Kepler-65 b,Kepler-65,2.15491,0.035,1.42,2.4,1740.0,6211.0,Transit,2012
PDS 70 c,PDS 70,,34.3,22.19378179,2383.7130525,1054.0,4109.0,Imaging,2019
Kepler-651 b,Kepler-651,21.38521506,0.14078,2.37,6.21,574.0,5522.0,Transit,2016
K2-277 b,K2-277,6.326768,0.0664,2.18575124,7.4,1049.0,5680.0,Transit,2018
K2-266 c,K2-266,7.814,0.0679,0.705,0.29013072,664.5,4285.0,Transit,2018
Kepler-1065 c,Kepler-1065,2.37030743,0.0344,1.6,3.19,1256.0,5635.0,Transit,2016
Kepler-1897 b,Kepler-1897,24.22030067,0.1546,2.81407954,8.32,505.0,5165.0,Transit,2021
HD 35759 b,HD 35759,82.467,0.389,13.0,1195.0408,621.56,6060.0,Radial Velocity,2016
BD-14 3065 b,BD-14 3065 A,4.2889731,0.0656,21.59,3932.0,2001.0,6935.0,Transit,2024
Kepler-942 b,Kepler-942,44.96417488,0.22737,2.13,5.18,379.0,4861.0,Transit,2016
Kepler-1235 b,Kepler-1235,4.16055856,0.04836,0.79,0.418,985.0,5541.0,Transit,2016
Kepler-402 e,Kepler-402,11.242861,0.102,1.46,2.73,931.0,6090.0,Transit,2014
KELT-17 b,KELT-17,3.0801716,0.04881,17.093725,416.3573,2087.0,7454.0,Transit,2016
Kepler-391 c,Kepler-391,20.501,0.164,2.88,450.0,662.0,5038.0,Transit,2014
Kepler-1096 b,Kepler-1096,2.892217506,0.034,1.24,2.07,794.0,4306.0,Transit,2016
Kepler-544 b,Kepler-544,21.41616926,0.15482,2.12,5.14,748.0,6206.0,Transit,2016
Kepler-390 b,Kepler-390,6.738088,0.065,0.82,0.477,786.0,5166.0,Transit,2014
Kepler-534 b,Kepler-534,15.95994513,0.1272,2.24,5.65,721.0,5884.0,Transit,2016
Kepler-1953 b,Kepler-1953,6.245659828,0.0607,1.28574667,2.2,731.0,4858.0,Transit,2021
TOI-880 c,TOI-880,6.3872703,0.0635,4.95,21.7,805.0,5050.0,Transit,2025
TOI-1269 c,TOI-1269,9.23786144195,,2.22999162,5.6,757.0,5554.02,Transit,2026
HIP 14810 c,HIP 14810,147.747,0.549,13.6,416.3573,373.22,5544.0,Radial Velocity,2006
Kepler-703 b,Kepler-703,4.583521756,0.0535,8.2,51.1,1038.0,6185.0,Transit,2016
Kepler-1956 b,Kepler-1956,5.943719864,0.0563,1.08940238,1.32,674.0,4391.0,Transit,2021
Kepler-46 b,Kepler-46,33.60134,0.1968,9.057,1907.0,543.0,5155.0,Transit,2012
Kepler-1032 b,Kepler-1032,3.290117953,0.0361,1.87,4.16,802.0,4647.0,Transit,2016
HD 165155 b,HD 165155,434.5,1.13,13.2,918.5287,239.9,5426.0,Radial Velocity,2016
TOI-628 b,TOI-628,3.4095675,0.0486,11.88154,2011.8639,1586.0,6250.0,Transit,2021
HD 36384 b,HD 36384,490.0,1.3,12.7,2097.6674862,1032.58,3940.0,Radial Velocity,2023
Kepler-1307 b,Kepler-1307,18.01621096,0.1369,2.47,6.66,768.0,5884.0,Transit,2016
Kepler-538 b,Kepler-538,81.73778,0.3554,2.215,12.9,417.0,5534.0,Transit,2016
Kepler-642 b,Kepler-642,4.41745855,0.05631,2.9,8.75,1810.0,6570.0,Transit,2016
K2-334 b,K2-334,5.113981,,5.65,27.2,1380.0,6502.0,Transit,2021
K2-358 b,K2-358,11.2510285,0.0863,2.68,7.65,888.0,5650.0,Transit,2021
TOI-5350 b,TOI-5350,7.581367,0.0796,12.41955062,2094.48920213,1195.0,6220.0,Transit,2025
K2-138 c,K2-138,3.56004,0.04461,2.299,6.31,1012.0,5356.3,Transit,2017
Kepler-1742 b,Kepler-1742,49.47819901,0.2587,2.1782413,5.38,462.0,5776.0,Transit,2021
Kepler-1396 b,Kepler-1396,18.2206421,0.1406,2.07,4.94,786.0,6195.0,Transit,2016
HD 206893 c,HD 206893,2290.0,3.74,16.36511182,3527.8953177,1181.9,6500.0,Imaging,2022
TOI-654.01,TOI-654,1.527561,0.01944,2.378,8.71,794.0,3521.0,Transit,2024
Kepler-379 c,Kepler-379,62.784697,0.326,2.29,5.86,530.0,6054.0,Transit,2014
GJ 143 b,GJ 143,35.61253,0.1915,2.61,22.7,422.0,4640.0,Transit,2019
TOI-237 c,TOI-237,1.74486147,0.016,1.206,1.9,515.0,3226.0,Transit,2026
TOI-3682 b,TOI-3682,3.3462406,0.048,12.80065596,69.28659273,1657.0,5703.0,Transit,2025
Kepler-296 e,Kepler-296,34.14211,0.169,1.53,2.96,337.0,3740.0,Transit,2014
Kepler-227 b,Kepler-227,9.488015,0.09,3.11,9.85,793.0,5854.0,Transit,2014
TOI-1839 b,TOI-1839,1.42378440907,,2.21895097,5.56,1405.35,5315.91,Transit,2026
TOI-1105 b,TOI-1105,10.86818410933,,3.05823658,9.58,594.0,4678.46,Transit,2026
BD-06 1339 c,BD-06 1339,125.94,0.435,8.38,53.0,261.91,4324.0,Radial Velocity,2013
K2-37 c,K2-37,6.42966,0.06534,2.41,6.39,839.0,5352.0,Transit,2016
TOI-7149 b,TOI-7149,2.65206166,0.02603,13.2,224.0,593.0,3363.0,Transit,2025
TOI-1411 b,TOI-1411,1.4520527,0.02122,1.19880592,2.0,976.4,4115.0,Transit,2022
HD 76700 b,HD 76700,3.97097,0.05,9.6,66.7443,1424.61,5644.0,Radial Velocity,2002
HAT-P-39 b,HAT-P-39,3.54387,0.0509,17.609,190.372,1752.0,6430.0,Transit,2012
TOI-1794 b,TOI-1794,8.765528,0.082,3.29701268,8.7,992.91,5631.0,Transit,2024
TOI-2842 b,TOI-2842,3.5514058,0.0475,12.84549188,117.59651059,1471.0,5910.0,Transit,2023
Kepler-9 b,Kepler-9,19.23891,0.143,8.29,43.4,661.0,5774.0,Transit,2010
TOI-757 b,TOI-757,17.46819,0.122,2.5,10.5,641.0,5278.0,Transit,2024
Kepler-1147 b,Kepler-1147,10.62784997,0.0961,2.61,7.32,872.0,5941.0,Transit,2016
K2-147 b,K2-147,0.961939,0.01575,1.47286006,2.77,1077.0,3690.0,Transit,2018
Kepler-1684 b,Kepler-1684,47.7055,0.2253,2.87084792,8.6,347.0,4706.54,Transit,2020
Kepler-570 b,Kepler-570,4.301662003,0.0497,2.45,6.57,1009.0,5496.0,Transit,2016
Kepler-1719 b,Kepler-1719,6.149559975,0.06868,3.95000623,14.8,1287.0,5687.0,Transit,2021
K2-155 d,K2-155,40.718,0.1937,1.9,4.27,381.0,4258.0,Transit,2018
HD 219134 d,HD 219134,46.859,0.237,1.61,16.17,410.5,4699.0,Radial Velocity,2015
HD 23472 f,HD 23472,12.1621839,0.0906,1.137,0.77,630.0,4684.0,Transit,2022
Kepler-1517 b,Kepler-1517,5.546083665,0.078,9.76,68.7,2336.0,7010.0,Transit,2016
Kepler-347 c,Kepler-347,27.320871,0.183,1.75,3.71,705.0,6088.0,Transit,2014
GJ 96 b,GJ 96,73.94,0.291,4.67,19.66,257.81,3785.0,Radial Velocity,2018
HD 135694 b,HD 135694,15.923475568,0.124695,2.857,6.1,750.83,5712.0,Transit,2023
Kepler-103 b,Kepler-103,15.9653287,0.133,3.4857,11.67,973.0,6047.0,Transit,2014
TOI-2338 b,TOI-2338,22.65398,0.158,11.2089807,1900.61387386,799.0,5581.0,Transit,2023
K2-356 b,K2-356,21.0267366,0.1599,2.29,5.86,624.0,5568.0,Transit,2021
TOI-1450 A b,TOI-1450 A,2.0439274,,1.13,1.258,722.0,3437.0,Transit,2024
Kepler-1902 b,Kepler-1902,3.822220087,0.0385,1.17563613,1.74,601.0,3729.0,Transit,2021
Kepler-188 b,Kepler-188,2.061897,0.032,1.68,3.46,1463.0,6021.0,Transit,2014
Kepler-1305 b,Kepler-1305,13.5630972,0.1109,1.88,4.19,733.0,5701.0,Transit,2016
Kepler-1687 b,Kepler-1687,5.77954,0.0532,1.65623882,3.38,598.0,4132.0,Transit,2020
HD 87816 b,HD 87816,484.17,1.618,12.7,2142.16346318,567.39,4989.0,Radial Velocity,2025
Kepler-1627 b,Kepler-1627,7.20283653,0.0643,3.69,13.2,794.0,5445.0,Transit,2016
K2-95 b,K2-95,10.1346454,0.0525,3.31,11.0,474.0,3566.0,Transit,2016
TOI-132 b,TOI-132,2.1097019,0.026,3.42,22.4,1395.0,5397.0,Transit,2020
Kepler-1961 b,Kepler-1961,5.604710102,0.0588,1.6187808,3.25,866.0,5401.0,Transit,2021
Kepler-1654 b,Kepler-1654,1047.8356,2.026,9.180171,158.915,206.0,5597.0,Transit,2018
TOI-4029 b,TOI-4029,5.88498234631,,6.73756618,36.6,1142.0,5662.53,Transit,2026
Kepler-1904 b,Kepler-1904,4.577020168,0.0436,1.3904994,2.51,567.0,3805.0,Transit,2021
Kepler-610 c,Kepler-610,151.86392,0.5594,3.3,10.9,318.0,5943.0,Transit,2016
Kepler-903 b,Kepler-903,10.3507721,0.09081,2.01,4.7,842.0,5682.0,Transit,2016
HAT-P-41 b,HAT-P-41,2.69405,0.04258,22.97845,378.2177,1941.0,6390.0,Transit,2012
K2-331 b,K2-331,9.398977,,1.79,3.86,909.0,5994.0,Transit,2021
Kepler-192 c,Kepler-192,21.2234,0.15,2.79,8.2,623.0,5479.0,Transit,2014
Kepler-270 b,Kepler-270,11.476094,0.107,2.01,4.7,984.0,6067.0,Transit,2014
Kepler-393 c,Kepler-393,14.613612,0.124,1.33,2.33,901.0,6189.0,Transit,2014
Kepler-255 c,Kepler-255,9.946047,0.092,2.99,9.22,807.0,5573.0,Transit,2014
Kepler-283 c,Kepler-283,92.743711,0.341,1.82,3.97,240.0,4351.0,Transit,2014
Kepler-207 c,Kepler-207,3.071571,0.044,1.5,2.86,1556.0,5920.0,Transit,2014
K2-243 b,K2-243,11.54182,0.1087,2.17,5.35,1035.0,6570.0,Transit,2018
WASP-98 b,WASP-98,2.96264036,0.03762,12.823096,293.03926,1171.0,5473.0,Transit,2014
Kepler-1996 b,Kepler-1996,32.376183,0.1789,2.26,5.73,392.0,4580.0,Transit,2023
K2-138 e,K2-138,8.26146,0.0782,3.39,12.97,757.0,5356.3,Transit,2017
K2-193 b,K2-193,14.786889,0.1184,3.95,14.8,739.0,5817.0,Transit,2018
K2-133 d,K2-133,11.02454,0.07487,2.003,4.67,734.0,3655.0,Transit,2017
HD 38529 c,HD 38529,2127.60566,3.226,12.5,3299.05886466,258.56,5697.0,Radial Velocity,2000
Kepler-111 c,Kepler-111,224.77833,0.751,7.0840758,222.4798849,352.2,5914.0,Transit,2014
Kepler-1690 b,Kepler-1690,234.636,0.7097,2.81109223,8.3,267.0,5404.0,Transit,2020
Kepler-128 b,Kepler-128,15.0,0.12545,1.421,3.79,968.0,6072.0,Transit,2013
TOI-1249 b,TOI-1249,13.079151,0.109,3.2710301,11.9,726.89,5497.0,Transit,2024
TOI-1777.01,TOI-1777,14.650111974,0.119466,2.246,5.67,580.0,5859.0,Transit,2024
HIP 79431 b,HIP 79431,111.7,0.36,13.4,667.415,177.42,3191.0,Radial Velocity,2009
Kepler-1332 b,Kepler-1332,11.87456832,0.09915,1.37,2.45,728.0,5581.0,Transit,2016
Kepler-1450 b,Kepler-1450,54.5094166,0.2401,1.71,3.57,308.0,4524.0,Transit,2016
GJ 1061 d,GJ 1061,13.066,0.054,1.16,1.67,242.03,2953.0,Radial Velocity,2020
Kepler-1337 b,Kepler-1337,24.4002549,0.1441,2.41,6.39,437.0,4523.0,Transit,2016
HIP 71135 b,HIP 71135,87.19,0.335,4.55,18.8,285.11,4146.0,Radial Velocity,2019
gam Lib c,gam Lib,966.49,2.318,12.8,1662.56039702,543.71,4879.0,Radial Velocity,2018
CoRoT-32 b,CoRoT-32,6.71837,0.071,6.38913,47.6745,938.0,5970.0,Transit,2018
TOI-2096 b,TOI-2096,3.1190633,0.025,1.243,2.08,445.0,3300.0,Transit,2023
Kepler-325 c,Kepler-325,12.762172,0.105,2.54,6.99,721.0,5752.0,Transit,2014
Kepler-287 b,Kepler-287,20.342199,0.145,2.33,83.0,667.0,5806.0,Transit,2014
K2-129 b,K2-129,8.239493,0.057,1.04,1.12,419.19,3459.09,Transit,2017
HATS-29 b,HATS-29,4.6058749,0.05475,14.022459,207.54299,1212.0,5670.0,Transit,2016
HD 181234 b,HD 181234,7593.40512,7.427,12.5,2980.91262925,98.09,5386.0,Radial Velocity,2019
Kepler-292 c,Kepler-292,3.715335,0.045,1.47,2.76,1001.0,5299.0,Transit,2014
TOI-2986 b,TOI-2986,3.2783662,0.04489,9.292245,96.61983573,1622.0,5906.0,Transit,2025
Kepler-20 b,Kepler-20,3.6961049,0.04565,1.773,9.7,1187.0,5495.0,Transit,2011
TIC 147027702 b,TIC 147027702,44.40523,0.274,10.92875618,346.43296363,863.0,6410.0,Transit,2026
TOI-2459 b,TOI-2459,19.104718,,2.9531,9.03,445.01,4195.0,Transit,2023
HD 104985 b,HD 104985,199.68,0.715,12.8,1766.80811451,901.01,4738.0,Radial Velocity,2003
TIC 237913194 b,TIC 237913194,15.168865,0.1207,12.520453,617.22586,974.0,5788.0,Transit,2020
TIC 231949697 b,TIC 231949697,0.90720448719,,1.52831855,2.95,982.91,3451.32,Transit,2026
Kepler-68 e,Kepler-68,3455.0,4.6,11.2,86.4493267,147.35,5847.0,Radial Velocity,2023
K2-101 b,K2-101,14.6762429,0.1124,2.0,4.66,618.0,4927.0,Transit,2016
TOI-5210 b,TOI-5210,4.5661061,0.0557,10.72699453,81.99972901,1286.0,5723.0,Transit,2025
TOI-6130 b,TOI-6130,2.392679,0.036,14.3474953,333.71982735,1750.0,6110.0,Transit,2024
K2-3 d,K2-3,44.55603,0.2014,1.458,2.2,305.2,3844.0,Transit,2015
Kepler-1755 b,Kepler-1755,24.81209946,0.1668,5.91688317,29.4,631.0,6086.0,Transit,2021
K2-265 b,K2-265,2.36902,0.03359,1.70824866,7.3418362,1366.0,5420.0,Transit,2018
HD 52265 b,HD 52265,119.27,0.52,13.7,384.5743,405.0,6136.0,Radial Velocity,2000
HD 96127 b,HD 96127,638.9,1.41,13.0,1207.7479466,947.29,3943.0,Radial Velocity,2011
TOI-1789 b,TOI-1789,3.208664,0.04882,16.14093221,222.4798849,1927.0,5991.0,Transit,2021
K2-61 b,K2-61,2.57336,0.0392,1.92,4.35,1325.0,5748.0,Transit,2016
Kepler-135 b,Kepler-135,6.00253,0.067,1.81,3.93,1209.0,6090.0,Transit,2014
TOI-1937 A b,TOI-1937 A,0.94667944,0.01932,13.97759893,638.83509807,2097.0,5814.0,Transit,2023
Kepler-1173 b,Kepler-1173,0.7698536,0.0156,0.89,0.64,1650.0,5252.0,Transit,2016
HD 144899 b,HD 144899,40.43914,0.242,4.77,20.34101805,770.87,6126.0,Radial Velocity,2022
HD 23472 b,HD 23472,17.667087,0.1162,2.0,8.32,543.0,4684.0,Transit,2019
Kepler-105 b,Kepler-105,5.4122034,0.06016,2.53,10.8,1418.0,5933.0,Transit,2013
Kepler-1336 b,Kepler-1336,23.198681,0.15845,1.98,4.58,793.0,5512.0,Transit,2016
Kepler-1539 b,Kepler-1539,133.3036741,0.4765,2.7,7.75,301.0,5176.0,Transit,2016
K2-7 b,K2-7,28.6781,0.1867,4.03523305,15.3,786.0,5700.0,Transit,2015
Kepler-1870 b,Kepler-1870,3.606940031,0.0452,2.10143764,5.07,1046.0,5508.0,Transit,2021
HD 16905 b,HD 16905,10256.0,8.8,12.4,3591.4609991,69.63,4866.12,Radial Velocity,2022
K2-131 b,K2-131,0.3693038,0.00936,1.69,7.9,2223.0,5120.0,Transit,2017
Kepler-1562 b,Kepler-1562,64.2737752,0.3308,3.55,12.3,554.0,5760.0,Transit,2016
HAT-P-34 b,HAT-P-34,5.452654,0.06774,13.417173,1058.3739,1520.0,6442.0,Transit,2011
K2-254 b,K2-254,4.09639,0.0448,1.63,3.29,791.0,4629.0,Transit,2018
TOI-5592 b,TOI-5592,2.6085846,0.03935,17.14974047,285.72773789,1789.0,6237.0,Transit,2025
Kepler-20 f,Kepler-20,19.578328,0.1387,0.952,1.4,681.0,5495.0,Transit,2011
Kepler-1365 c,Kepler-1365,4.77468005,0.05701,0.8,0.437,1137.0,5770.0,Transit,2016
Kepler-68 b,Kepler-68,5.39875259,0.06135,2.357,8.03,1275.0,5847.0,Transit,2013
Kepler-928 b,Kepler-928,3.932461302,0.0444,1.59,3.15,894.0,4700.0,Transit,2016
6 Lyn b,6 Lyn,919.86,2.028,13.4,597.83523357,371.86,4941.0,Radial Velocity,2008
Kepler-1293 b,Kepler-1293,5.57654784,0.06763,0.97,0.871,1183.0,6241.0,Transit,2016
Kepler-676 b,Kepler-676,11.59822172,0.0798,3.04,9.48,396.0,3701.0,Transit,2016
Kepler-264 b,Kepler-264,40.806231,0.249,3.33,11.1,772.0,6158.0,Transit,2014
Kepler-795 b,Kepler-795,29.6193421,0.1803,1.68,3.46,580.0,5631.0,Transit,2016
CI Tau c,CI Tau,25.2,0.17,13.0,1144.1822652,610.62,3807.0,Radial Velocity,2024
HD 7449 b,HD 7449,1270.55195,2.438,12.6,2597.92939882,183.23,6024.0,Radial Velocity,2011
TOI-2421 b,TOI-2421,4.3474032,0.0543,10.36830715,105.83685953,1534.0,5607.0,Transit,2022
Kepler-52 b,Kepler-52,7.8773565,0.0637,2.1,135.0,553.0,4075.0,Transit,2012
TOI-6699 b,TOI-6699,5.32005926761,,2.32645266,6.02,976.0,4705.1,Transit,2026
Kepler-633 c,Kepler-633,23.78319931,0.16246,2.296,5.89,725.0,5877.0,Transit,2021
Kepler-165 c,Kepler-165,15.31299,0.11,2.23,5.6,581.0,5211.0,Transit,2014
Kepler-896 c,Kepler-896,29.5422566,0.1792,3.15,10.1,515.0,5510.0,Transit,2023
Kepler-240 b,Kepler-240,4.144495,0.048,1.37,2.45,864.0,4985.0,Transit,2014
Kepler-124 d,Kepler-124,30.950851,0.17,1.11,1.41,428.0,4984.0,Transit,2014
OGLE-2005-BLG-071L b,OGLE-2005-BLG-071L,,3.6,13.0,1200.0,55.0,,Microlensing,2005
Kepler-1118 b,Kepler-1118,38.6715075,0.2079,2.74,7.95,502.0,5688.0,Transit,2016
TOI-1716.01,TOI-1716,8.082376554,0.080496,3.143,10.0,959.0,5879.0,Transit,2024
Kepler-206 b,Kepler-206,7.781987,0.078,1.2,1.87,983.0,5764.0,Transit,2014
MOA-2007-BLG-400L b,MOA-2007-BLG-400L,,5.9,13.5,540.3082919,34.0,,Microlensing,2008
Kepler-1765 b,Kepler-1765,10.41889954,0.0917,2.49508857,6.78,855.0,5692.0,Transit,2021
Kepler-764 b,Kepler-764,7.33683936,0.0724,1.64,3.33,875.0,5557.0,Transit,2016
K2-72 d,K2-72,7.760178,0.05,1.01,1.01,416.92,3360.47,Transit,2016
Kepler-1080 b,Kepler-1080,77.2548396,0.3781,3.28,10.8,548.0,5956.0,Transit,2016
Kepler-1981 b,Kepler-1981,453.54212,1.3292,9.23,62.5,390.0,5874.0,Transit,2023
Kepler-11 f,Kepler-11,46.6888,0.25,2.49,2.0,513.0,5663.0,Transit,2010
TOI-406 c,TOI-406,3.307441,0.0322,1.32,2.08,584.0,3392.0,Transit,2024
WASP-85 A b,WASP-85 A,2.6556777,0.039,13.89916,402.05495,1452.0,6112.0,Transit,2016
Kepler-760 c,Kepler-760,2.46697439,0.03489,1.48,2.79,1139.0,5322.0,Transit,2016
TOI-5261 b,TOI-5261,4.1509768,0.05134,11.60129502,3651.84839643,1244.0,5790.0,Transit,2025
Kepler-1266 b,Kepler-1266,28.474748,0.16431,2.58,7.18,489.0,5044.0,Transit,2016
Kepler-962 b,Kepler-962,12.05707239,0.09874,1.97,4.54,689.0,5478.0,Transit,2016
K2-32 c,K2-32,20.66093,0.13843,3.134,8.1,634.0,5271.0,Transit,2016
Kepler-694 b,Kepler-694,6.365841612,0.0659,2.8,8.25,914.0,5700.0,Transit,2016
HD 143811 AB b,HD 143811 A,117000.0,63.0,15.69257298,1938.7532827,1042.0,6791.0,Imaging,2025
Kepler-1820 b,Kepler-1820,31.03249931,0.1964,3.11883067,9.9,561.0,5841.0,Transit,2021
TOI-1296 b,TOI-1296,3.9443736,0.051,14.11645916,95.3,1414.84,5567.0,Transit,2021
K2-32 e,K2-32,4.34934,0.04899,1.212,2.1,1066.0,5271.0,Transit,2019
Kepler-352 b,Kepler-352,10.05537,0.085,0.86,0.566,694.0,5212.0,Transit,2014
